Song lyrics	Mood	Offensive
jaha jaiyega hame paiyega	0	0
nazar ki zuban se samajh jaiyega	0	0
ga ke sunaye ham apni kahani	0	0
tere bina jiya jaye na	0	0
sine me dhadkan hai, baho me kangan hai	0	0
mohobbat nahi hai toh phir aur kya hai	0	0
mujhe dor koi khiche, teri or liye jaye	0	0
teri julfo ki aisi rangat hai	0	0
ye washington alabela newyork shahar ka mela	0	0
khuda ki kasam aaj paise vasul paise vasul 	0	0
vahi andhera hone par kyo sath chhod  chhup jaye	0	0
khulaa khulaa gagan ye hari bhari dharati	0	0
neki par chale aur badi se tale taki haste hue nikle dam 	0	0
hajir hai ye banda hukm karo	0	0
dusari ye shart hai hamari ki nain kisi se nahi ladaoge	0	0
yeh pal jo bit rahe hain inake nashe me, dil meraa gane laga hain	0	0
jao parades to, jaldi aana sajan	0	0
na jiite hai na marate bataao kyaa kare ham	0	0
jinaki nigaho ne ghayal kiya lege unhi se dil ki dava	0	0
saat saheliya khadi-khadi fariyad sunaye ghadi-ghadi	0	0
tu mujhse mai tujhse kuch kehte rahe	0	0
ansu ki sadi hain, ahon ki choli	0	0
mayake kee kabhee naa yad aaye, sasural me itana pyar mile	0	0
parabat bhi ho khade phir mil ke tal de	0	0
atka man apna ho atka man apna	0	0
kya karein dil ki jalan ko	0	0
apni to jaise-taise thodi aise yaa vaise	0	0
ho ude jab jab julfen teree 	0	0
tujhsa nahi hai koi harjayi ganv me	0	0
tum ho buddhu 	0	0
alla hu akabar alla	0	0
tumko kaise bhul gaya, dil ka yeh afsana	0	0
sachchi-jhuthi sahi chal jae thik hai	0	0
nind hai kya kaun si chiz jo maine tere pyar me khoyi nahi	0	0
dekh dekh dekh dekh mujh se na sharmaa	0	0
yeh gun gunatee wadiya, yeh phulo bharee daliya	0	0
aye panchee hum kismat ke maro ko	0	0
ab aur na jane meri taqadir me kya hai	0	0
kar de o goree jara aankho se ujaale	0	0
hum log khilaune hai ek aise khiladi ke	0	0
raho saath magar ehsaan karo jo mushkil hojae jeena 	0	0
tera mera pyar amar, phir kyo mujhko lagta hai dar	0	0
meri jan wah wah wah 	0	0
aahe bharu, ro ro maru	0	0
mala hindi nahi te bola marathi mai hu kaela are mai hu akela	0	0
meri sab kuchh meri taqdir meri zindagi	0	0
ra :	ham akele hai shahanaa_iyaan chup hai 	to kanganaa bolataa hai	0	0
mera sath kaha tak dogi tum  mai desh videsh ka banjara	0	0
tere ghar ke samne, aamne saamne, shaadi ke baad	0	0
ek tu na mila	0	0
to baki raha kya 	0	0
bada maja aaye mai manau or tu ruthe, or tu ruthe	0	0
ho o o o tadapta hai us par koi	0	0
ham dua bhi de to lage hai gaali	0	0
yammaa yammaa, yammaa yammaa, ye khubasurat samaa	0	0
nachte nachte aaj mar jaungi, jai shiv shankar	0	0
chhaliya mera naam	0	0
chhan se lekin anajane me chhanak gai painjaniya	0	0
aayi hain bahaaren mite zulm-o-sitam	0	0
achha is ka kaam nahin 	0	0
khuda ne khud banaya hai hame to aapki khaatir	0	0
li angdayi uth gayi bahe, tham gaye raste ruk gayi rahe  	0	0
sabji madi baraf padi thi baraf me lag gai thadi	0	0
aisee bate na karo hasin jadugar	0	0
aaj to jati hu mai le-le wada kal ka	0	0
jumme raat ko, haan haan aadhi raat ko	0	0
jalakar jo chhip gaya hai vo paravana dhundhati hun	0	0
mere tan pe pada jo saaya, phir kya hua	0	0
masti ke ghero me, khushabu ke dere me	0	0
ankhe samajhe	0	0
o ise mere hi tu naam laga de	0	0
mai anpadh tu likhi padhi kaise apni aankh ladi	0	0
aaj kal kaliya badi shokh hua karti hai	0	0
o chhup chhup ke mil jana	0	0
tadapaoge tadapa lo hum tadap tadap kar bhi 	0	0
dur se mil ke, chain naa aaye	0	0
khatm afasana hai aansuo ki zuba	0	0
oy tir kaman ho gayi, reshama jawan ho gayi	0	0
kahate hai log ki kharaab ham hai	0	0
bole kangana kisika o sajana jawani pe zor nahi	0	0
yaad tu aaye man ho jaaye bheed ke beech akela	0	0
mai tumhare liye aansu bhi hansi bhi laya	0	0
to hans ke wo boli abe nam se hai kya kam	0	0
bolo tumko ikraar hai, haan hai 	0	0
koyi jo mujhko haath lagaayega, haath na uske aaungi	0	0
ab to meri daasta ho tum	0	0
vo chanchal mukhda rehta hai	0	0
kaha ka ujala abhi vahi raat hai	0	0
jaadu banake teri aankho me rukaa chal naa sakaa	0	0
tere raste ki main yek dhul hun, ud jaunga	0	0
mehbuba ae mehbuba ho ho ho	0	0
ham mohabbat se	0	0
raat hasi hai javan hai nazare, jhum chale ham dil ke sahare	0	0
mai bhi tere saath hu, dil bhi tere saath	0	0
naam abdul hai mera, sab ki khabar rakhta hu	0	0
parvat ke is paar parvat ke us paar	0	0
rok legi koi dali meri baho ki tarah 	0	0
wo pyar ki kitab ho to kya bat hai	0	0
aa aa mil ke daman daman se bandh le	0	0
jhutha hai sara jahan, sachha teraa pyar hai	0	0
ji bhar ke tadapaale ji bhar ke pyaar kar ji bhar ke 	0	0
roz mai apane hi, pyaar ko samajhaaun	0	0
unchee unchee diwaro see, iss duniya kee rasme	0	0
chhod  do ye reet re	0	0
lo dil tham lo ai zami aasama ye muhabbat ki dasta suno	0	0
ab bhi teri zulf ke mast saaye	0	0
billi tota maina ki kahani bhi sunayengi	0	0
tu aur na mujh ko tarsana	0	0
o saathi chal mujhe leke saath chal tu yun hi din-raat chal tu	0	0
mai tulsi tere aangan ki 	0	0
dekh ke mujhako yun na lajao dil pe phir qabu na rahega	0	0
jo jisse mila sikha hamne, gairo ko bhi apnaya hamne 	0	0
jalane vaale chaahe jal jal marege	0	0
jogan nadiya par ho diwani ka diwane se	0	0
haay ri qismat adhi qismat dekh saki naa meri-teri khushi	0	0
o gori nadiya ki dhaaro se khelu	0	0
sab kahte hai tune mera dil le liya	0	0
ke bhangda, ke bhangda 	0	0
do din jamana hai ye ye bahar to chali jayegi	0	0
todo matki ko or uncha or or or	0	0
pichhe pichhe sapno ke bhaage	0	0
hame jab naa honge toh aye dilruba	0	0
aate jaate huye mai sab pe nazar rakhta hu	0	0
mar jati bechari achchha 	0	0
kuchh ho gaya to phir na kahna	0	0
kanch ki chudiya, kanch ki chudiya  	0	0
vo kya hai, ek mandir hai	0	0
dhundo dhundo re sajana dhundo re sajana more kan ka bala, ho	0	0
ye rut ki rangraliya, ye phulo ki kaliya ro padi	0	0
rang badalate parwat ke dil mein	0	0
jaise motiyaa chameli, jaise pyaar ki haveli	0	0
charno me inko le aayi	0	0
garibo ki suno wo tumhari sunega 	0	0
nazar nahi churaanaa sanam	0	0
bala ek kuwari	0	0
phir koi dilwala kahe ko ghabaraye, trampam 	0	0
mai ye bhul jaunga mera dil	0	0
ke preet dilo me palti rahe	0	0
apane bimar pe, itana bhi sitam thik nahi 	0	0
tabahi to hamare dil pe aayi, aap kyo roye	0	0
prem kahani me ek ladka hota hai, ek ladki hoti hai	0	0
yaari chhute na tute na ha kar li to kar li	0	0
hans ke lipat gaye dono hua jab wada pyar kaa	0	0
thaa bachapan badaa aashikaanaa hamaaraa	0	0
bhadada to paao zara jat ji 	0	0
dil ki umange kya batlau	0	0
yuun chamak raha huun jaise koyi moon	0	0
tere bina zindagi bhi lekin, zindagi, to nahi	0	0
shor machadegi payal kamjat, haye	0	0
dooje ko phansa	0	0
e milnaa to nahi to nahi kuchh ek baar ka	0	0
hans ke sahungaa saare duniyaa ke ye gam	0	0
ek dil ek jaan hain ham tum, jamaana kya kahega	0	0
manzil tere pas khadi hai tu banhon me le le	0	0
ho jalta hain jiya mera bhigi-bhigi raato me	0	0
har koi ye samajhe hogi vo koi chachal hasina	0	0
chale ja, chale ja, chale ja, jaha pyar mile	0	0
gi: gate ho git kyun, dil pe kyun hath hai	0	0
aur phir jaise hi zara sa usne chhuan toh 	0	0
main ye kahta hu ki aaj kahi kho jaye	0	0
haay kalaiyaa naahi chhodi, phir kyaa huaa	0	0
haay wo reshmi zulfo se barasta pani	0	0
tumne mujhko hasna sikhaya	0	0
o jana kaho pyar hai tumse, han hai	0	0
jitanaa bhi dekhu tabiyat nahi bharati	0	0
pal me lut jata hai yu hi bah jata hai	0	0
par mardon ki zaat kaa koyi aitbaar hai	0	0
khana pina sath hai, marna jina sath hai	0	0
chhoad ke roji sang saheli  sajan ke ghar jane ke	0	0
ye to achchhaa huaa ke angur ko betaa naa huaa	0	0
baar baar baar baar baar baar karo intazaar karo 	0	0
thoda tum hansna thoda mai hansoongi 	0	0
sundari ban ke teri balamva, aaj toh mai laharaaungi	0	0
oo mitwa oo mitwa ye duniya to kya hai	0	0
nazar ban gayi hai, dil ki zaba	0	0
bure bhi ham, bhale bhi ham samajhiyo na kisi se kam	0	0
inhi logo ne le lina dupatta mera	0	0
musafir ki chalti phirti tasvir jaise	0	0
aur jhumenge dulhe raja, bhaiya raja	0	0
meri taraf jo utha hai tan ke 	0	0
maine maana ha	0	0
twist twist twist twist	0	0
radha kishan pe kabhi nam hamare nam hamare 	0	0
hire-moti tumane chhupaye kuch ham log na bole	0	0
jurm-e-ulfat pe hame log saza dete hai	0	0
yaa zindagani lutaa do 	0	0
vaise to har kadam milenge log sanam	0	0
le jayenge dulhe raja, bhaiya raja	0	0
guzare vo din kabhii	0	0
duniya teri yahi hai to duniya se mai chala	0	0
beimann hai, aaj mausam	0	0
taa thaiya ta thaiya o o, ta thaiya ta thaiya o o  	0	0
chhut gaya, chhut gaya, chhut gaya re	0	0
humko mili uski saza, hum jo khata kar na sake	0	0
band baja bajega dhum dhum dhum	0	0
lekin humara dil naa lagega	0	0
dekh dekh chakori ka man hua chanchal 	0	0
aaja re ab mera dil pukara ro ro ke gham bhi haara	0	0
are ye jina bhi koi jina hai lallu aain	0	0
dil ka khajana dungi tujhe, jiwan me ek baar aana singapur	0	0
saja me bhi ik pyar kaa silsila hai	0	0
jina kise kahte hai jee kar bhi nahi samjha	0	0
koyee bhee mere siwa gujre naa idhar se ha	0	0
oo teri rab ne bana di jodi teri rab ne	0	0
ho aise me kar pyar nile gagan ke sare badal 	0	0
haath kisike na aayi	0	0
tum ho aisi ada jis pe duniya fida	0	0
main tum baadal ban jaao	0	0
teri aankho se koi jaam piya tha maine	0	0
jisne man ka dip jalay 	0	0
jinki khaatir hum phirte hai deewane ban ke	0	0
isaka yaqin isaka yaqin	0	0
ho chur thakan sey hoke, jab sans naa chale	0	0
zara sa tedho ho jaa balma mhaaro pallo latake 	0	0
tum ho bade balwaan prabhuji meri laaj rakho	0	0
pyaar hogee nahee kya yeh puree	0	0
abb duwa arsh pe jati hai asar lane ko	0	0
bhula tu karake wade pipal ki chhav me	0	0
mere gam me na karaaho to koi baat nahi	0	0
shakkar me ye aate ki milaai maar gayi 	0	0
dekho ye dil ki ajab daastaa hai	0	0
kadmo pe tere koti koti pran chal pade	0	0
ye masti nahi sasti, dilwala hi boli lagaye, hay	0	0
dilabar o jan-e-janan gusse ke rup me lagati ho aur hasin	0	0
jane kya hua mujhko koi de dawa mujhko	0	0
vaade pe tere maaraa gayaa, bandaa mai sidhaa saadhaa	0	0
meri nazrein to gila karti hain	0	0
jisaki biwi chhoti usaka bhi bara nam hai, jisaki biwi chhoti 	0	0
anjane hotho par tu pahchane git hai 	0	0
are ye to meri himmat hai mai tadapi jaagi royi nahi	0	0
umedo ka savera samane mehphul hone du	0	0
honge raaje raajakunvar ham	0	0
dil me ye mere bas gai ai kudi fans gai 	0	0
premee bhanvre rangraliyo ke, kya kehte hain inn kaliyo se	0	0
kya kare woh jan kar anjan hain	0	0
dulhe ki bholi surat	0	0
kaisi chal chalai	0	0
chalo re doli uthaao kahaar	0	0
aawaj de rahee hain, manjil tuje suhanee	0	0
saaz-e-dil chhedo jaha me    (2) 	0	0
ho, zaraa koi bijali chamaki larazne lagaa hai man	0	0
mujhko aisa lagata hai jaise tum bulaate ho 	0	0
rok nahee sakatee najaro ko duniya bhar kee rasme	0	0
main nachu apne piya ke liye	0	0
aaj bhagwan se badkar havaldar ka dar 	0	0
kabhi mai dard jagati hu, kabhi mai jakhm mitati hu	0	0
sun ye paigaam, ye hai sangraam, jivan nahi hai sapnaa	0	0
ye filmo ke sitare ye filmo ke sitare  	0	0
teree rah par jo mai ruk gaya, mujhe rahee naa apanee khabar	0	0
doli me baith ke aegi jab tu sajan ke ghar sajani	0	0
yu jo sama behka behka ho, ham bhi zara behke to maza ho	0	0
ye vo beizzat chiz hai jo, bat jati hai izzatdaro me	0	0
sadhu bankar ye daaka daala	0	0
o rangila re	0	0
mama miya pom pom	0	0
nadiya dhire baho, dhire baho, nadiya dhire baho	0	0
ye manjile hai kaun see naa wo samajh sake naa ham	0	0
do divane, do divane, do divane, do divane	0	0
baant lenge hum aadha aadha 	0	0
san san hava dole ghunghat mora khole lage na jiya	0	0
mohabbat ke dam se hai duniya ye roshan 	0	0
ho kisi ke pyar me jo koi nahi koi nahi	0	0
sapne dikh ke tune ye kya kiya	0	0
nafrat ko dur hatao aur sabko gale lagao	0	0
kaha chaloge babu, kaha chaloge lala	0	0
shayar kahe shayari ki kasam, nahi nahi nahi	0	0
na tujhe yad karu na tujhe yad aau	0	0
jab bandhi prit ki dor jab bandhi prit ki dor	0	0
prem hai puja prem hi pujan	0	0
haay, naino vale ne, haay, naino vale	0	0
mauj manayenge sathi aao	0	0
jamana toh karwat badalata rahega	0	0
seekha hai humne jalke jalana, jalana	0	0
har dam teri khatir rahti hu bekal, bekal	0	0
hampe kyun is kadar bigadti ho	0	0
o hay hay are sach-sach mai kahti hu sun lo sabhi, sun lo sabhi	0	0
sach-jhuth ham kyun sabko bataaye	0	0
aag lagaye teri prit jagaye re nind na aaye	0	0
ek pyaali bhar ke maine, gam ke maare dil ko di	0	0
bante bante dulhan, prit hamari ulajhan ban gai	0	0
puja hain preet humari	0	0
mujhe tumse kuch bhi na chahiye	0	0
abhi poyazan khaataa hun	0	0
like a dimond in the sky	0	0
raam me kyun tune raavan ko dekhaa	0	0
aaye the bade armaan liye	0	0
phir ha karungi balama pehle main soch lu	0	0
roz hamne baiyaan ye fasaana kiya 	0	0
pranay jaga ke, hriday churaa ke	0	0
tu hai to andhere path me hume	0	0
duniya me logo ko dhokha kabhi ho jata hai	0	0
isake age ki ab dasta mujhase sun	0	0
jinahone pyar kiya hai	0	0
jab chalate hai is dharati pe hal mamataa agadaaiyaan leti hai	0	0
kya bhala to kya bura kamayabi me zindagi hai	0	0
udate panchee ka thikana udate panchee ka thikana	0	0
aankh hai ke maykado ki rani	0	0
paydon se milke gale	0	0
ye hal kab se tumhara ho gaya	0	0
apani dhun me magan, usake tan me agan	0	0
na ho yakeen azma le 	0	0
ham to samajhe the	0	0
chaahe koi dagar ho pyaar ki	0	0
jaan ke kasam sach kehte hai hum 	0	0
mere dil me tamanao kee 	0	0
tu na mili to ham jogi ban jayenge	0	0
phoolon se bachkar nikle aur kanton ko gale lagaya	0	0
jindagi hai bhul kar hi rah milti hai	0	0
ni nina nina nina nina nina nina aisa jalwa allaah	0	0
kheto pe chhayi jawaniya patto pe likhi kahaniya	0	0
chana zor garam babu 	0	0
mujhako apani baaho me aane de	0	0
khoyi khoyi zindagi har dam tera naam le	0	0
usi ke hi sine me bhokata kataar hai, e bhaai	0	0
fir naam le ishwar ka arjun arjun arjun mere arjun arjun	0	0
ai mere dilbar idhar najar kar, na ja bichhad kar	0	0
us par rup tera sada	0	0
har kadam par hain naye mod ka aagaz suno	0	0
koyi jab rah naa paye mere sang aaye	0	0
kaise bataaoon kis kis tarah se pal pal mujhe tu sataati	0	0
come fast come fast dont be slow	0	0
chirage muhabbat jalaaye bujhaaye	0	0
aaj chhedo mohabbat ki shehnaiya	0	0
ek ladaki divani ho gayi	0	0
ye to socho kyaa hoga jo pakde jayenge 	0	0
nigaah-e-gair se bhi, magar manasub ho tum	0	0
dil jo mile kiska tha qasur, dil jo mile kiska tha qasur	0	0
in phulo ke na bag lagana	0	0
ye sar phir bhi jhukaanaa hai	0	0
mehnadi lagi mere hath re mehnadi lagi mere hath	0	0
dekh nazar ki chaandani 	0	0
bhed khul jayega	0	0
mori kaya aise tadpe 	0	0
rahun usi mazil me 	0	0
use zindagi ka saliqa na aya	0	0
kyo na kha le phir apas me bant ke adha-adha 	0	0
hey raaju, hey daddy, raaju, daddy	0	0
one two cha cha cha, cross do cha cha cha	0	0
jo raate hamane guzaari marake 	0	0
ye bhigi-bhigi suhani fizaye kehti hai	0	0
manjil bhi dur hai, himmat bhi chur hai	0	0
aur gane me ye kahna chahta hu	0	0
kiya hai jo waada sab kuch aadha 	0	0
ye meri prem katha hai aur ye mai hu	0	0
kabhi dono jalate hai, kabhi dono bujhate hai	0	0
ke teri meri ke teri meri ke teri meri nahin nibhni	0	0
jahaan dhundhte sab hame chhote bade	0	0
naata joda	0	0
dha ma dha pagal se, ma re ma firte hai	0	0
naya khun hai nai umange ab hai nai javani	0	0
lo jee bhai sahab hamra pishta bahut achchha	0	0
jhum ke duniya kahe pyar me do dil mile	0	0
bich me baitha tha mai sab baithe the aaju-baju	0	0
chhule kadam to jhukke na phir aasman uthe	0	0
diya to zumei hain, roye hain bati	0	0
meri prem chakori se	0	0
jiyo to aise jiyo	0	0
kamare me bitha lo	0	0
isliye tu kahta hu ke kudi kudi	0	0
ho humse sanam kya parda, o humse sanam kya parda	0	0
gar khuda mujse kahe     (2)	0	0
gam kisi ko mila aur kisi ko khushi	0	0
jhula jhula esko lori suna	0	0
om shanti om, shanti shanti om	0	0
dil par baadal chaaye hain par aankho mein barsaat nahi	0	0
mere ghungharu bulate hai a mai nachun tu nacha	0	0
maine puchha jaam se, falak ho ya jamin	0	0
chalte-chalte sar-e-raah chalte-chalte	0	0
duniya ne vo jakham diya jo ban gaya gahara dag	0	0
chandan sa badan chanchal chitvan	0	0
wo banavat kee saree adayen liye	0	0
ek yahee bat na bhulee, julie i love u	0	0
dekh dharti se aakhash hai kitni dur	0	0
uchhal ke sarkas dikhalana	0	0
ke jaise sare zamane se ikhtiyaar mila	0	0
mujhe chhod  de dil tod de	0	0
jhuthaa hai teraa vaadaa !	0	0
maanga kiye hum ye duwa	0	0
ye aaj kal ke ladke likhte na padte hai aur fashion fir bhi dekho	0	0
udte phirte titli ban ke	0	0
tum chal rahe ho	0	0
mere paas aao ho mere paas aao	0	0
jaan jaye ki rahe baat nibha dete hai 	0	0
zinda rakha magar zindagi chhin li	0	0
tuta phuta dil ye hamaara jaisa bhee hai 	0	0
tumhi mere hatho ke gajro ki manzil	0	0
uf ye kya ho gaya josh hi josh me	0	0
har subah kiran ki laali, hain rang tere gaalo ka	0	0
hoooo aisa nahin hoga aisa hona ho to 	0	0
koi sahaaraa majhadhaare me mile vo,	0	0
kisko hai jarurat teree ai jamane ha	0	0
chum ke mere paanv maile vo hoga maila	0	0
jab andhera hota hai aadhi rat ke bad	0	0
apani prit atal, dekho apani prit atal, pal pal	0	0
upar hai, niche hai, kaha hai, yaha hai	0	0
chana zor garam chana zor garam babu 	0	0
sahara or kya hoga	0	0
kaho ji tum kya-kya, suno ji tum kya-kya	0	0
ye chaahe to sar pe bitha le chaahe phenk de niche	0	0
har ek des me nit nae bhes me, mai aashiq hun baharo ka	0	0
vaha jhumar tha yaha pandel hai vaha ghunghat tha yaha jalva hai	0	0
insaan kisi se duniya me, ek baar mohabbat karta hai	0	0
achha to wada karlo, aaoge kis din milne	0	0
apni dharti apna hai gagan ye mera hai mera hai vatan 	0	0
zajir padi mere haath	0	0
teree bahon me beeti har shyam 	0	0
gautam ashok akabar ne yaha pyaar ke phool khilaye 	0	0
muft me hi kaam na aise nikaalo	0	0
khili hui dhup me tare dekh rahi ho	0	0
niche aanchal ke, niche aanchal ke 	0	0
tu chiz ajab hai, oh baap gajab hai	0	0
jis ghar se bandhe hain bhag tere, us ghar me sada teraa raj rahe	0	0
ho gayi roshani	0	0
arre gaana aaye ya naa aaye gaana chaahiye	0	0
ki gori koi pasand na aaye tujhako	0	0
ye teri mohan si murat kar gayi mujhpe haye jadu tona	0	0
mana ke dosto ko nahi, mana ke dosto ko nahi 	0	0
sona chandi heere moti reh jayenge dhare tijori mein	0	0
zindagi gam ke seharaav me kho gai   	0	0
chhupi hai udaasi ke peeche hansi	0	0
zindagi kitni khubsurat hai	0	0
pathar ke dil ki dhadkan bhi jage	0	0
mere gito me apna nam soona ho	0	0
patthar pe tod du, patthar pe tod du	0	0
tere bina meri, mere bina teri	0	0
mewe ki tahni tut gayi to	0	0
kab kaise kya ho gaya ye baad me janoge tum	0	0
kaahe ko tu phire akela	0	0
sunne se pahle kya darna	0	0
oo dekho na chhedo is tarha, rasta kate phir kis tarha	0	0
dekho bato bato me pyar kee barato me, apna thikana ban gaya achchha	0	0
badalaa ye mausam, lage pyaaraa jag saaraa	0	0
tere dar pe aaya hu kuch kar ke jaunga	0	0
mai rangila pyar kaa rahee dur meree manjil	0	0
ram kare, ram kare	0	0
har janam me tujhe apna maana sanam 	0	0
bada hi cid hai	0	0
aa …	0	0
aa dekhen jara, kisme kitna hai dam	0	0
o asali hai kaun bhaiya	0	0
main hun tujh pe vari sajana sajana sajana 	0	0
dil pareshaan hai raat viraan hai	0	0
mardo ke liye har zulm rava, aurat ke liye rona bhi khata 	0	0
kahiye haatho me haath daal ae gul-chehra pari-jamaal	0	0
tum jaha khaoge thokar wahi paoge mujhe	0	0
mohe shaam rang da_i de	0	0
meri chhoti bahna najo ki pali shahjadi	0	0
ek dhanvan ne aaj apna dharam chhod  diya	0	0
jina hai saath yahana aaaa	0	0
ho jhuk-jhuk ke milata jahan, is zami se gale asaman	0	0
darling you haunt me, say do you want me	0	0
tera jalwa jisne dekha, wo tera ho gaya	0	0
phir bhi inn bachcho ki katir	0	0
inki nazaro me ek hai, mandir masjid gurudvaare	0	0
aag lagayegee rut masatanee	0	0
zindagi bhar nahi bhulegi	0	0
banege kisi ke kisi ke ho ke jaayege	0	0
are nahi nahi baba chay nahi pina, kyu kyu	0	0
kya parada kya jalava, ye dil tujhase hai mansub	0	0
koyee mitne waala ek aashik toh ho	0	0
kyu hua, jab hua, tab hua, o chhod o, ye na socho 	0	0
diwane log kahte hai	0	0
suhaanaa safar aur ye mausam hasi 	0	0
logn ko aate hain do najar ham magar	0	0
hu jalta hain jiya mera bhigi-bhigi raato me	0	0
chali aa tu chali aa, chali aa, aa tu chali aa	0	0
tum badlo pagadi	0	0
maine tujhpe neeyat dhar li maine hanskar haami bhar li	0	0
baat samajh meri kal ye umar teri	0	0
bachaao bachaao, are bhaago re bhaago, are bhaago 	0	0
deewana mujhko log	0	0
tere ghar ke samane	0	0
murjhaye na phul kahi 	0	0
ek saheli ka miya tha doctor, miya tha doctor, miya tha doctor	0	0
chandni raat me nazro se tujhe pyar karu	0	0
jisaki biwi kali usaka bhi bara nam hai, jisaki biwi kali	0	0
mera dil dhadaka	0	0
thar thar kaanpe hai tan man meri baiya dhar lo sajan	0	0
mar mitne me jaanam ham loga hai maahir	0	0
de rahe sab mujhe tera naam	0	0
hay re hay maine dekha	0	0
bahut shukriya badee meherbanee	0	0
raadha raadha ek ratan hai saans ki aavan jaavan ko	0	0
najara or kya hoga	0	0
sarkar ki ada dildar ban gayi, dildar banke gale ka haar ban gayi	0	0
yaad me teri yu bhi hua hai	0	0
bhalaa keejai bhalaa hogaa,	0	0
jab talak koi rangeen sahara na ho 	0	0
maine dekha hai ki phulo se ladi sakho me	0	0
ye duniya ke badalte rishte	0	0
bijli giri hay jadu bhari	0	0
ai sahibaan ha ha	0	0
waada kya nibhaayenge, sach hai bhai	0	0
tu jagi thi so gayi, so gayi	0	0
aaj hamari ek najar ne kya afat kar dali	0	0
likhane wale ne likh dale, milne ke saath nichode	0	0
ye deepak jalaa hai jalaa hi rahega	0	0
naa kapadaa naa lattaa hai	0	0
suraj na badla chand na 	0	0
arey, dekh idhar yaar dhyan kidhar hai	0	0
khil padi bas ek hasi piyaa tere pyaar ki	0	0
jo aaj hai aarzu meri wo kal teri aarzu hogi	0	0
jo svarg ne di dharati ko mai hu pyar ki vahi nishani	0	0
sapna ho jaye woh pura jo hamne dekha, yeh mere dil kee duwa hain	0	0
lachakati daaliyo tum phul vaaro bahaaro  	0	0
ji bhar ke tadapaale ji bhar ke pyaar kar	0	0
biti jaaye zidagaani kab aayegi tu	0	0
woh kankhiyo se unka hame dekhna 	0	0
naino ke ayine me tasvir hai tumhari	0	0
ha lakadi beche aur na samajhe 	0	0
sath ghumti hai nagin rat jhumti hai	0	0
likhane wale ne likh dale	0	0
ha ha shrimati ki, ho ho kalawati ki	0	0
aankhon ki roshni hardam ye samjhaye	0	0
laa laa laa laa laa laa 	0	0
kehna bhul jaaye meri ik bhul ko	0	0
chand sa mukhada kyun sharmaya	0	0
o chaand aasamaa ke, dam bhar zami pe aajaa	0	0
jaise laharaye nadiya ka pani	0	0
o sajana barakha bahara aayi	0	0
achchha sa ik nam de doon, rukasana, rukasana, rukasana	0	0
mele me aaya	0	0
mera pyar woh hain	0	0
mujhse hi mujhe churane wale, ha boom boom	0	0
meri taqdir mujhe kaha par le aayi hai 	0	0
kisne bulaya bina puchhe chala aaya, ise pakdo yeh chor kaun hai	0	0
mujhe chhod  de dil tod de, tera kya yaqik, nahi-nahi	0	0
yun to hamane laakh hasi dekhe hai	0	0
mere parde me lakh jalave hai	0	0
ye shab ye khvaab ye maahtaab ab to lage tadpaane	0	0
raat nashili mast samaa hai 	0	0
ab chaahe kaante mile ya kaliya	0	0
badhane lagi dil ki dhadakan behane dol raha kyo mera tan man	0	0
log jite hai yaha duniya ko dhoka dekar	0	0
zamana gam nahi gam nahi	0	0
puchho puchho puchho paravane se zara	0	0
yahan se nazara dekho parvato kaa	0	0
yaad kiya dil ne kaha ho tum	0	0
chaand agan barasaataa hai	0	0
kabhi kabhi mere dil me, khayal aata hai	0	0
kabhi apne bhi najar aate hai begaane se	0	0
ke aaja teri yaad aayi	0	0
o meri mehbuba mehbuba mehbuba 	0	0
ye jo public hai sab jaanati hai ye public hai	0	0
ho o mai tumko kya kahu, divana	0	0
aankho me basalo	0	0
doli chadh ke dulhan sasuraal chali doli chadh ke	0	0
muskuraate hue din bitana	0	0
kaancha re kaancha re, pyaar mera saancha	0	0
shadi ke phere hai saat aur hamari sharte saat	0	0
pite pite kabhi-kabhi yu jaam badal jaate hai	0	0
sheher se door nashe mein choor	0	0
ye mare hue hai ya jiwait 	0	0
har jalwa tha ik shola husn-e-yar ke sadke	0	0
phir un khwabo ki vadi se, uthte aankhe malte malte	0	0
pahale bhi bahut main tarsa hu	0	0
saragam ke phulo se tere, sapano ki sej sajaunga	0	0
pade inse kisi ka na paala paala	0	0
taras khao inpe ae aulad valo	0	0
tumhi kaho tumhe  ye bat kaise samajhau	0	0
na jhatko zulf se pani ye moti phut jayenge	0	0
mohe panghat pe ho	0	0
laakh chhudaya, saiyaan ne kalaiyaa naahi chho i	0	0
aise me kahi kya koi nahi	0	0
chale jaayenge jahan se hum, chale jaayenge jahan se hum	0	0
aaj ujad ke rah gaya	0	0
nagmagar dund le agar tujhko	0	0
baith ja baith gayi, khadi ho ja khadi ho gayi 	0	0
ham bhee aaye hain rahee banke pyar ke	0	0
tauba-tauba phir kya hoga 	0	0
apne khwabo me zindagi bhar le	0	0
hua anokha pyar ho diwani ka diwane se	0	0
man hi man me laddu fute, naino me fuljhadiya chhute	0	0
har ghadi mujhe ab yahi kaam hai	0	0
kehta hai dil aur machalta hai dil	0	0
samane mere sawariya	0	0
hoke majbur mujhe 	0	0
teri tu jaane re maane na maane re	0	0
bat dil ki jo ab tak tere dil me thi	0	0
dhadkan ka badhan to dhadakan se hai	0	0
jab pyar kiya to darana kya	0	0
main solah baras ki, main satrah baras ka	0	0
jo dekhu pichhe mudake to pag me paayal tadape	0	0
sa re ga ma pa pa pa pa pa pa pa pa pa pa dha ma re	0	0
de di hame aazadi bina khadag bina dhal	0	0
madhosh tum behosh hum chhaya ye kaisa nasha	0	0
kitne hi dhanavan mile dharti ke bhagvan mile	0	0
main paresha hu mujhe aur paresha na karo	0	0
rona hai bekar ka 	0	0
a lag ja gale dilruba 	0	0
dil se dil ke taar milaa lo, ai mere hamarahi	0	0
laal laal gaal, jaan ke hai laagu	0	0
aaj sham tu mere paas hai	0	0
jisaki biwi gori uska bhi bara nam hai	0	0
bani kisi ki dasi	0	0
ke mausam hai deewana, ke mausam hai deewana	0	0
khuda dil jalon ki, nazar se bachaye	0	0
mujhe hai ye aazaadi apani pyaari	0	0
lakh pahere yaha	0	0
achchha to ye dil hamara ho gaya	0	0
vo kaun hai, vo kaun hai	0	0
chanchal man me toofan aise me kar lo pyar 	0	0
dhadakano mai surur faila hai, rang najdik-o-dur faila hai 	0	0
khud kate gale sabke kahe isko business) - (2)	0	0
naye-purane aaj aur kal me bhed ye kisne daala hai	0	0
aaj hum jaise jigar waale kaha aaha	0	0
lagti siyaram siyaram siyaram siyaram	0	0
jaake baabul se, nazren milaaun kaise,	0	0
chali jaye sawaria kee gali re	0	0
sun lo aji sun lo ye jaadu ka tarana	0	0
aaj maalum hua pehle ye maalum na tha 	0	0
shadi aur tumse, shadi kaa iradaa hai	0	0
ik zinda rah kar marta hai, ik mar kar jeewan paata hai	0	0
jhume jhuke bhi jo na barse 	0	0
raat ki dulhan ke mathe, chanda ji ki bindiya	0	0
kee mai pichhe hu sau iltijan liye	0	0
nazar kaise milau	0	0
naina mere ansuan bhare puchh rahe chali hai kahan	0	0
ab ho gayi hai tu puri jawan logo bachao is kamine se	0	0
ankhen uthake jhukake guzro is gali se, aane jane walo se kahati hai	0	0
gesu khule zajir bane	0	0
koi diladar karata, koi pyar karata 	0	0
tum madhuban ke ramar sayaane	0	0
kadam kadam par girta hai	0	0
mere dildar sukriya sukriya	0	0
aa gale lag ja mere or chhod de ye dillagi	0	0
kaisa hu dil kaa kisi ne naa jana	0	0
mai to sabse teri bate	0	0
tik-tik tik-tik tik-tik tik-tik	0	0
reshami sej hai mehki huyi tanhayi hai	0	0
tod ke aaja ye unchi duniya ki diwar	0	0
ik pal vo mujhako akela na chhod e 	0	0
ham mit chale jinke liye, ham mit chale hai jinke liye	0	0
uttar dakhin purab 	0	0
bana khel mora bigad gayo re	0	0
shor mach gaya shor ho, dekho aya makhan chor	0	0
jara hogayi hai moti tabhi lagti hai chhoti	0	0
yeh kaun hai are kaun hai, yeh toh mai hu bhai	0	0
jane mujhe kya hua re kya hua re jane mujhe kya hua re  	0	0
mere chehre pe teri thahri thahri do aankhe aankhe aankhe 	0	0
ke ke ke o mainnu pyar kardi hai sade utte o mardi hai	0	0
mujhe pyar karo mujhe pyar karo	0	0
din gujarta hai raat dhalti hai zindagi	0	0
gam ne jo chheda dil ne hasi se honth si liye	0	0
suni baiyaa sajegi sajnaa	0	0
tu maike chali jaayegi main danda lekar aaunga 	0	0
tumko lage meri umar jiyo mere lal 	0	0
april fool banaya to unako gussa aya	0	0
ab to mummy ko daddy se chhudaana chaahiye	0	0
mat bhool aare insaan	0	0
kabhi kanto me jiya dil diya dard liya 	0	0
java dharati ke ajane kinaro ka, mai aashiq hun baharo ka	0	0
phulo kaa dil bhii kuchh badagumaan hai	0	0
sahaaraa mile jo tumhaari hansi kaa	0	0
duniya samjhi hum bichhad gaye	0	0
ab nikal jaayega dam, tere baaho me sanam	0	0
main pariyo ki raani kuku, meri chadhti jawani kuku	0	0
kaare badra tu na jaa na jaa bairi tu bides na jaa	0	0
aadha hai chandrama rat aadhee	0	0
zamana gam nahi gham nahi koi aaye koi	0	0
jhum jhum dhalti raat 	0	0
ki mara gaya ki mara gaya brahmachari	0	0
ham milege har ek mod par	0	0
haa divaana hun mai 	0	0
nain jhuk jhuk ke uthe	0	0
saaf chhupaaye na hai izhaar bada sharmila	0	0
tere dil me banaaya hain aashiya	0	0
ho bhai re	0	0
meri duniyaa, mere sapane, milege shaayad yahi	0	0
teri khaatir main tarsa yu jaise dharati saavan ko	0	0
aur is circus me - bade ko bhi, chote ko bhi	0	0
sath chale ham magar kya khabar	0	0
dil ki baat dil me jo chhupaai maar gayi	0	0
kanton bhare hain lekin, chahat ke raste	0	0
daal de bahe zaraa baho me	0	0
dekhu mai bhauchaka, meri topi	0	0
teri naam jhupi thi haan haan haan haan	0	0
main prit nagar kaa shehjada	0	0
in dono dushto ne milkar 	0	0
vo duniyaa more baabul kaa ghar	0	0
kaa karu sajani, aaye na baalam	0	0
tune nahi pi ha maine pi hai tune nahi pi ha maine pi hai	0	0
kharcha dahej ka bhi bach jaayega	0	0
chup ke se jhaanke chadaa	0	0
o shola badan o johra jabi 	0	0
gore haatho par naa julm karo	0	0
kya hasin mod par aa gayee jindgaanee	0	0
aah aah aaja, aa e e aaja, aah aah aa	0	0
bindiya chamakegi, chudi khanakegi	0	0
bas gaya pyar jispe tera	0	0
divane janjir se kya darana jane	0	0
log agar isse darte mujrim jurm na karte	0	0
duniyadari hil jayegi, fati jeb bhi sil jayegi	0	0
upar chale aaye hum wo nichhe reh gaye 	0	0
bina chidiya ka basera hai, na tera hai, na mera hai	0	0
magar kuch bhi ho ye jamane muhabbat karenge diwane	0	0
jaane kyaa maine suni	0	0
ulfat ka nasha jab ho hi gaya	0	0
vo pyaare din aur vo pyaari raate	0	0
raat suhaani hai bahaki javaani	0	0
isake har ghunt me poshidaa hai pine kaa mazaa	0	0
khane wale ka dil hota gul gul wah re wah re wah wah	0	0
aaj ki raat yeh kaisi rat ke hamko neend nahi aati	0	0
sab kahte hai maine tujhko dil de diya	0	0
ek chal ham bhi chal diye toh ho gaya sitam	0	0
tere bagair jahaan me koi kami si thi	0	0
laga hua tha mela re raahi mila akela re	0	0
jane kya-kya kehte hai, baate karte rahte hai	0	0
jadu jagaaungi nachungi gaaungi	0	0
sagar mile kaun se jal me koi jane na	0	0
manzil kahaan hai hame kyaa khabar		0	0
kya dekhate ho surat tumhari 	0	0
dukh ho ya sukh, jab sada sang rahe na koi	0	0
wo bhi mujhe karna pada	0	0
ye andha kanun hai ye andha kanun hai	0	0
aur bhala sach hai kya	0	0
mil jul ke raho aur pyaar karo, ek chiz yahi jo rahti hai	0	0
haye lal chunariya chal nirali, sar pe jhumar kan me bali	0	0
ari o potti kaha chali, palat meri anaar ki kali, badtamiz	0	0
tu nahi aa main nahi aa ab dil ek hai 	0	0
tute dil ka bandha sahara 	0	0
tumase hamako jo koi chura le	0	0
lena hai jo duniya se use chhin ke le le	0	0
hai aur bhi duniya me sukhnavar bahut achchhe	0	0
jab se hamne pina sikha, jina sikha marna sikha yaar aha	0	0
jawab tha kisi tamanna ka, likha toh hai magar adhura sa	0	0
jaise koyal ki kuhu jaise khile khushbu	0	0
o teri kasam jan-e-jaha, dil hai vahi tu hai jaha	0	0
aaj ki taza khabar aaj ki taza khabar	0	0
rah jayenge dhare tijori mein use khabar hai tune kya rakha	0	0
ladakpan khel mein khoyaa,	0	0
mai girata hu mujhe tham lo	0	0
ya ali	0	0
phulo jaisa chehra dali jaisa tan hai	0	0
lekin tum ho mere jaise main kaise kar loon yaqeen	0	0
charo taraf ishare chale, kisi ke toh ho jao	0	0
aur koi hamnava mil jaaye ye qismat nahi	0	0
jitni bhi jaldi ho main kar dunga iski shadi	0	0
hai nasha hi nasha kahi kho jaye aa 	0	0
zindagi lagti hai jali, ho zindagi lagati hai jali	0	0
bhukh lage to ye bachche ansu pi kar rah jate hain	0	0
pyar kiya koi chori nahi ki pyar kiya	0	0
jadugar baalma, ho jadugar baalma, ho jadugar baalma	0	0
	pyaar se puchhe kaun basaa hai tere dil me aa ke	0	0
chhed man ka sitaar raahi matwaale 	0	0
zara has ke dikhalao zara has ke dikhalao	0	0
rakkasa mera naam ae sahib sabko salam	0	0
babu samajho ishare hauran pukare pam pam pam	0	0
yade chhod  jaata hai	0	0
mai tujhase pyaar karun, o magar kaise aitabaar karun ?	0	0
ajib dastan hai ye kaha shuru kaha khatam	0	0
khun pasine ki jo milegi to khayenge 	0	0
pyar bina kya jina ye bhi koi zindagi hai	0	0
paraai hun paraai haan haan	0	0
tan bhigaa hai sar gilaa hai	0	0
mein hoon mein hoon mein hoon don	0	0
n o s e nose, nose maane naak, c r o w crow, crow maane kauva	0	0
tu ab se pahle sitaro me bas rahi thi kahi	0	0
baahar bah rahaa hai jharanaa divani	0	0
na hote muqabil na dil harate ham	0	0
bahi likh likh ke kyaa hogaa	0	0
kuch na bola, kuch na bola	0	0
o twinke twinkle little star	0	0
rakhunga main dil ke paas, mat ho meri jaan udaas	0	0
log mujhe kyu dete hai tana ha main hun biwi ka diwana	0	0
kaun baitha hai pahlu me aake	0	0
pada tha table pe chashma woh kiska janaab	0	0
vo santari hamara, vo pasaban hamara	0	0
jeete ji mar gaye wah ji wah	0	0
chal chameli baag mein,  jhula jhulaungi	0	0
dil bhul jaata hai jab kisi ko	0	0
koi kahe chand koi ankh ka tara 	0	0
jis tan se uge kopal ban kar, us tan ko zalil-o-khar kiya 	0	0
budha ho ya ho bachcha, kyon ho najar ka kachcha	0	0
ho rukte kahan hai dilwale 	0	0
jaise mere sapne bikhar ke	0	0
uff kya sitam hai bada besharm hai	0	0
tum sab sala log ka kismat ham sala badalega	0	0
na ho yakeen azma le	0	0
tika chadhega aur haldi lagegi	0	0
khilate hai gul yahaan	0	0
akhiyo ke jharokho se	0	0
ai mere hamsafar chahnevalo par vaqt ki meharbani ho gayi	0	0
tumhaari zulf hai yaa, sadak kaa mod hai ye ?	0	0
qismat ne ghumaaya hotal me pahunchaya	0	0
mera khoya hua rangin nazara de de	0	0
apne gajre ke har ek phul kee tarif suni	0	0
mai khushnasib hu	0	0
kuch na bolungi mai, mukh na kholungi mai 	0	0
hai raat apni, jo tum ho apne, kisi kaa phir hame dar kya	0	0
ke chaand bairee chhip jaane de jind meriye	0	0
jhutha hi sahi hire se jade tere nain bade	0	0
aasamani rag ki ankho me basane ka bahana dhudhate hai	0	0
jalakar jo chhip gaya hai vo paravana dhundhati hun	0	0
jhagdaa jiske saath kare, agle hi pal phir baat kare	0	0
chhu lene do naazuk hotho ko	0	0
yaro hasino ki gali se mai guzarata hun	0	0
o mujhe teri qasam yahi samaan maar gaya	0	0
ye mit ye sakhiyan sabhi dhundh rahi nigahein meri	0	0
kabhi tanhaiyo me yu humari yaad aayegi	0	0
bato se naa dil apne bhare aankho me kai sapne bhare	0	0
kharcha ho qafan ka na charcha ho dafan ka	0	0
par iski zarurat kya hogi ai maan	0	0
tumane nazar jo mila lii, bas gai duniya	0	0
tere naseeb mein main hoon ke nahi	0	0
mai hu, mai hu, mai hu, ha ji ha vo mai hu	0	0
har nazar apani bakad shauq gulaabi kar de	0	0
ye laakho gam ye tanahaai, mohabbat ki ye rusvaai	0	0
aiyo amma muthukodi kawadi hada amma 	0	0
bujhane lageen aarti kaa diyaa	0	0
apne apne miya pe sab ko bada naaaz hai	0	0
rah meree wohi jis pe duniya chali	0	0
mujhko tadpane wale ho tera bhala, jadugar balma	0	0
chunri bandh jaye teri mere rumal se	0	0
jhumka giraa re	0	0
itanaa kare kyun jhanjhat	0	0
ashqo me tera gam	0	0
yahaan to har chiz bikti hai	0	0
pi ki nagri le jaao kahaar	0	0
tum na ruthna ki ruth jayegi bahar	0	0
zindagi dene vale sun teri duniya se dil bhar gaya	0	0
    jivan bhar saath nibhaae -2	0	0
pyar ki rah mei phul bhi the magar	0	0
tujhako is mahafil me rusava na kar dun to to to to	0	0
hai chaar ke baraabar ye do taang wala	0	0
varkar ho yaa maalik mil ka, raat kaa pyasa, bhukha din kaa	0	0
chand si mahbooba ho meri	0	0
kaha jayenge ye mukaddar ke mare	0	0
sare shehar mein hami hai, humsa kaun hai	0	0
nahi koi gam mujhe nahi hai gila	0	0
haay raam ji rah nahi jaye	0	0
yeh parbato ke kafile yeh badalo kee toliya	0	0
koi rut bhi sada nahi kya hoga kuch pata nahi	0	0
teri nazar to chaand taaro pe aaj hai	0	0
dolat chham chham kamani, aa dolat chham chham kamani	0	0
woh shaakh hi na rahee	0	0
mar jayenge ham bhee kasam se	0	0
o maine chhod a zamana tere sath ho gai	0	0
man ko bhi dhan se tole dhanvan hai ye kuch aise 	0	0
ho saavan laharaaye	0	0
achi achi surto se najre ladayenge	0	0
duniya ne hamko diya kya, duniya se hamne liya kya	0	0
tera nam hi lena chhod diya	0	0
are, aksara aisa hota hai pahali pahali bar	0	0
kahe dhundhe raasta kotwaali ka	0	0
har baat me usaki tha vo asar, jo nahi baduk ki goli me	0	0
kuchh kho diyaa hai paa_i ke	0	0
ai yaar sun yari teri mujhe zindagi se bhi pyari hai 	0	0
phir thaami thi saajan tumne meri kalayi kyun	0	0
aur gale me phanda dalke har dukh se mukti lena	0	0
kise dekh kar haye sharmaayogee	0	0
par chinta ki koi baat nahi nahi hum hai tere sath	0	0
hain chaal me teri jalim, kuch aisi bala ka jadu	0	0
kayi baar aisa bhi dhokha huaa hai	0	0
agarbaagba se shararat na hoti agar	0	0
hamre bangla desh me, har gori ke lambe baal 	0	0
saaf bataaye na saaf chhupaaye na 	0	0
chuha bhi aaya bandar bhi aaya	0	0
o yaar hu hu o yaar hu hu 	0	0
hey ramji duhai shurpankha aayi	0	0
jane kaise abke yeh mausam bite	0	0
milta hai yaha sab kuchh ik milta nahee dil) - (2)	0	0
ek sada si sunoge chalte chalte	0	0
suna aangan tha jivan mera	0	0
lut le duniya ki baharo ko	0	0
yeh kya kiya saiya saware, o tune yeh kya kiya saiya saware	0	0
tere hi sapne lekar ke soya teri hi yaadon mein jaaga	0	0
disco eighty two disco eighty two 	0	0
kuchh bhi nahi	0	0
sa re ga ma pa pa pa pa pa pa dha ma re	0	0
bas baaki shaadi ke baad	0	0
chhod do sunana sadayen inkaar ki	0	0
ek ladka uda mem ka batua lekar	0	0
jinako jine se pahale hi maut a gayi	0	0
ho tera mera milan bada mushkil hai	0	0
mera nam rita christina ai ai ai ai ya	0	0
ik chiz maangte hai 	0	0
thandi thandi hava puchhe unka pata	0	0
dil tera ho rahega gar too ise apna ley	0	0
ye hotho ki jawaan masti ye aankho ka hasin jaadu	0	0
ab tak to jo bhi dost mile bevafaa mile  	0	0
ye intzaar bhi ek imtiha hota hai	0	0
mai dushman to nahi	0	0
nind ke ik jhoke se, nind ke ik jhoke se	0	0
aadha hai chandrama	0	0
lagata hai, muddat se mere habib ho	0	0
ek apni dagar ek apna nagar, ek apni kahani ho gayi	0	0
picnic hai dilwaalon ki	0	0
tamanna bun rahi thi dhadakno ke tar barso se	0	0
raat ki rok lo raat ki baat hai 	0	0
dil ko ye dar hai pahalaa safar hai in alabeli raaho me	0	0
are e badhan hai pyaar kaa	0	0
kaha kaha se maski teri kurti resam wali	0	0
pardes mein raahi jaise	0	0
daddy maafi maangoge, mujhko chhat par taangoge	0	0
ha main hun biwi ka diwana are to kya hua	0	0
deewar-o-dar ka rang, yeh aanchal, yeh pairhan	0	0
ab dhun mere jeewan ki kuch sur me sunaayi de 	0	0
ki mai maut se khelanaa chaahataa hu, vafaa 	0	0
ye bate, ye rate bhul jaye ham	0	0
aaya mausam bahaar ka rakh le dil bekaraar ka	0	0
ki tere bin mar jaavaa, mai tainu pyaar karanaa	0	0
yeh kaisa dastur yahan, yeh kaisa dastur yahan	0	0
pehne woh ghaghra ek paisa daam hai	0	0
sambhalo hosh ke dariya ka gahra pani hai	0	0
dil ki ye dil ki ye	0	0
ooei ooei meri in nigaho me	0	0
main teri sautan laaunga, tum dekhti rahiyo	0	0
ye kahane ai hai sou machhaliya kinaro par	0	0
parada nahi jab koi khuda se bado se parada karana kya	0	0
doli chadh ke dulhan sasuraal chali doli chadh ke	0	0
garmi sardi patjhad aur albeli ritu bahar	0	0
zulfe hai yaa badaliyaa	0	0
jaate ho jaane jaana	0	0
tu hai to andhere path me hume, ho	0	0
pyar manga hai tumhi se naa inkar karo	0	0
ek nanhaa-saa diyaa, usane hamalaa kiyaa 	0	0
tumse nahee ruthenge kabhee	0	0
ho kothadi aneri de vich, ik lalaten jag payi ye	0	0
mujhko aankho se thodi pila de	0	0
tu hi dil me tu hi dil me 	0	0
kahakashan chand sitaren tere chumeinge kadam	0	0
kitanaa hai mushqil dil se yaar ko bhulaanaa	0	0
kyun naa puje is maati ko jo jivan kaa sukh deti hai	0	0
thappad thappad 	0	0
chhu kar	0	0
kisiko nazar se pilayi gayi hai	0	0
ho gaya dila ka, puraja-puraja lage pachasi jhatake	0	0
kisi ka pyar kya tu berukhi ko tarse	0	0
parvat ko dhul bana denge 	0	0
kisi ko pake mere dil ka haal mat puchho	0	0
samundar or kinaro par	0	0
kya karu, kya karu, ai gham-e-dil kya karu	0	0
kyu pyar ko samjhe gunaho me	0	0
humare sang sang chale gangaa ki lahre	0	0
ho, tamannaa lut gayi 	0	0
chhed le tu bhi dil ke taaro ko	0	0
kya janu girke sambhalna	0	0
chal mein lachak daiya re daiya	0	0
tan pe langoti pet me roti sone ko ek khatiya 	0	0
avatar payambar janati hai, phir bhi shaitan ki beti hai 	0	0
tu mera raja	0	0
pyar kiya to darana kya jab pyar kiya to darana kya	0	0
husn ishk ki raaho me baaho me nigaho me 	0	0
kyu sanwari hain ye chandan ki chita mere liye	0	0
wafa ke bandhan tute, wafa ke bandhan tute	0	0
bahaaro ki manzil raahi  	0	0
ik rasta hai jindagi jo tham gaye toh kuchh nahi	0	0
tum ho jaha saajan meri duniya hai vahi pe	0	0
yahi hai, yahi hai, yahi hai chhaanv dhup	0	0
tum agar meri nahi ho to paraai bhi nahi	0	0
are, inape zavani lutaa do 	0	0
duniya ko usne hi ujala paya	0	0
ya nagama gunja hoga bahar ka	0	0
jal jaaye jo mujhe chhu le	0	0
kis liye kis liye ho o 	0	0
aaj tak chaand ke daman ko na pahuncha koi 	0	0
hay garibo ki majburi kya kya ye sah jate hain	0	0
hum bhi chalenge saiya sang tumhare 	0	0
jo teri zulf ke saaye me so gaya	0	0
are chhodo bahana oonhun	0	0
koi chiz apani hui hai parai	0	0
qitab-e-dil pe likhi hui hai tumhari chahat ki ek rachana 	0	0
mujh me sama ke ye kya kiya	0	0
itni bhi betabi kya	0	0
ruk jaa zara ha kidhar ko chala ha	0	0
gazal mujhko banaya hai banakar aapko shayar	0	0
ye purab hai purabavale, har jaan ki kimat janate hai 	0	0
je ham tum chori ai huzur	0	0
bhag talaiyya, duniya mane o duniya mane, haiyya ho haiyya	0	0
aaja aa bhi ja ho 	0	0
ek chiz qayamat bhi hain, logo se suna karte the	0	0
aji aisaa maukaa phir kahaan milegaa	0	0
jo na ban sake mai wo bat hu	0	0
aaj ki duniya me iman ki kimat kya hai  	0	0
khushi se koi jita hai khushi se usko jine do	0	0
main ho gayi tumhari	0	0
kaate chun chun ke bikharai kaliya	0	0
mai har ek shaiy se najrein churata rahu	0	0
aur bhala sach hai kya, sab sach hai 	0	0
sun jake teri duniya se mai aaungi 	0	0
dhundhe tera pyar raste raste	0	0
dil dhundhta hai fir wahi	0	0
o pachataogi kuchh aise 	0	0
kahi raah me ho na jana judaa	0	0
dhadkan ka badhan to dhadkan se hai	0	0
madhuban me radhika nache re, madhuban me radhika 	0	0
dhundhe naina char raste raste	0	0
jo puchungi btaogi, btaungi	0	0
tum chale jao nahi to kuchh na kuchh ho jayega	0	0
tum roothi raho main manata rahu	0	0
khaaoge jab thokar, hotho se chum lungi	0	0
roshni ab jivan me aayi	0	0
suno ji meharban, hoge na tum jaha, vaha	0	0
rangila re, tere rang mein, yu ranga hain, mera man	0	0
oh what do you want	0	0
banki banki hai udan hai umar bhee javan	0	0
bigdi ho to bana de aa ja o rukti ho to chala de aaja	0	0
ooei ooei aisi mulakatein ho 	0	0
aankhon mein hai chaman ki jawan raat ka suroor	0	0
matlab ke liye andhe hokar roti ko nahi puja hamne 	0	0
saiyaan ne jab chhedaa mujhko, ho gai haathaapaayi	0	0
o matwali aankhowale o alabele dilwale	0	0
ui mai mar gayi laaj ke mare dekha kis andaaz se ho	0	0
maine pina sikh liya, maine pina sikh liya	0	0
kuch log yahan par lete hai kano ka nazar se kam	0	0
man ka sagar kou na jane, kou na jane, haiyya ho haiyya	0	0
saavan aayaa aajaa saavan aayaa aajaa	0	0
aa mil ke hum dhum macha de	0	0
kab tak hum aahe bharenge	0	0
ye wakt ki hera feri hai	0	0
tim tim tim	0	0
haiya o ganga maiya, haiya o ganga maiya	0	0
badan pe sitaare lapate huye	0	0
palako ki palaki me bahana ko bitha ke	0	0
chopati jayenge na bhelpuri khayenge	0	0
aur daanto me ungli ka daabna	0	0
usane ghabarake nazar lakh bachai hogi	0	0
me to beghar hu apne ghar le chalo	0	0
hohoho sab ke din phir jayenge aaaaa	0	0
ho kaha jaiho nindiya chura ke chori-chori	0	0
phir bhi jaane kyo	0	0
ho dil ki tamanna thi masti me manzil se bhi dur nikalte	0	0
hay hay, kha naa jaye 	0	0
kitni der se maun hai ye	0	0
dhundh legi yeh chakori re, o piya	0	0
ye biraha ye duri, do pal ki majburi	0	0
tum dur-dur rahiyo o o	0	0
jaise baje dhun koyee raat me halke halke	0	0
jayiyo kahaan ai huzur	0	0
ek to bapu shishe jaisi chikni mer ijawani	0	0
bhigaa bhigaa 	0	0
chup gayi hai tu khusbu banke shayad in kaliyo me	0	0
agar mai ladki hoti, agar mai ladki hoti	0	0
ek jhalak me hua ye haal ki mai 	0	0
bahut ranjur hai yeh, gamo se chur hai yeh	0	0
tu bhukh mita le	0	0
like fire life is slow	0	0
hai kaun see aisee majburi	0	0
kuch hai aankho ka rishta gussa ikraar ka hai ye	0	0
	0	0
