Song lyrics	Mood	Offensive
aur meri usaki kahi mulakat ho mulakat ho	0	0
khoe ho kis liye, aisi kya bat hai	0	0
thande thande paani se nahaana chaahiye 	0	0
tere kheto me jaye tere hal bhi chalaye	0	0
milna bichadna reet yahi hai	0	0
ambar pe hai dhara swayam aur phir bhi too ghabraye	0	0
hai mujhme bhi aisa anokha sa jadu	0	0
jivan sudharu re, o pyara pyara jivan sudharu re	0	0
kya kahun kya karun me pareshan hu	0	0
jaha mile pyar wahi mere, ho jaye nisar 	0	0
main hu prem rogi	0	0
kadka hai tera dildaar sajni, dildaar sajni	0	0
dhum macha ke chhod unga	0	0
dil ek mandir hai dil ek mandir hai	0	0
pipal ki chhaiya ho pipal ki chhaiya	0	0
wo humse harenge, hum baji marenge 	0	0
aur hai, koyi chor hai 	0	0
ho gayi ab barha paiso ki duvani	0	0
mere haatho tho tho me haath daal ae gul-chehra pari-jamaal	0	0
dam bhar ke liye to aa jaa	0	0
prem kaa aisa bandhan hai 	0	0
are nahi bhai nahi	0	0
ye kali jab talak phool ban ke khile	0	0
teri-meri ek jindadi o mere saiya	0	0
matlab to hai nind se chahe badhiya ho ya ghatiya 	0	0
humare sang sang chale gangaa ki lahre	0	0
ye zindagi ik lambaa safar, pal bhar ke sab hamasafar	0	0
sath hamare chale barati mai to hu munne ka hathi	0	0
is pyaar me sach jhuth ka tum faisla kar na sake	0	0
phir bhi vo maalik par karta nahi vaar hai	0	0
nazaren to uthaa kar dekho	0	0
tumamen hai jo baat kisi mein dekhi naa wo baat kahin	0	0
mai ye iqaraar karata hun, mai tujhase pyaar karata hun	0	0
nam par mere jab ansu nikal ae hoge	0	0
arre ganaa aaye ya na aaye gaana chaahiye	0	0
kahne lagi, kya kahne lagi, are kahane lagi	0	0
ho aaja piya	0	0
bade miya diwane aise naa bano	0	0
aaj amerika ne atam ka udaya ghoda	0	0
dil me jagi prit ki jwala, jabse maine hosh sambhala	0	0
dono taraf aag lagi, aisi lagi bujh na saki	0	0
tujhe khich kar apane dil se laga lun	0	0
anken meri nilam jaisi pyar ke do paimane	0	0
mohabbat mohabbat mohabbat mohabbat	0	0
ye asaman ye zami ye fiza ye nazare	0	0
dil diya dard liya dil diya dard liya	0	0
maine puchha chand se ke 	0	0
jiske pichhe sansaar chala 	0	0
kah sakta hu, u hu abhi nahi	0	0
na ishk hame hai duniya se	0	0
aaja aaja re, tujhko meraa pyar pukare	0	0
mai hu pardesi, sun le phir na kehna	0	0
kya kya na kiya dil diya dard liya	0	0
main sur me wo taal me, ye jangal paataal me	0	0
chandani me naha ke aayi ho	0	0
kaap uthenge mere lab dekhna	0	0
are aisa jhataka lage jiya pe punar janam hoi jay	0	0
oo de na dir dir dha ni ta dha re dim dim ta na na	0	0
kabhi dono hansate hai, kabhi dono rote hai	0	0
meri khusiya mere sapne hai jinda yahi	0	0
tu rang hai mai hun khushbu gul khilate hai apne milan se	0	0
dil bhi hai ghar bhi hai pathar me vo la jawani	0	0
mu: saavan kaa mahinaa, pavan kare sor	0	0
ram ke bhakt rahim ke bade	0	0
kabhi apne vatan ka	0	0
kaun hai waha jo kare tera intezaar	0	0
sar hath peh rakh ke, sathi purane aaye	0	0
dil kee juban re dil kee juban re	0	0
aankho me ye paani leke chale	0	0
kahi se koi sadaa na aai 	0	0
o o o o	0	0
bura man gaye	0	0
	phir se aas bandhaa jaa re	0	0
koi bas itna bata de kaha chala aaya	0	0
laati hai aise mod pe, kismat kabhi-kabhi	0	0
ab chaahe sar phute ya maatha	0	0
zarurat hai zarurat hai, zarurat hai	0	0
aha ha ha ha ha meraa salaam le ja	0	0
are ankh na kaal maro jine de jine de	0	0
are bichda hai dildar mera	0	0
bach ke sahil pe rehna hain mushkil	0	0
yar mere mat bura	0	0
saathi hai ye mere naam ke, nain ye nigode kis kaam ke 	0	0
ik ladaki	0	0
 karti hu har pal, har pal	0	0
jawani ek lahar hai, jawani ek nasha hai	0	0
ye jag saara nind se haara, mohe nind na aayi	0	0
mein hoon mein hoon mein hoon don	0	0
lagta nahi hai dil yaha, lagta nahi hai dil yaha	0	0
tumne mujhko hasna sikhaya aa oo	0	0
yahalla yahalla u ya allah, yahalla yahalla u ya allah 	0	0
baat nikli, to har ik baat pe rona 	0	0
mera naam raju gharana anam bahti hai ganga jaha mera dhaam	0	0
ab kya misaal doon	0	0
jaapaani pariya muskaraye	0	0
yaha kal kyaa ho kisne jaana	0	0
bechain udhar tu hai, to majbur idhar hum	0	0
jane kab se dekh rahi thi mai to sapne tere	0	0
maine jo uthaya ghunghat buddha gussa kha gaya	0	0
tum chale aao, tum chale aao	0	0
prit bhari baani, saaj meraa bole	0	0
kahi benarji kahi mukarji	0	0
nari hoke piye whisky 	0	0
aai rut ye suhani barsa pahle bhi pani	0	0
kabhi pyaar nahi marta hai paagal premi ye jaane	0	0
shor machane lagi man me	0	0
wa re rang lagaya iske baal to dekho 	0	0
hum hindustani hum hindustani	0	0
aaho ke baadal thaam le 	0	0
baje bin bin nache bekaraar, hum saap saap tu sapera hai	0	0
ab nibhana sajan, mat bhulana sajan	0	0
utar aa ai ghataa kaajal, laga in pyaari aankho me	0	0
hamako dhalate dhalate samajhaa rahi hai	0	0
ma dha ga ma ma ga re sa	0	0
sare insaan simat aaye khuli baaho me	0	0
khayalo me tu mujhko lake karta to hoga dil joyi	0	0
chaar dino mein isne kitne rishte naate jode	0	0
gam ye hai tune mujhe na pahachaanaa, na pahachaanaa	0	0
tera naam liya jab tak bhi jiya ae shama tera parwana	0	0
ik ghar banaunga, tere ghar ke samane	0	0
mai woh nahi	0	0
chalte-chalte chalte-chalte	0	0
badi mushkilo se phir sambhlata hai dil	0	0
kaali-kaali taambu hai, kaali-kaali ghera hai	0	0
chand yad reh jate hain uname se kuchh log bhul jate hain	0	0
hum kaha gaye the jane hai sari ngariya hum kaha gaye the	0	0
kahi bite na ye raate, kahi bite na ye din	0	0
lo ban gayaa nasib ke tum ham se aa mile	0	0
o chala chala chala chala, makhan chor nandkisor	0	0
la: pavan kare sor	0	0
lahro me kho ja ojhal tu ho ja 	0	0
naye jagat se hum bhi nata jod chuke hai	0	0
mai ho gayi kisi ki, koyi mera ho gaya	0	0
chhup-chhup ke aane wale tere pyar ke sadke	0	0
aag agni ke phere lgakar	0	0
aye nikat nikat hai samaysya vikat	0	0
dekhe hame nasib se ab apane kyaa mile	0	0
mai nashe me hu jiska bada bhai ho sharabi	0	0
are bol raadha bol sangam hoga ki nahi	0	0
zara sa ghughata upar pher dikhaade mo ko bhi ye maal	0	0
o gore jo ginti me hai thode 	0	0
diwane hai diwano ko na ghar chaahiye na dar chaahiye	0	0
divana nahi ajana	0	0
suno mister, suno bandhu, yeh hai bombay meree jan	0	0
lyrics typed by: rekha panghal	0	0
	ujalaa-ujalaa narm saveraa ruh me meri jhaanke -2	0	0
dukh ke anader dabi hui hai 	0	0
na ja na ja na ja na ja	0	0
kaun des kis or jaau mai man mera samajh na paaye	0	0
ye khidki 	0	0
mai bhi akela or tum bhi akeli ho	0	0
main main main	0	0
tumare tan ki chhaayaa, kaajal bani palak me	0	0
yaar sambhal kar chala karo	0	0
zara sa usne chhuan toh main ha maine 	0	0
ye rog lailaaj sahi, phir bhi kuch karao	0	0
badtamiz kaho ya kaho jaanvar mera dil tere dil pe fida ho gaya	0	0
koi tufano se kah de, mil gaya saahil mujhe	0	0
tere mere prem ki hai rekha	0	0
chal akela, chal akela, chal akela	0	0
mujhe sathi bana le, haa	0	0
ham chale gaye	0	0
dil apna	0	0
ek saheli ka miya kolhapuri, miya kolhapuri, miya kolhapuri	0	0
ajnabee, ajnabee, ajnabee	0	0
jine nahi denge tere naina kajrare	0	0
tum toh banho me rahogee apne sajan kee	0	0
apna apna hissa hai apna apna kissa hai	0	0
mere mehboob tujhe	0	0
ho maajhi re  maajhi re 	0	0
milne me ab kya muskil hai, teri meri ek manzil hai	0	0
ham jo hare dil ki baji, ye teri hi har hai	0	0
ai dil-e-nadaan, ai dil-e-nadaan	0	0
meri taarife karna, haan	0	0
o tut ke rah gayo dank utar gayo bichhua	0	0
gam kos dur ho jaataa hai khushiyo ke kaval muskaate hai	0	0
pyar ka sahara kafi hai	0	0
pagal mujhe kar diya	0	0
ruk ja rat thhahar ja re chanda, bite naa milan kee bela	0	0
uss dharti pe maine janam liya	0	0
vo sama lajavab hota hai	0	0
haay wo dil hi nahi jo na dhadakna jaane	0	0
are himmat karke aage aao duniya hogi tumse razi	0	0
to ham ye saare jahan se kah de, huzurevaala	0	0
apni to jaise-taise thodi aise ya vaise kat jaaegi	0	0
khayalo me bhi tum na aao to jane	0	0
mai aai aai aai aai aa jaa	0	0
tere mere bich me duniya aa gayi hai 	0	0
itna na mujhse tu pyar badha ke mai ek badal avara	0	0
rakkasa tera naam ye sahib sabko salam	0	0
chhuriya chal jaye	0	0
andher nahi par dher hai andher nahi par dher hai	0	0
ye to shahar mastana 	0	0
nahi jispe kaabu ye hai kaisa jaadu	0	0
khushi me bhi ankhe bhigote hai ansu	0	0
ho jungli jiska nam pyar mohabbat kya samjhaye	0	0
chhora gaga kinarevala, chhora gaga kinarevala	0	0
aakhir tut jata hai tut jata hai tut jata hai	0	0
dukho ko bant kar kyun in dukho ko kam nahi karte	0	0
kitane hai kushiyaan, aur kitane gam hai	0	0
haye chakori ka man jaise jalta hai  	0	0
kaisi maaya-rup re	0	0
pyaar kar le 	0	0
tumhari baho me rehna mera arman ho gaya	0	0
meri lahar-lahar pe likhi hai is desh ki amar kahani 	0	0
kha gaya, lekin aap to zinda hain 	0	0
sabhytaa jahaa pahle aai 	0	0
chaandni se taraasha badan allah allah	0	0
main sharmaungi aise 	0	0
karnatak sangit karnatak sangit	0	0
ghum aaya ganga jamana lekin abb tak hai pyasi	0	0
raamaa gajab dhaae, ye purava_iyaa	0	0
zamaane ke bazar me ye vo shah hai 	0	0
baat puraani hai, ek kahaani hai	0	0
jaa pyaar karne waale teri khair nahin	0	0
nind nigaahon ki kho jaati hai	0	0
jabse dekha maine tujhko, mujhko bandagi aa gai	0	0
mai tere pyar me pagal aise ghumti hu	0	0
baato ka andaz pyara teri baato ka andaz pyara	0	0
 zara bol dhima dhima zara bol dhima dhima	0	0
singapur singapur singapur 	0	0
man ki gali mein mehke jo hardum aisi juhi ki kali tu	0	0
o o 	0	0
are nahin nahin nahin nahin	0	0
tamanna ko mitakar chal diye	0	0
jitna hi jaoon main door tujhse utni hi tu paas aaye	0	0
har dil me dekho	0	0
mera haal suna to, mere saath ye kaliya ro padi	0	0
yeh dushamni hain tum dosti naa samjho	0	0
sadiyo se meri dhara pyar ki dharati sinche 	0	0
jaldi naihar se le jaao kahaar	0	0
tumhe meri qasam aaoge na	0	0
mai aur tu phul baharo se nikala chand sitaro se nikala 	0	0
aaha aali re aali kolhapur vali, aaigo	0	0
roz tumne naya ek bahaana kiya  	0	0
banata hai meraa kam tumhare hee kam se	0	0
gumshuda kushiyo pe kyo hairan hai, vaqt laute iska kab imtehan hai	0	0
aai ho kaha se gori aankho me pyar le ke	0	0
me to jagti hu lekin hai majburi	0	0
har chij hai dolat walo ki, har chij hai dolat walo ki	0	0
tera nasiba hai taqdir meri	0	0
ohfo ye tum kya kah rahe ho	0	0
na koi aage ha ji, na koi pichhe ha ji	0	0
tujh sang prit lagayi sajana	0	0
aaja tere hatho me mehadi laga dun	0	0
mere kiye se kuchh nahi tere kiye se kuchh nahi	0	0
jite hai pyar sey, marate hai pyar sey	0	0
o main phulo ki raani main bahaaro ki saheli	0	0
sa re ga ma pa ma ga re sa 	0	0
aankhe bichaye ja, miljul ke gaye ja	0	0
himmat hai to aa jaa ye bhalaayi ki dagar hai	0	0
jaise koi madira bhar de khali paymano me	0	0
rang chadhaaya maine milkar us dilbar jaani se	0	0
tune vo de diya gam, be maut mar gaye ham	0	0
haye haye re kismat	0	0
jo aaj hain woh kabhee na tha, yeh chaman pe ujala nikhar	0	0
jinaki aahate suni, jaane kisake ye kadam	0	0
sabse pahale usne dekha pyar hamara	0	0
hamen kaash tumse mohabbat na hoti	0	0
rach gaya rup is me tera	0	0
ye kya hua, kaise hua, kab hua 	0	0
pyar ke mitte bol sunaye 	0	0
kam naye nit geet banana geet bana ke jaha ko sunana	0	0
aasha jhume jiwan nache 	0	0
tere darshan sabse pyare	0	0
baat to jab hai ke tu mai kaa paraskaar bane 	0	0
ji uthe ham jab se teri bah aayi bah me	0	0
gori kahe machave shor sone ka chabutra uspe nache mor	0	0
nanadi me dekhi hai bahana ki surat 	0	0
kahaa kab kyaa kisi se, tumhe kuchh yaad nahi	0	0
ai yaar sun yari teri mujhe zindagi se bhi pyari hai   	0	0
dil diya dard liya 	0	0
use mere samane tod do	0	0
koi apna nahi beshare hai hum	0	0
meri bheegi-bheegi si	0	0
raz ki bat keh du to jane mahfil me jane mahfil me 	0	0
meri dilruba dilruba mere paas aa, nahi-nahi	0	0
chut jata hai chut jata hai	0	0
kahaani hamaari haqeeqat naa hoti	0	0
gale se laga le ki aur mera koyi nahi	0	0
ghar ka mere chirag hai boota sa yeh badan	0	0
tabhi se chalti hai dil pe haaye talwaar si	0	0
chaha hai tumane jis bavari ko	0	0
ke jaise bajati hai shahnaiya si raho me	0	0
(teri nagariyaa ruk na sakun mai	0	0
yeh bhi mushkil hain toh kya aasan hai	0	0
chhala pade aag jaise chaand pe jo haath lage	0	0
ulfat ka jaam le ja	0	0
main surki ka rang ban ke  	0	0
meri ye duniya hasin jannat hai tumase tumase 	0	0
o hasina zulfo vali janejahan		0	0
or waqt ki hera feri hai or waqt ki hera feri hai	0	0
koi rangeela sathi mil jaye	0	0
piya aadhee hai pyaar kee bhaasha	0	0
bigadega saare kaam mujhe buddha mil gaya	0	0
ab na jaane raamaa kaise bitegi umariyaa	0	0
surat sey pehchane mujhko jamana	0	0
dhadak raha hain dil toh kya dil ki dhadkane na gin	0	0
nazaro se puchho mera fasana	0	0
sun le meri duhai kar le aaj sagai	0	0
teri hi baaho me soi rahun	0	0
yaad na aana warna mujhko neend na aayengi	0	0
ambar sara laga hilne	0	0
dil kaise de du mai jogi ke badi badnami hogi	0	0
to iska matlab matlab hai ke hai ke 	0	0
mohabbat ki raho me mil ke chale the	0	0
sar pe hai bojh, sine me aag, lab par dhuan hai jaano	0	0
rang banke rahenge in fizaa me 	0	0
chali-chali re patang meree chali re	0	0
haan phool si mahak daiya re daiya	0	0
jamke rakhna kadam mere sathiya	0	0
yeh mera diwanapan hai, ya mohabbat ka surur	0	0
mat rahna ankhiyo ke sahare 	0	0
saari duniyaa chhod  ke pichhe	0	0
tu tode ke jode tu rakhe ke chhod e ye dil kiya tere havale	0	0
dil de baithi mai haye dhokha kha gayi	0	0
kothe se lagado	0	0
o haar meri jit bani prit bani	0	0
or agar wo sath me rahti 	0	0
khabar khabardar ha chhup chhup ke 	0	0
kahi badal na jaanaa sanam	0	0
ke yu hi nahi khate hum in ki kasam	0	0
ab tum poochho kaun hai ye	0	0
ha ha ha inn adaao kaa jamaana bhee hai divaana	0	0
ye nazar laut ke fir aayegi	0	0
hamne mit kar tumko sikhalaa di	0	0
najare toh uthake dekh jara, tere samane yeh divana hai	0	0
ye pahali nazar kaa uf kya asar hai	0	0
jo wafa bhi kam naa aa sake	0	0
brrrr jai jai shiv shankar kaanta lage na kankar	0	0
kabhee dal idhar bhee phera 	0	0
ho dubala patla chalega, ada tirchha chalega 	0	0
maine sifr khayaalo se, khwaabo ki sej sajaai hai	0	0
jhula, kagan jhula, chadan jhula, jhula jhula jhula jhula 	0	0
gam ke maare pukare kise hum	0	0
baar-baar rona aur gaana yaha padta hai	0	0
chupke se dil de de nayi te	0	0
dhdakane lage dil ke taaro ki duniyaa	0	0
ye teri hai na meri hai ye teri hai na meri hai	0	0
rup saha nahi jaaye nakhre waali ka, hoy	0	0
jo dekhte ho woh yar ko ley jaye	0	0
nazar aaun yaa naa aaun, tere paas hugi mai bhi	0	0
ek qadam aage cha cha cha, ek qadam pichhe cha cha cha	0	0
badla na badla re asaman	0	0
aur uske baad - maa nahi, baap nahi	0	0
roop ki thandi chaanv mein armanon ke ganv mein 	0	0
kas kar pure jor se phir maine sailyut jo mara	0	0
kismat ke badle roti di, usko bhi ehsaan kaha	0	0
somvar ko hum mile	0	0
who are truly true	0	0
yeh baharo kaa dilkash sama ga raha hai	0	0
beqaraar beqaraar beqaraar karo beqaraar karo 	0	0
is jahaa me kahi bhi basera nahi 	0	0
chhathi shart to suniye	0	0
bahan paraye desh basi ho, agar wo tum tak pahunch na paye	0	0
khataa ho ga_i mujhase kaasid mere 	0	0
ham tufan me daal ke kashti dub ke paar utar jaaye	0	0
ho tod ke aaja ye unchi duniya ki diwar	0	0
rote hai mohabbat vale agartum samjhte	0	0
he kya soch rahi ho, hun main, han-han 	0	0
naina uthae to pyar samajho	0	0
badnam na ho pyar mera, aaja re	0	0
khushi ho ya ghum baant lenge hum aadha aadha	0	0
de re na re de re na re de re na	0	0
chamakat jaise damani chanchal, pyari chhab lage re	0	0
jaane hayaa jaane ada chhodo tarsaana	0	0
le jana sandesh, le jana sandesh	0	0
baiyaan meri tham ke	0	0
aaapyar mein dil pe maar de goli le le meri jaan aaa	0	0
pyar maine kiya kya gunaah kar diya tum socho zara tumako meri qasam	0	0
to chhat par aaja goriye jind meriye	0	0
zindagi ek pyaas banakar rah gayi 	0	0
jane mehfil me fir kya ho	0	0
koi kinaaraa jo kinaare se mile vo,	0	0
teri ye ada mujhe pasand hai	0	0
tere khayalo se ise aabad karenge, tujhe yad karenge	0	0
gujarati hai yun zindgani, yahi pyar ki hai kahani	0	0
gale mile sab yaha pe aakar nahi bhed gore-kalo ka	0	0
aaj chale ham chhod ake tujhko 	0	0
na jana chandni me ye badan maila na ho jaye	0	0
chin-o-arab hamara, hindostan hamara	0	0
do mulaqato me tujhko sau bahane aa gaye, he he he he he he	0	0
milti hai zindagi me mohabbat kabhi-kabhi	0	0
in barsato me ek badal hota hai, ek bijali hoti hai	0	0
kachche dhaage se mai bandha aaya aise	0	0
wo husn zamino par takdir se aaya hai	0	0
mai nadiya phir bhi mai pyasi, bhed ye gahra baat zara si	0	0
chal ud ja re panchhi	0	0
ye angrezi 	0	0
( jhum baraabar jhum sharaabi, jhum baraabar jhum ) -3	0	0
gunj uthi chham-chham chham, meri payal ki jhakar	0	0
teri boli sunkar sur jaage, sur jaage	0	0
shikava nahi shikava nahi, shikava nahi	0	0
o kaisi aag laga gayo paapi bichhua	0	0
apna to khun paani jina-marana bemaani 	0	0
ho, yah hai daravaza tu jahaan khadi hai	0	0
tujhe dekh ke jogi bhi bhogi ban jayenge	0	0
vo gati hai ye gana vo gati hai ye gana 	0	0
kee hakikat naa ban jaaye meree kahaanee	0	0
main duja byaah rachaaunga 	0	0
ser karenge sadko pe jaise do dil mile pyar me	0	0
bachche bado se behatar	0	0
hawao par karo gussa jo takarati hai zulfo se	0	0
bhaye na man ko chaina balam 	0	0
nain hamare tum sang laage 	0	0
rang tere me ye tan rang liya	0	0
tabiyat thik thi aur dil bhi beqraar na tha 	0	0
sher-o-shararat ki ye nazar	0	0
maine kaha samajha nahi, usne kaha qismat teri 	0	0
sau me se ek hai baat pate ki din ho surila to raat maze ki	0	0
tu le ja ise dulha ban ke dulha ban ke	0	0
aise to nahi usake rag me dhali mai	0	0
de re na re de re na re de re na	0	0
har koyi deta hai dil najrana sultaana	0	0
gum ki ghata ye chat jayegi, raho se diwar fat jayegi	0	0
sidhe dilli jaunga	0	0
banke hazaar kar takraar sab kuchh hai bekaar 	0	0
kab se khada hu pyasa pyas bujhaao ji	0	0
nach meri jan fata fat fat, bat meri man fata fat fat 	0	0
din bhi yaha to lage, baras ke smman	0	0
mausam bita jaye, mausam bita jaye	0	0
meri topi, meri topi	0	0
agar duniyaa chaman hoti	0	0
sona le ja re chandi le ja re	0	0
ham dil se gaye, ham jaan se gaye	0	0
doshh tera hai ye to, har din jab dekho, karati ho jhuthe vade	0	0
tujhe hamne mana hai apna hi saiyya	0	0
vo kya aisi baat hai, hume bhi bataiye	0	0
ki aaya savan ho jhum ke, aaya savan ho jhum ke	0	0
chale pyaar ke nagme gate hai ghar kisi dil ki dilli me	0	0
us ko nahi dekha humne kabhi	0	0
ye sevak hai swami ka	0	0
mai hu mujarim yeh agar hosh se begana huwa	0	0
mangta hai to aaja rasiya nahi to mai ye chali 	0	0
hamko dar hai ke ye tauhin-e-muhabbat hogi, muhabbat hogi	0	0
aa jaa aa ja ghar more piya	0	0
suno to zara dhadkane mere dil ki	0	0
aa gale lag ja mere or chhod de ye dillagi	0	0
hum aadha aadha 	0	0
man me liye udasi	0	0
meri ja meri ja pyar	0	0
kya rakha us par na ja tu o rahi albele	0	0
har har gange, har har gange, har har gange	0	0
pyaar mujhe tadapaataa hai, pyaar mujhe tadapaataa hai	0	0
bida, bida, bayara, bayara	0	0
is dil ka ye armaan hai, isme humari jaan hai	0	0
waha kaun hai tera	0	0
ghum me jalne ke siwa aur muhabbat kya hai	0	0
mast mast har najar dard ban ke chhayegee	0	0
are, phir kyaa huaa	0	0
ye sach nahi ye jhuth hai	0	0
to ham ye saare jahan se kah de	0	0
haye pyar ki chandani gori hai gori hi rahne do	0	0
ek khwaab sa dekha tha hamne, jab aankh khuli woh tut gaya	0	0
ye shahar bada alabela har taraf hasino ka mela	0	0
halke halke chalo saanvare 	0	0
aai shaam suhaani	0	0
thukaraogo thukara lo hum thokar kha kar bhi 	0	0
aisa hua asar,aisa hua asar	0	0
driver ki biwi na banana kabhi, na banana kabhi	0	0
gujan me kya, man me kya tha	0	0
aag aur pani ka sangam ho to kya anjam ho, ho ho aa ha ho ho	0	0
bula raha hai bajakar suro kaa baja	0	0
wo bhulkar bhi yaad aaata hai	0	0
rakh de mujhako tu apna divana kar ke	0	0
hum tum yug yug se ye geet milan ke 	0	0
dil bhi hai teraa, jaan bhi hai teri	0	0
chaal suhani chal ke deekhaye	0	0
hindostan hamara	0	0
apne do haatho se kamaaya hua khaane-vaale	0	0
kaali palak piya mori khulane lagi hai thodi-thodi	0	0
teri nazar se mai sab dekhta hu	0	0
lekin sab se pehle hindustani, hindustani	0	0
ek do cha cha cha aise, bahut achchhaa	0	0
ham se darti ho kyon aahe bharti kyon	0	0
jisse tujhe aaj bhi nafrat hogi	0	0
prem jagat me sabse purani sabse purani 	0	0
nasha daulat kaa aisa bhee kya	0	0
duniya hui hai viraan	0	0
phir bhi tere dam se mohabbat hai	0	0
ki in adaao pe aur pyaar aata hai	0	0
sachchaayi maar gayi, sachchaayi maar gayi, aur 	0	0
dil pe khichi hai tere kaajal ki rekhaa	0	0
sach batla tu nache kiske liye	0	0
tumhe mil gaya thikana, hame maut bhi na aayi	0	0
lukana chhupana kya janey ham hod me aanchal ki	0	0
ganja hai to kya hai vo mere sir ka taj hai	0	0
dil ne sathi mere chahat mein the 	0	0
kali kali chudiya hai, gore gore hath me	0	0
ghode ki taang tut gayi to	0	0
tabiyat thik thi ha ha tabiyat thik thi 	0	0
ulati sidhi chiz kabhi na maange sachcha pyar	0	0
tim tim tim	0	0
kya gajab hain har koyee hamko lutane laga	0	0
dilarubaa dilarubaa dilarubaa dilarubaa	0	0
mere paas ao nazar to milao	0	0
kisi aur ko jaam kyun de diyaa 	0	0
kaho ji, kaho ji, roz tere sang yunhi dil bahalayen kya	0	0
rat kategi honge ujale phir mat girna o girne vale	0	0
chhuta apna desh	0	0
mere tat pe aaj bhi gunje	0	0
vo to hai chhod  ye prem kahani	0	0
kya teri marji, bin dekhe mar jaaun	0	0
dil pe rakh haath ki tham jaaye dil ki dhadkan	0	0
kya huwa teraa vada wo kasam wo irada	0	0
teri thi teri hu sada	0	0
tumhi ik nahin jahaan mein hasin, na hoga koi ham sa bhi	0	0
mujhe palko ki chhao me rahne do	0	0
do sitaro ka zami par hai milan aaj ki rat	0	0
mujhe gam bhi unka ajeez hai	0	0
jane de jane de aane de aane de santon ki batein maan bhi le	0	0
ha yuhi mahake prit piya ki mere anuraagi man me	0	0
duniyaa jalaa di	0	0
haye re haye mast ghata chhaye 	0	0
duniya mein hai jo kuch sundar woh sab kuch hain tere andar	0	0
dekh jal jaayege ham, is tabassum ki kasam	0	0
o ganga maiya me jab tak ke pani rahe	0	0
nam badal ke sita ram rakh le	0	0
maine abb tak kisee ko pukara nahee	0	0
din bhi nikalegaa kabhi din bhi nikalegaa kabhi	0	0
adami musafir hai aata hai jaata hai	0	0
tere mann me preet ka rang bhar du	0	0
nachti aayi pariyo ki toli	0	0
mujhe tuhi batade johar jaffi ab kya hoga kya hoga	0	0
babul mera de aya hai shadi ka paigham	0	0
dekho do diwane dil ke, chale hain dekho mil ke	0	0
haye re teri jawani alabeli mastani	0	0
par saath nahi chhoota apna	0	0
chad bhi kho gaya usake agosh me	0	0
yeh badi ajeeb si baat hai	0	0
aaj to har bazar me saiya, milta nakli baal 	0	0
aa jaan-e-jahaan yaha jine ke liye, thaa apna milna zaruri	0	0
mohabbat kee yeh intaha ho gayee 	0	0
meri dono baho me, jaise aasman hai	0	0
na dagar hai na khabar hai	0	0
jamana to hai noakr biwi ka	0	0
kaha mai gaya tha, mai to gaya tha karne ser chaman me	0	0
do bechare bina sahaare, dekho puchh-puchh kar haare	0	0
mere samane jam rahe naa rahe	0	0
bataye koi kya tha	0	0
mujhe tumse kuch bhi na chahiye	0	0
ham dil nahi lete, ham jan lete hain	0	0
sans kyon chale hain piya, wah re pyar wah re wah	0	0
dil pe sau sau pahare dekhe	0	0
jina uska jina hai, jo auro ko jiwan deta hai	0	0
dil me hamaare vah samaa gayaa	0	0
bekhata tune mujh se khushi chhin li	0	0
sanso se hun kaise juda apno ko dun mai kaise bhula	0	0
ye chhota sa chamcha hai	0	0
ik muddat se ye tufa mere sine mein the bechain	0	0
pahan ke rangrut suit but paaw me	0	0
main chaal chalu to hirani ruk jaaye	0	0
tera husn rahe ye sham rahe naa rahe	0	0
aa dil kya mehfil hai tere kadmo me 	0	0
ghar par mere sone kee dhup	0	0
o zara ruk ja pyare ruk ja	0	0
yeh jamin ga rahi hain, aasman ga raha hain	0	0
tumhare geet gayenge, tadapaoge tadapa lo	0	0
bhigi huwi hawaye, mausam bhi hai gulabi	0	0
mere gito me, tujhe dhundhe jag saaraa	0	0
sara jag dhundh thake kahi munna na mila 	0	0
haiya o ganga maiya, haiya o ganga maiya	0	0
mai tumhare liye dukh aur khushi bhi laya	0	0
aaya pyaar bhara mausam diwana, diwana	0	0
mere chaman ki tu hai bahaar	0	0
hay re duhai teri zulmi piya ho	0	0
kyun aag si laga ke gumsum hai chandani	0	0
munne ki amma ye to bata, tere bitua ke abua ka naam kya hai 	0	0
phir bhi meraa man pyaasaa 	0	0
pal me hansate pal me rote nak me karte dam 	0	0
koi to baat kijiye yaaro ka saath dijiye	0	0
lab tak jo aayi ban gayi hai tufa 	0	0
thats the way cha cha cha, haa haa cha cha cha	0	0
na ye chaand hogaa na taare rahege	0	0
meraa dil ye pukaare aa jaa	0	0
dunia me logo ke mele ye	0	0
kya hua aaj, ye kis baat pe rona aaya	0	0
aarzuo ke diye, aaj roshan kijiye	0	0
la la la la la kya kya jalwe dikhlaata hoon	0	0
pyaar jis se paata hai, git jis ke gaata hai	0	0
pandit ne dekha ha ji, vo zaalim samajha ha ji	0	0
diwani ladki ye diwano ki mehfil hai	0	0
main bhi kuchh banaunga tere ghar ke samane	0	0
are yaar meri tum bhi ho gajab, ghunghat toh jara odho	0	0
tumko piya dil diya kitne naaz se ho	0	0
jhumkar parbato pe ghata chha rahi hai	0	0
ho, dekh dekh dekh, dil pe rahe kaabu	0	0
pyaas bhadki hai	0	0
jal bhar ke mere nain me, aaj huye ojhal 	0	0
dur ho to paas hamako tum bula lena sanam	0	0
jhankun mai kahaan se kahan hai jharokha	0	0
banarasi babu hum hai banarasi babu	0	0
bujhe bujhe mere sapne sare	0	0
maut se bhi muhabbat nibhayege ham	0	0
sawere waali gaadi sawere waali	0	0
ya ya yippi yippi ya ya ya, ya ya yippi yippi ya ya ya	0	0
mujhako apane gale lagaa lo, ai mere hamaraahi	0	0
koyee kahe naa manjil mujhko milee aaj tak nahee milee	0	0
haye re haye zulf key eh chav	0	0
muhabbat bhari ik nazar chaahiye, nazar chaahiye	0	0
ho gaya dil ka, purja purja lage pachasi jhatake, ho tera	0	0
chal ud ja re panchhi	0	0
khelte hain dil se jo ye safar unko nahin	0	0
hans kar jo tum na mane to	0	0
mil jaae more saiyaa jab teri baiyaa 	0	0
koyi sath nahi deta	0	0
imandar hai badi jaandar hai	0	0
aadi chala-chala ke jhum, tirachhi chala-chala ke jhum	0	0
chhedati hai ye hawa kya hua	0	0
chanda ko lage suraj ko lage lagne do lage grahan	0	0
na na mar jana hai chup rah ke	0	0
ye kal ki bat hai la la la la la	0	0
yu chand pe jana mushkil tha 	0	0
jiyaraa re jhume aise	0	0
na dir dir dha ni ta dha re	0	0
duniya jo pyaasa rakhe, to madira pyaas bujhaaye	0	0
tumhi phunk dete nasheman hamaare	0	0
kaali zulfe rag sunaharaa	0	0
abb sari jindagi honge nahi dur ham	0	0
ye to maar de goli dekho ji	0	0
aayina wohi rehata hai, chehare badal jate hai	0	0
tamana thi kam se kam 	0	0
chaahe chhup ja tu ghataao me chanda	0	0
tere shokh kadamo me kaliyaa bichhaa ke	0	0
mujhe kya khabar hai kaha meree manjil	0	0
sajna o sajna	0	0
isko khayega dilwala chana zor garam	0	0
bitte bhar ki chori re chori bitte 	0	0
kisi hasi ki taraf ye gulab phaikunga	0	0
    har janam yun milate rahege -2	0	0
1) tere narm baalo me taare sajaa ke	0	0
masti meri aankho me botal se nahi lee hai	0	0
khane wale ka dil hota gul gul wah re wah re wah wah	0	0
us kamare me guzaregi raate	0	0
jaa re pichha chhod  mujh matwaali ka	0	0
humare siva tumhare aur kitne divane hai	0	0
jo bhi dekhe ho jaaye divaana sultaana	0	0
tum bhi humare ho hum bhi tumhare hai 	0	0
naina barse rimjhim rimjhim, naina barse barse barse	0	0
waah waah cha cha cha, haan bahut achchha	0	0
ye kudarat ke inaam ki chiz hai	0	0
mandir se log ghabraate hain, mandir se log ghabraate hain	0	0
ae pyar se badhkar nahi hai, badhkar nahi hai rog koi	0	0
wahi jahaan koyi aata jaata nahi	0	0
o laila bhi ek chhori thi	0	0
manu bhai manu bhai	0	0
hiroin se takaraya hero ko gussa aaya	0	0
maang ke saath tumhaara maine maang liya sansaar	0	0
dekho kabhi to, pyaar se	0	0
ye bahaare rangat bhare ye bahaare rangat bhare	0	0
zindagi hai chiz kya nahi jaan paayega	0	0
dil lega mera koi dilavaala	0	0
tera apna khoon hi aakhir tujhko aag lagaayega	0	0
kaisa hai kathor ye vidhi kaa vidhan	0	0
tera husn rahe mera ishk rahe	0	0
jina kya dil har ke pagal pan chhod  de	0	0
mohabbat se itana khafa hone vale	0	0
barabaadi ke afasaane kahaan jaate	0	0
dare dare tum, dare dare ham, socho zara	0	0
yahaa zindagi hai rivaazo ke bas me	0	0
hum hindustani hum hindustani	0	0
o aika aika o raghoba, o dhodiba	0	0
milakar intazar ka maza jata rahata hai	0	0
ye nazar laut ke fir aayegi	0	0
ras barsaate nazaaro me	0	0
mujhe kehte hain kallu kavval kallu kavval	0	0
mat kar beimani mat kar nadani	0	0
tujhko abb mil hee gaya jo teraa apna tha	0	0
bada pyara hai tera julam, sanam teri kasam	0	0
chahe koyee mujhe junglee kahe	0	0
ye kaisa insaan, ye kaisa insaan	0	0
najar kuch bhi nahi aata, ye masti kaisi hoti hai	0	0
rangila re	0	0
ye mahapaai hain ghor apradhi hain 	0	0
raja mai gito kaa tu sur ki rani	0	0
jaise parabat pe ghata jhukatee hain	0	0
badi der bhayi, badi der bhayi	0	0
kadamo me dil bichhaadun ijaazat to dijiye	0	0
kuch hai daulat wale kuch hai taakat wale	0	0
o o o o o o	0	0
saath apne bahar layi ho	0	0
dil-vil pyaar-vyaar	0	0
jaise birhaa ki rut maine kaati	0	0
khoye se ho kyu is kadar dhundhti hai kise najar	0	0
kaise kisi ka sahara banun ke mai khud beghar bechara	0	0
meghaa re meghaa re, meghaa re meghaa re	0	0
to ye rut bhee chalee jayegee	0	0
kaise koi jiye	0	0
wo bhi ek pal ka kisa the mai bhi ek pal ka kisa hu	0	0
are to kya hua jamana to hai noakr biwi ka 	0	0
sheher se door nashe mein choor picnic hai dilwaalon ki	0	0
jo hai ag teri javani, mera pyar hai sarz pani	0	0
god me bithalo 	0	0
tere liye ha mkuch bhi sahenge	0	0
kitni jubane bole log hum joli 	0	0
humka ghunghru hay hay 	0	0
kiska raha zamana 	0	0
woh afsana jise anjam tak, lana na ho mumkin	0	0
tumhe rukna padega meri aawaz sunkar	0	0
one two cha cha cha, lets do the cha cha cha	0	0
soch raha hu jag kya hota, isme agar ye pya na hota	0	0
mere khuda dil se koi kisi ke na khele	0	0
roka tha phir bhi ye dil, pahlu badalne lage	0	0
mast phulo ke dil bhi dhadakane lage hai	0	0
jhumne lagega aasma, jhumne lagega aasma	0	0
hogee kahee toh meree bhee mehfil	0	0
ye khel hai to bas aitbaar ka tu jaane kya mazaa intezaar ka	0	0
aaye na jis din ghar sawariya, pagal bankar dhunde najariya	0	0
janam-janam ki pyas re sajan pal me bujhegi kaise	0	0
bal naiyya hai bijali patvar	0	0
chhoti chhoti, naati naati, chhoti naati	0	0
kya kaha phir se to kahna hath lekar hath me, ha ha hahah	0	0
jhoka hava ka pani ka rela	0	0
ke jaise tujhko banaya gaya hai mere liye  	0	0
chhupe na chhupaaye	0	0
ya zindagi ke saaj pe chhedi hui gazal	0	0
bolo hai na hai na hai na	0	0
mohabbat ki kasam mohabbat ki kasam 	0	0
bite saari raat na samajhi mere dil ki baat bholi-bhaali ne	0	0
aapane yaad dilaayaa to mujhe yaad aayaa	0	0
meraa kaanp kaanp jaaye jiyaa budan se	0	0
shadi se pahale to sab achha lagta hai	0	0
shamma jalati hai jale	0	0
kheli mai jiske sang, pure solah savan	0	0
aa ab to lag ja gale ab daur ye yu hi chale 	0	0
saare bandhan sapanon jaise, dil gam seh lete hai waise	0	0
aise jeene se, kyu	0	0
bharat ka rahne wala hu, bharat kie baat sunata hu	0	0
ye aaj kaa nahi milan, ye sang hai umar bhar kaa	0	0
pad gai dilbar mere aapki parchhaiya	0	0
ujiyare me jo parachhayi pichhe pichhe aaye	0	0
hay bedardi hay bedardi	0	0
didi jab bhi mayike me jayegi to jaldi vapas nahi bulaoge	0	0
to jhumo to nacho, oo mere sath nacho gao	0	0
kaale gore kaa bhed nahi, har dil se hamara naata hai	0	0
unhe kuch bhi yad nahi hai, ab koi sau bar pukare 	0	0
sar chakaraaye kuchh na bhaaye, aake tumse hi takraaye	0	0
jo dil ki uljhan hai sab tujh pe roshan hai	0	0
leke palkon mein khushiyon ki baraat ko	0	0
hai na aasmaan ke liye	0	0
muskurakar tu jara dekh le yek bar muze	0	0
aasamani rag ki ankho me aasamani ya aasamani	0	0
ai dil-e-nadaan	0	0
chal mere bhai chal chal chal mere bhai 	0	0
jara sunana jaan-e-tamanna 	0	0
ek se badhakar ek, mai laayi hun tohafe anek	0	0
ye jaat dharam ke jhagade insaan ki hai nadani 	0	0
kyaa pari yaa hur ho	0	0
ishq se kah do ke le aaye kahi se saavan	0	0
mor nahi, chor nahi, chakor nahi, diya	0	0
sone ka chabutra uspe nache mor hum dono kyu na nache 	0	0
are mere yaar apane rag hazaar	0	0
kaam koi ek to mahan kar do, mahan kar do	0	0
ye shai banee thi kisi	0	0
nae rishto ne toda nata purana	0	0
diya tune hame jab janam tu hi jhelegaa ham sabke gam	0	0
jab hum jawan honge jane kaha honge	0	0
jaanaa hotaa hai aur magar, teri aur chalaa aataa hun	0	0
daras bhee too, nain bhee too	0	0
sari umar teri pooja karoonga	0	0
la la la la, la la la la, la la la la, la la la la	0	0
to jo suno bangali gana 	0	0
aaye na aaye kabhi fir aaj ke baad me 	0	0
phailaane kahaan jaate	0	0
yado me vo sapno me hai jayein kahan	0	0
hoy ek padosan piche pad gayi jungli jiska nam	0	0
ni sultaanaa re	0	0
duniya basaunga, tere ghar ke samane	0	0
o mera dil o jaan-e-jaa chura ke chali kaha 	0	0
pyar yaha jo na kare, khaak jiye khaak mare 	0	0
tumhi se dil ne sikhaa hai tadapanaa 	0	0
na jaane kya ho jaata, jaane hum kyaa kar jaate	0	0
jiski aavaaz rula de mujhe vo saaz na do	0	0
meri mina o mina mina	0	0
dil ki lutati hui duniya nazar ai hogi	0	0
dekh hame avaz na dena 	0	0
are iski mujhe paravah nahi hotel se khana manga lunga	0	0
tumhari kasam hum na bhule wo kasme	0	0
hatho me mere ras gai, e kudi fans gai 	0	0
apni kasam dohrata hai, kya, ye	0	0
hai banane sawarane kaa jab hee maja	0	0
ham chalte hai to dete hai kadam ye gawahi 	0	0
rang chahare pe kai roz na aya hoga	0	0
kisi se ki mohabbat, kisi se bevafaa_i ! - (2)	0	0
kisi mod kisi dwar saiyan dildar	0	0
chala aa mere parvaane, vafa ki shama jalti hai	0	0
mu: pavan kare sor	0	0
do divane	0	0
sharam se rang gulnar ho jayega	0	0
kab se magar dhund raha tha tumhe mera jahan	0	0
ham kaam kare tum raaj karo 	0	0
hun yaaro ka mai yaar dushmno	0	0
par kya hoga teri mast javani ka 	0	0
ho jitne khushiyo ke sapne hain yaro woh sare apne hain 	0	0
shadi zara hone to do jo bhi kahogi mai manunga	0	0
koyi to jawab do, kholo re jaban	0	0
ho kaun se dil ko toda kaun se dil tadpaye	0	0
khali darpan tha ye man mera	0	0
haan , sachchaai chhup nahi sakati, banaavat ke usulo se	0	0
pal bhar ke liye hame pyar kar le jhutha hi sahi	0	0
agar tu ladki hoti	0	0
husan wale teri duniya me koi aaya hai	0	0
aa sach-sach mai bolu ji sun lo sabhi, sun lo sabhi	0	0
jhum ke barse baadal mai jo zulfe apni kholu 	0	0
mannu bhaiya bada pyara 	0	0
do ghunt maine pi liye to kya bura kiya	0	0
laajjaye roshni tumse ke aisi roshni ho tum	0	0
lekin dil ka bhag na jaga	0	0
mai pita nahi hun, pilayi gayi hai	0	0
bolo hai na hai na hai na, bolo hai na hai na hai na	0	0
chhut jata hai chut jata hai shisha ho ya dil ho	0	0
chirag kahan roshni kahan, ajab hai malik tera jahan	0	0
tumko zaalim kahe wo jhutha hai	0	0
ye zamana ye tarana naya fata fat	0	0
koyi jara yeh unse kahe, naa aise aajmao	0	0
mere mitwa, mere mit re 	0	0
jo na navakif hai aaj unse ja ke ye kah du	0	0
laali se bhi laal uske honth	0	0
jhumar se jalte manjar kahan aisa o matwale	0	0
samne wo dekh re ek truck aa raha 	0	0
gol jude me ye veni, aur veni me ye tahani	0	0
qudarat ke khel nirale zara dekhle dekhne vale	0	0
duniya ek tamasha hai aasha aur nirasha hai	0	0
jaan ke kasam sach kehte hai hum jo bhi ho sitam	0	0
dream girl, dream girl, dream girl	0	0
aur tum	0	0
kora kagaz tha ye man mera	0	0
seekha nahi sabak tune pyar ka tu jaane kya mazaa intezaar ka	0	0
aa aa mai git banke tere hontho ko chum lu	0	0
phool kanton ko sang sang khilaaye vohi,	0	0
gayi dil cheer katari aankhe	0	0
bindiya chamakegi, chudi khanakegi  	0	0
futapath bambai ke hai ashiyan hamara	0	0
tin kanastar piit-piit kar 	0	0
jaam jab saamane aaye to mukaranaa kaisaa	0	0
hai shabab par umang, har khushi javaan hai	0	0
	tu jo chalati hai chhote se aangan me chaman saa dolataa hai	0	0
ye teri masti mujhe bhi madahosh banati hai 	0	0
kurbani kurbani kurbani, allah ko pyari hai kurbani	0	0
luchhi re padpode dal 	0	0
ik ham aaj akele us pe mausam ye mastana	0	0
aise hasti thi woh aise chalti thi	0	0
mar ke tihari jaaye man le sarkar ji	0	0
yende karle yende karle	0	0
rup chura ke rakh liya,  ui kya huwa	0	0
oh ho ho khoya khoya chand khula aasman	0	0
ruthane vaale vo pahali si muhabbat de de	0	0
ek saya sa, ru-bru kya hai	0	0
tum ko bhi to, aisa hi kuchh, hota hoga, o sajana	0	0
sakhti ho ya narmi are hanste hanste jhele	0	0
sapan salone le ke aai hai ye rat saloni	0	0
chhami ho tum meri har kalpana me	0	0
chal na sakege sambhal na sakege ham tumhari bala se	0	0
kal ki yaade mit rahi hai dard bhi hai kam	0	0
kya kahu aap se yeh bhee ek raj hai	0	0
ghunghat me se mukhdaa dikhe abhi adhura	0	0
rang layi hai mere dil ki lagan aaj ki rat	0	0
band saari raahe karo gagan ke dwaaro	0	0
humko aana padega	0	0
salaam, salaam	0	0
koi kahi pe zarur hai tera, zarur hai tera	0	0
khila le phul kanto me saja le apane virane	0	0
tere main hu dil ka chor	0	0
budhaapaa dekh kar royaa,	0	0
babu re babu re babu re he, babu re babu re babu re	0	0
tu sur ki rani	0	0
pyar auro ka salamat hai, tera jaur sahi	0	0
beti ki shaadi aur sagaai maar gayi, sagaai maar gayi 	0	0
i dont know what you say 	0	0
koi kanta vohi daman se lipat jayega 	0	0
dekho ankh mare lal lal signal 	0	0
kya karu, kya karu, ai gham-e-dil kya karu	0	0
tu hai abhi nadan, jara soch meri jaan 	0	0
aja dil ki ag me jal jao o nadan parwane	0	0
chunri ke rang se ghar ko savar du	0	0
pal pal, ho pal pal	0	0
kahi bhul se tu na samajh baithe ki mai tujhase mohabbat karata hun 	0	0
apna begana kaun jana anjana kaun	0	0
jaam badal jaate hai, jaam badal jaate hai	0	0
badi vafaa se nibhaai tumane 	0	0
mere nainaa saavan bhaando	0	0
mere dushman tu meri dosti ko tarse	0	0
chori chori koi aye	0	0
jab se prit sapno me samaai maar gayi 	0	0
ho use kaun bachaaye, chingaari	0	0
husan ki maar buri hai, ishq ki haar buri hai	0	0
bant ke adha-adha 	0	0
aaye hain to kaam bhi bataayiye	0	0
do din ke liye koi iqaraar kar le	0	0
raam ki lila rang laayi ahaha	0	0
3) kahaan tak jiye teri ulfat ke maare	0	0
mujhe tu hi tu hamsafar chaahiye, hamsafar chaahiye	0	0
mohabbat bade kam ki chiz hai, kam ki chiz hai	0	0
tauba meri tauba maf kar dena	0	0
mai ho gayi kisi ki, koi mera ho gaya	0	0
behki-behki chal chal haye	0	0
uljhe kaahe re mai hu surat me tujhse badh ke kahi	0	0
doosre jahaan ke liye	0	0
mehfil e husn ki chilman ko uthaya na karo	0	0
ho jisaka dar tha bedardi wahi bat ho gai	0	0
yu hi nahi chali aayi bahare, phul yu hi nahi khile	0	0
mai bhi zara phir uske gale se lipata pagal pan me	0	0
hotho pe ye shahad ke dhaare kiske liye hai, bolo bolo	0	0
aankho me hai barso ki pyaas	0	0
salaam, salaam, salaam	0	0
pahuche ye khat jaane kaha, jaane bane kya dastan	0	0
aa haa ha ha aa ha ha ha aa ha ha ha	0	0
aas kab tak rahegee adhuree	0	0
sada hoti hai jay jayakar ma ke mandir me, ma ke mandir me	0	0
o tum hamari raah ke charag ho	0	0
kehne laga wo aakar kareeb	0	0
dekho hum par shak na lao	0	0
chadha rehata tha para, shehar darata tha sara	0	0
nayi adaa se sataayegi	0	0
vada to nibhaaya, o o mere raaja	0	0
ham tum kitane paas hai kitane dur hai chaand sitaare 	0	0
lyrics typed by:ruby singh	0	0
gaana aaye ya naa aaye gaana chaahiye	0	0
tere bin duniya me mera kon sahara 	0	0
jamke rakhna kadam mere saathiya	0	0
hai aaj apni mahafil me kal kya ho koi kya jaane	0	0
yade chhod  jaata hai, yade chhod  jaata hai	0	0
qaid magi thi, rihai to nahi magi thi	0	0
suno aur gaur se suno	0	0
ho nritya karu jhum-jhum, jham jhamajham jhum-jhum 	0	0
saiyaan anjaani nagri pyaar ki	0	0
pyar ke dushman ko hajaro men pahchane	0	0
ham hai banarasi babu, ham hai banarasi babu	0	0
chun chun karati ai chidiya	0	0
dekho bato bato me do hee mulakato me, dil yeh nishana ban gaya achchha	0	0
pardesiya, pardesiya ye sach hai piya 	0	0
mera juta hai	0	0
andhere chha rahe honge	0	0
sach-sach mai kahani ha sun lo sabhi, oy sun lo sabhi	0	0
ho teri duniya se dur	0	0
meri khaatir duniya kya-kya bharati hai bahrup 	0	0
sar ko jhuka ke, naam lo inka	0	0
pyar se pukaar lo jaha ho tum 	0	0
ye khushi ye aur jo naya andaz hai	0	0
gaataa rahe meraa dil, tu hi meri mazil	0	0
sham ke gulabee se, aanchal me ek diya jala hai chand sa	0	0
bolo subah shaam hare krishna hare ram	0	0
o layi layi surama lai-e-o	0	0
na naukari ki chinta na roti ki phikar	0	0
kaliyo kee yeh sej mahke rat jage milan kee	0	0
sason me aa hoto pe aa tera hi naam hai 	0	0
ho dil ki tamanna	0	0
aaj ka din meri umeed ka hai aakhri din	0	0
tujhe ankho me basata, tujhe sari rat jagata	0	0
aap yaha aaye kisliye, aapne bulaya isliye, achcha	0	0
buraa na maano baat kaa ye pyaar hai gila nahi	0	0
armaan bhare dil ke dhadkan bhi badhayi de 	0	0
le ke ayenge dulhe raja	0	0
sahar bhi tere binaa raat lage	0	0
ye sochte hi sochte savera ho gaya	0	0
in par taane kasate hai	0	0
ek hai chanda jaise gagan me	0	0
chala jaana hai, yaha nahi rehna	0	0
haath daalo jeb me paise nikaalo	0	0
yeh khidki khuli hai yeh to band thi, nahi mujhe taja hawa pasand thi	0	0
kamine se kamine se is kamine se chhod  maza hath mala pine de	0	0
mere sine me bhee dil hai hai mere bhee kuchh arman	0	0
...o	0	0
raat bhar mua sone na de injection lagaye ghadi-ghadi	0	0
ram pam posh ram pam posh	0	0
ke jaise tujhko banaya gaya hai mere liye	0	0
tu lalach na kar jayada ka, jayada ka	0	0
are kya soch rahe ho tum log	0	0
dil ki mehfil sanam ye mehfil nahi dil hai	0	0
ho ham to mar jaayenge leke tera naam	0	0
sukhar karo ke pade nahin hai mere ma ke dande	0	0
tumane kabhi pyaar kiyaa tha kisi raahi se 	0	0
tujhpe mera dil aa gaya dil pe kiska jor hai	0	0
jaana hai saagar paar	0	0
jhumo na gao na jhumo na	0	0
mohabbat bade kam ki chiz hai, kam ki chiz hai	0	0
are varkar ho yaa maalik mil ka	0	0
hooo ye kya hua, kaise hua, kab hua	0	0
intazaar intazaar intazaar karo intazaar karo 	0	0
tumhe rakh lu jakad ke dam lele tu dil ki panao me	0	0
ha sare shahar ko ankh dikhaye	0	0
dubara dekhne ki shauk ne halchal machai hai	0	0
janam jate ho udhar kaha chhodo ye nazare, chhodo ye nazare	0	0
o o o mare doob kar dono aise	0	0
mamata hi lutaye jiske nayan	0	0
o niraj nayanaa aa zaraa, aa zaraa	0	0
yuhi jhumte yuhin jhumte aur	0	0
ghumana hai hamko dur ki dishao me	0	0
kiski hai yeh bhul kiski hai yeh bhul	0	0
rag haraa hari sih nalave se rag laal hai laal bahaadur se	0	0
sakat me hai aj wo dharati jis par tune janam liya	0	0
vo qabr taiyar kare 	0	0
mausam ki tarah bit jaayegi	0	0
ras barsaate jaao	0	0
tere husn ki kya tarif karu kuchh kahate hue bhi darata hun 	0	0
bite samay ki rekhaa, maine tumko dekhaa	0	0
swing your firm hips now to your two feet	0	0
ho na koyi dekhe na pahchane, baithe ped ke niche	0	0
o o dil ko tere abb tak na samajhe, tujh hi ko hamane pahchana	0	0
kaval jitne chaahogi khil jaayenge	0	0
jivan me ek baar khud ho jaataa hai pyaar	0	0
ujaalo ne sath mera chhoda	0	0
baaki kuchh bacha to mahangaai maar gayi, mahangaai maar gayi	0	0
ghoda pahucha chauk me chauk me tha nai	0	0
sab kuchh pake bhi kuchh naa paaya	0	0
jaise koi kudi panjabi jaise koi kudi panjabi	0	0
badal chhane ka koi sabab hoga	0	0
vo aasamaan jhuk rahaa hai zami par 	0	0
isse badla lene ka mujhko hain arman	0	0
sanso ka har tar pukare ye prem nagar hai	0	0
hun hunhun, c a t cat, cat maane billi, r a t rat, rat maane choohaa	0	0
chhatha desh ke gaddaro se chhin lu	0	0
husn bhi ghabra ke deewana bana	0	0
ai yaar sun yari teri mujhe zindagi se bhi pyari hai	0	0
gale lagi sahem sahem, har ek gale bol ke 	0	0
are meri bhi shadi ho jaye dua karo sab mil ke	0	0
badan pe sitaare lapate huye 	0	0
mujhe bhuk nahi lagti mujhe pyas nahi lagti bapre	0	0
tere git gaye	0	0
dekh gali me bahar aake arthi apni sautan ki	0	0
gata hua dukh bhulata hua, mai aashiq hun baharo ka	0	0
koi gighghi banati nazar phir gayi 	0	0
barkhaa ki raat me he ho haa	0	0
usi gam se mera phir aaj rishta jod jaate ho 	0	0
iss jagah aaj ek naujawan ga raha hai	0	0
teri meri shadi si bhi sadi pandit na shehnai re 	0	0
ho khilte hue kaha kush pash mai chali	0	0
raat ne ishaare se udhar bulaah liya	0	0
jalta hai badan, jalta hai badan	0	0
yahi din hain mastee ke sin hain	0	0
naam abdul hai mera, sab ki khabar rakhta hu	0	0
jisne likha hai sab ka naseeb 	0	0
sade utte o mardi hai	0	0
ho chhod u mai jamana, mai na chhod u teri baiya	0	0
maut vohi jo duniya dekhe	0	0
ye duniyaa sasuraal	0	0
arre joh hai nam wala, wahi toh badnam hai	0	0
tera gham mera gham, meri jaan teri jaan	0	0
mama miya pom pom	0	0
kuch na phir chaaha sanam tumako chaahake tum bin 	0	0
	0	0
