Song lyrics	Mood	Offensive
dil ko mili jo tumhaari lagan	0	0
jo kahi gayi na mujhse wo jamana kah raha hai 	0	0
inhi logo ne inhi logo ne inhi logo ne inhi logo ne 	0	0
duniya samajhe moti barse mai jo kuchh bhi bolu	0	0
wo kali to khilegi pyar se jo milegi 	0	0
uda hai kis liye tera rang gori	0	0
chand tadap kar usake gore kadamo pe gir jaaye 	0	0
kal ki hasin mulakat key liye aaj rat ke liye	0	0
haay, haay re, nahi lagi, nahi lagi	0	0
dil chahta hai vo kahne do	0	0
main maike chali jaaungi, tum dekhte rahiyo 	0	0
nikali vo andheri raato me	0	0
tumko hansa diya pyaar sikha diya 	0	0
phir bhi na samjha bagiya ka mali	0	0
toone o sanam dhaye hain sitam to yeh tu bhool na jaana	0	0
chhodo bahana na na	0	0
mohabbat na hoti	0	0
meri bheegi-bheegi si, palkon pe rah gaye	0	0
to ek do tin ho jaati hai 	0	0
hai tumhare hath me garibo ki suno	0	0
tujhe pata bhi na chalega ye jab hoga	0	0
sharbati aankho se do ghunth pine do mujhko	0	0
chachal dhara bahata pani bahata pani, haiyya ho haiyya re haiyya	0	0
mil-julake is vatan ko, aisa sajayege ham	0	0
rambha ho ho rambha ho ho rambha ho ho rambha ho ho	0	0
roj rat ko tere ghar hogi teri chori ho chori	0	0
maang ke saath tumhaara	0	0
phool chehro ke bhi muskurate rahe	0	0
dhire se jana khatiyan me o khatmal 	0	0
kha ke ban gaya tagda ghoda maine pakadke use maroda	0	0
vaqt ki thokar me hai kya hukumat kya samaj 	0	0
mardo ki havas hai jo aksar, aurat ke paap me dhalti hai 	0	0
bich bhanvar tune chhoda, mere prem se munh moda	0	0
dil ki ae dhadkan thaher ja, mil gayi manzil mujhe	0	0
machalke a gayi lahare bhi ab isharo par	0	0
biviji ho biviji hone vali biviji	0	0
to hari nam ko jap ke gangajal pi lena	0	0
arey dol na hans hans kar 	0	0
mitti nahi chitthi	0	0
of fo aage bhi to bolo na, batata hu batata hu 	0	0
kya in hotho ko main apna 	0	0
jiska miya ganja vo dete hai hawale	0	0
lakh maine bchaya magar lut gaya	0	0
niyummaa	0	0
madhuban me radhika nache re 	0	0
aisa hai apana chakkar	0	0
ye kya hua, kaise hua, kab hua, ab kya sunaye	0	0
kal tere jalwe paraaye bhi honge	0	0
ye dard-e-muhabbat sahne do	0	0
o daiya re daiya re chadh gayo paapi bichhua	0	0
dil dhundhta hai	0	0
aaj koi nahi mera sasar me 	0	0
maine pyar karke chain khoya, nind khoyi	0	0
pagali pagali	0	0
chhanv me in ke aanchal ki	0	0
chala gar safar ko koi besahara	0	0
ek ke do, do ke chaar, mujh ko to, dikhte hain	0	0
yuhi umr guzar jaaye, tere saath guzar jaaye	0	0
dhadakan hai mere dil ki subah ho yaa shaam	0	0
tayyab ali pyar ka dushaman haaye haaye	0	0
kyu ye bachche ma se bichhdate	0	0
ek pal ki palak par hai thahari huyi ye duniya	0	0
to jhume ye dharti aur jhume asman	0	0
khel jeevan maran kaa	0	0
to phir chal baithe church ke pichhe	0	0
usane bidaa thaa uthaayaa re bhalaai kaa	0	0
tujh pe umid-e-vafa ban gai ek khata	0	0
amar akabar enthoni, amar akabar enthoni	0	0
jaa jaa	0	0
mujhko thand lag rahi hai mujhse door tu na ja	0	0
ho ho ho ho kaajal ki rekhaa 	0	0
abb toh haske apni bhi kismat ko chamka de	0	0
dosto apna to ye imaan hai, jo bhi jitna saath de ehsaan hai	0	0
pyaas to hai in hontho par, lekin haatho mein jaam nahi	0	0
acha hai kharab hai, bura hai nek hai	0	0
pankh binaa ye udti jaye	0	0
or nahi kuch sujha har pooja se badkar dekhi	0	0
itane karib aao ke ik ho jaye ham	0	0
palko chhalko galo pe dhalke	0	0
babu ji jayege daftar to pkode khakar	0	0
thoda sa mere dil me ye dar hai	0	0
tere hi to sar pe muhabbat ka taaj hai	0	0
na ye badal na ye tare	0	0
aahaa haahaahaahaa pyaar kaa mausam, besharam 	0	0
rang meri patang kaa dhani hai yeh nil gagan ki rani	0	0
rim jhim jhim gaye jharane ki dhaar	0	0
tujhko pake ho gay pure ab ye sapne mere 	0	0
aji tumhaare, haa haa haa haa	0	0
dhadakti fizao me rehne ki raat aayi	0	0
dur kahi ek panchhi gaye ye samajhaye 	0	0
mummy ko to ladne ka bahaana chaahiye	0	0
pichhe hai bachpan diwana, aage budhapa sayana	0	0
main dhadakan ke har raag mein bas rahaa hoon	0	0
log kare miraa ko yun hi badanaam	0	0
tore hontho se lag jaaungi mai	0	0
mere in khayalo me tum bhi dub jaao	0	0
ha ha khuli khuli is julfo ka saya 	0	0
lena dena hai kya mujhe duniya se tujhase kam hai 	0	0
git tere bolo pe likhataa chalaa jaaun,	0	0
tun tun tun tun tun tun	0	0
o dil ye chaahe baharo se khelu	0	0
dont stop let the whole world know	0	0
rahi manva dukh ki chinta kyu satati hai	0	0
kyo ham jaye mandir me pap hai tere andar me	0	0
garibo ki suno garibo ki suno wo	0	0
phir hai sajna ojhal kyu meri nigaho se	0	0
gam jab sataye, seeti bazana 	0	0
koi khel to nahi, ye hai pyaar meri ja	0	0
o o mere raaja khafa na hona, der se aayi, dur se aayi	0	0
phir jo ho ho so ho, phir jo ho ho so ho, hay	0	0
kaise bhala chhutenge kabhee	0	0
tere liye tadap raha hu 	0	0
bechain nazar, betaab jigar, ham sabko gale se laga le	0	0
ise kaise dil se juda karu	0	0
jo kahi gayi na mujhse	0	0
chahe jaha bhi ho phul ho man ko lubhayega	0	0
chaand ke tale jalenge ham aye sanam raatbhar	0	0
ye jahaaj jaayega ji sidhe deharaaduun	0	0
ganga sath nahayege, ganga sath nahayege	0	0
dekh ek se badhakar ek, mai laayi hun tohafe anek	0	0
thaam kar dil uthe ham kisi ke liye	0	0
baag ne kaha har kali ki kasam nahi nahi nahi	0	0
tere rup ka main mara, mere pyar ki tu mari	0	0
chashme pat ashiqaar yaar nazar aata hai	0	0
ek roj khul jayegi tut ke ye, kitni najro ke teer sahti hai	0	0
khak pe tum rukoge chalte chalte	0	0
aadhi haqikat aadha fasana	0	0
aise na anchal bachalo sanam	0	0
hay re mai tere kurban 	0	0
hindu na mulsim, poorab na pashchim	0	0
dil chanda ka le aayenge suraj se aankh milayenge	0	0
phir tu apna byah racha le mai launga aur chandi ki payaliya 	0	0
chahat se ye mang bharungi bindiya ka main chah karungi	0	0
jisko bhi dekhun duniya bhula dun	0	0
tumhi ho bandhu sakha tumhi ho	0	0
mai to har mod par tujhko dunga sada	0	0
mai rahi hu mohabbat ka, akela ab na chhodo tum	0	0
ek rasta aha aha do rahi aha aha	0	0
kitne jawan kisse ban jate hain un kisso me chund bhul jate hain	0	0
waah waah cha cha cha, kya khub cha cha cha cha	0	0
har kalii ham pe shak kar rahii hai	0	0
kha lo kasam ise hath na lagayenge 	0	0
ghar-var naam-vaam mai kya janun re	0	0
sar se bandha hai kafan ko	0	0
aasmaan me udne waale mitti mein mil jaayega	0	0
tabhi to chanchal hai tere naina	0	0
apne jiwan ki uljhan ko kaise mai suljhau	0	0
are pahuncha denge uske kano tak hum ye teri baat	0	0
dil dil pal pal runjhun runjhun 	0	0
arey jatadhari ke nam balike ek rassi lena	0	0
khuda ne ye dil kyun banaya, yaha jisne bhi dil lagaya	0	0
jhutha kahi kaa	0	0
help me please to find the locker	0	0
he lina o lina dil tune chhina, chhina chhina	0	0
tum chal rahe ho, hum chal rahe hai	0	0
sukh leke dukh de gayi	0	0
resham sa ye rup salona yauvan hai ya tapata sona	0	0
parda hai, parda hai, parda hai, parda hai	0	0
dekhaa ek kvaab	0	0
jab phul koi khiljaye lahrake bhawra aaye	0	0
maayusiyo kaa nagma dil me	0	0
chaal chali hai sochake hamane, is khel me apani maat nahi	0	0
is jami se alag aasmano se dur	0	0
gaye koyal tera hi geet, guiya	0	0
so ja tohe nindiya pukare, tim tim karte	0	0
teri najro ki pyasi kabhi thi mai teri dasi ab hu mai teri malik sun	0	0
gao mil mil jo tum saaje 	0	0
yaad na aana bhul na jaana	0	0
kaha sapno me aake o gori	0	0
duniya 	0	0
udne lagu mai kahi aasma me	0	0
jab tak hai dam chalo chale ham daal ke baahe baaho me	0	0
tere milan me sukh hain sare 	0	0
tumhara hi koyi tarana milega	0	0
aankho di zindgani	0	0
yaad nahi mera pyar yahi hai ya meri manjil aur kahi hai	0	0
bol raadha bol sangam hoga ki nahi	0	0
meri pyari bahaniya banegi dulhaniya	0	0
woh karu ha ha woh karu	0	0
aisa bana sansar ki raho kaa devata	0	0
b a d bad, bad maane bura, b u t but, but maane lekin	0	0
hamari jaan le lega ye nichi aankh ka jadu	0	0
hai ik chehra aur bhi, chehre pe har ek ke 	0	0
nashe me jahaan hai	0	0
jake najar milaye, dhokha kabhi naa khaye	0	0
mera mashavaraa kam ki chiz hai, kam ki chiz hai 	0	0
haye haye haye re haye ji ghabraye, na meri ha na ban jaye	0	0
sathi ye andhera jaise tera, waise mera	0	0
har mod par ek sapna khada jana hai mushkil mera	0	0
banke jiwan-sathi koi chain mera kyu lute	0	0
aha aha gawahi aha aha	0	0
likhe jo khat tujhe	0	0
izzat hai chiz kya chalane ka nam hai	0	0
kyaa kahun ke sharm se hai lab sile hue	0	0
are vaha bhai vaha, hui gal na	0	0
ja tan laage vo tan jaane	0	0
ae maalik tere bande ham aise ho hamare karam	0	0
har tale ki chabi rakhe har chabi ka tala	0	0
o sanam hum dono sath rahe janam janam	0	0
ho kaate ho ya kaliya pi ki galiya, pi ki galiya	0	0
kaise hua aise hua hairan hai jag sara	0	0
koi kahe chand koi ankh ka tara	0	0
waqt kaafir jawani ka katta nahi 	0	0
itni bhi navaazish hai teri	0	0
gam ko khushi me dhal de jo bharaat ki aisi hasti hai	0	0
naa jane kya hua jo tune chhu liya 	0	0
bachapan tumhare sath gujara hai dosto	0	0
haan bahut achchha yes yes cha cha cha	0	0
agrezi me kahate hai	0	0
likhataa chalaa jaaun,	0	0
jindgi yaro ki jawani kaa jam hai	0	0
dhudho yahaan tum bhi saathi, mil jaaege husn vaale	0	0
kismat ne to hamko dukh hi baate	0	0
mai bhi hun ajab ik divaana marata hun na aahe bharata hun 	0	0
    a high pitched flute interlude here makes you fil the intensity of emotions 	0	0
todhi der ko aate ho chale jaate ho 	0	0
jaam uthaale, munh se lagaale, munh se lagaakar chum chum chum	0	0
unchi unchi manjil teri lambi lambi raahe hai	0	0
nafarat si ho ga_i hai muhabbat ke naam se	0	0
dil lene ke dhang tere dekhe koi rang tere	0	0
maine to dekhaa nahin jalwaa koyi husn kaa	0	0
tere liye main gaaun,	0	0
churaa liyaa hai tum ne jo dil ko	0	0
murjhayi kali kya phir se khilegi	0	0
iske nainon ka jaado uske aanchal ka rang	0	0
udte pakheru khiche manava ki dor	0	0
muskuraaye na muskuraaye na 	0	0
ye duniya hai naujavanon ki, zamana hai naujavanon ka	0	0
ki iss suroor mein zara sa rang hai guroor ka	0	0
main apane meharabaan se, ab kya kahun zubaan se	0	0
sach batala tu nache kiske liye	0	0
vo bole to bajti hai vina 	0	0
are sala mai to sahab ban gaya 	0	0
ari aa aa aa man le o gori kehna meraa	0	0
soorat buri ho bura nahin dil mera	0	0
humne badi takid ki, daala ise jab daak me	0	0
ham wo nhi jo chhod de tera daman	0	0
bhanvara jhume-jhume-jhume baandh prit ki dor	0	0
he taki o taki taki taki re, jabse tu aankho me jhanki	0	0
is kamare me hogi mithi baate	0	0
chalo hum tum koi duja nam rakh le	0	0
meri nazar se par nahi chhupta kisi kaa asli rup	0	0
aankho se naa aansu bahe	0	0
ab to mil ja ke meri jaan pe ban aayi hai	0	0
kahi pe soz hai tu, kahi pe saaz hai tu	0	0
isiliye to kahta hu	0	0
dil ki dhadkan tujhe awaaz diye jati hai	0	0
incomplete song 	0	0
wafaayein ho nahi sakati	0	0
jaise chhalke huye ho paimane	0	0
iss gam kee basuree me, koyee toh git hoga	0	0
chhune se tera ye haal hai kaisa ye kamal hai	0	0
chag-bag chag-bag chag-bag chag-bag	0	0
sharafat chhod  di maine	0	0
hoti hai mohabbat kya	0	0
aisa hi hota hai jab do dil milte hai	0	0
roti kapda aur makaan, roti kapda aur makaan 	0	0
main kaha rahu chaman me mera lut gaya thikana	0	0
meraa apna rasta duniya se kya wasta	0	0
hay-hay mach gaya shor sare gaaw me	0	0
har baat achhi tumhari manjoori tumko hamaari	0	0
baithe motar pe gori, dhakka maarenge chhore 	0	0
aa mujhase tu le le himmat thodi si udhar	0	0
apanaa kinaaraa hai 	0	0
in lamho pe aaj tu, har khushi nisaar de	0	0
koyi kahe thhokar khaye, mere sang aaye	0	0
tumse pyaar hai, tumse pyaar hai 	0	0
teri pyari pyari surat ko 	0	0
band kar ke jharokho ko, zara baithi jo sochne 	0	0
bachaao koyi sambhaalo koyi o meri jaan-e-jaa mai tabaah ho gaya	0	0
sanche me aa me tere hi aa main to dhal gayi 	0	0
allah allah inkar tera o o aaja	0	0
dream girl, kisi shayar ki ghajal dream girl	0	0
chup ho ja chup ho ja	0	0
jhilamilaati hai shabanam ki parachhaaiyaan	0	0
tum kitni maasoom ho tum kitni naadaan ho	0	0
jhoomegi naachegi khushi yaari hai!	0	0
inki kya tarif karu insaan hai ye kuch aise	0	0
agar ye jora jori hai jori hi rahne do	0	0
chhaliya anjaana, aashiq begana, lofar, anaadi 	0	0
chingaari koi bhadke	0	0
raqibo ko kaasid banaate nahi 	0	0
chor chor chor, bhaag pardesi baabu	0	0
aankhon ne aankhon se waaden yahi kiye	0	0
ye galiya path panghat ye mandir	0	0
tujhe nigeban mere jaisa chahiye	0	0
pahlu me rahe tumsa hasi ab kya hoga kya hoga	0	0
tum hi kaho ye ko_i baat hai	0	0
bade hai dil ke kale ha 	0	0
hardam chaahe teri galiyo me rehna, natkhat naina	0	0
dil pe seh ja gila na kar sabse haskar mila najar	0	0
le ke angadayiyan pankhadi gulab di	0	0
pal bhar ke liye in ankho me ham ek zamana dhudhate hai	0	0
aisa kya hai tum me aisa kya hai tum me ki ham ho divaane	0	0
maine tujhe jara der me jana 	0	0
phool si mahak daiya re daiya	0	0
jaane bahaar tum kisi shayar ka khwab ho	0	0
sharmaate huye ghabraate huye muskaate huye	0	0
sing with me come on	0	0
mere jivan saathi pyaar kiye jaa, chal chal	0	0
matwaali naar thumak thumak chali jaye	0	0
mor bhi aaya kauva bhi aaya	0	0
bhukh lage to chidiya rani mung ki dal pakaegi	0	0
shishe ka khilona tha, kuchh na kuchh to hona tha, hua	0	0
nir ke bina ho bhaiya kaam na chale	0	0
bhanvare kya rogi hote hai	0	0
mohe panghat, aji haan	0	0
aanhko se jam piyo leke mera nam jiyo	0	0
ham dono barabar na kam na jyada	0	0
bachna re babu chale na inpe jadu	0	0
jis ki tadap se rukh pe tumhaare aayaa nikhaar gazab kaa	0	0
saathi mere, suni raaha ke 	0	0
mahfil mein kaisa hai kaun	0	0
aankho pe khinch kar tere daaman ke saaye ko	0	0
sari sari rat teri yad sataye	0	0
maza jine ka aur bhi aata hai	0	0
ulafat me taj bane, ye bhi tumhen yad hoga	0	0
phulo ke sine me, thadi thadi aag hai	0	0
o o meri rani samajh gaya mai, vahi purana, tera bahana	0	0
meri jan wah wah wah wah wah	0	0
pahale teri aankho ne lut liyaa dur se pahale teri 	0	0
isme kitne raaz chhupe hai, puchho mere dil se tum	0	0
man ki bate rah gai man me teri meri shadi si bhi sadi	0	0
arre ja re ja footpath pe tujhko kar doongi nilam	0	0
jis pe mar mitti mai yahi vo andaz hai	0	0
mai aai aai aai aa jaa	0	0
pyaar kar le ghadi do ghadi o mitva	0	0
gudiya ki tarah hilti hai, gudiya ki tarah hilti hai	0	0
vo kaun hai vo kaun hai	0	0
dekh o dilbar jani bol prit teri divani	0	0
tera wajood hai	0	0
ho abke baras toh barasengi ankhiya	0	0
dil ki baate chhed du, dar hai bas is baat ka 	0	0
tu babu main banjaran tu babu main banjaran 	0	0
jaise bikhre huye ho afsane	0	0
phir wahi dhun suna, phir wahi geet ga	0	0
duniya pagalakhana hai	0	0
phir kyo mere ag jalaataa	0	0
sab aa baithe ghar par mere ghar ban gaya hotal	0	0
vardan ke bhare hai bhandar ma ke mandir me, ma ke mandir me	0	0
meri hasrat hai ke mai phir tera deedar karu	0	0
la:	aa jaa re	0	0
ek jaan hai ham, yaad teri	0	0
main solah baras ki, tu satrah baras ka	0	0
hai nada teri, ye ada, khub hai	0	0
dhadkan jagata chal o matwale 	0	0
na ho koi jahan me	0	0
vaid shastro ki bhasa ko 	0	0
me ban gae eski amma ji,  tum eske aba ban jao	0	0
ek rangila mil gaya aisa uski aur chali mai	0	0
bhar de ye ulfat ki jholiya	0	0
ek beiman ne masjid me churaya juta	0	0
yeh toh hai banzare yeh tum kaho pyare	0	0
in jhukati palako ke sivaa, dil kaa thikaanaa aur nahi	0	0
mushkil se mile par mil to gaye hai aakhir aaj ye dil	0	0
yahi sunate, samajhate, guzar gae jane kitane hi savan	0	0
aaj nahi to kal bajegi angna mein shahnai 	0	0
baadal hai ya dhuwa aag lagi kaha	0	0
aa bhi jaa aa bhi jaa aaj mere sanam	0	0
shukriya, karam maharbani	0	0
chham-chham baaji meri payal, dil dushmano ke hue ghayal	0	0
misri ki daliya ho misri ki daliya	0	0
kuch aahe bhar kar lot gaye kuch nagame gakar chale gaye	0	0
mai khich lu pakad ke mai khich lu pakad ke	0	0
rup ki ek mastani ko	0	0
dil me tufan tha, ek araman tha 	0	0
shyaam kaa divaanaa to saaraa br^ij dhaam	0	0
kaliyo pe ye behoshi ki nami	0	0
sab karate the gulami sab karate the gulami 	0	0
dil karta hai yu yu yu	0	0
kaise benuur hone lage	0	0
ek din vo chhupa munna dhundhe na mila munna 	0	0
na jane magar kin khayalo me gum ho	0	0
saki se nahi mangi chullu se nahi pee hai	0	0
hey jai jai shiv shankar kaanta lage na kankar 	0	0
chamka chamka subah ka tara	0	0
kahi to milegi, kabhi to milegi	0	0
taare na jane unchayi gagan ki	0	0
badhtaa hi rahe aur phule-phale 	0	0
guzare hai aaj ishq me ham us maqaam se	0	0
niharo hamari ye prit nayi	0	0
tumhen aur kya dun main dil ke sivay 	0	0
jo samjhe wo pagal na samjhe wo pagal	0	0
khali hai botal to kya mujhko aankho se thodi pila de	0	0
o o mere raaja 	0	0
agar mara jaau ruh bhatakegi tere intzar me 	0	0
yeh rang hain mere pyar kaa jo khila hain banake bahar	0	0
tujhko nahi ye pata dilruba	0	0
naam niklega tera hi lab se	0	0
jis dil me basa tha pyar tera	0	0
unhi se mujhe maaganaa chaahate ho, bade 	0	0
mai to, mai to bhul gaya raahe	0	0
aa gayi jaan na_i	0	0
jaan gai mai to adaaen hai ye pyaar ki	0	0
yeh jo teri aankhe hain shola shabnam ki	0	0
mera pishta khane wale hindi bhayi bhayi	0	0
dur tak aap ke pichhe pichhe meri aavaz chali aayegi	0	0
aa jaati hai lab pe khud hi bhuli bisari baat	0	0
sahib ne bulavaya haazir hun mai aaya	0	0
aurat ne janam diya mardo ko	0	0
pyar mein dil pe maar de goli le le meri jaan	0	0
ek khwaab sa dekha tha hamne	0	0
machal utha yeh dil nadan bada jiddi badi mushkil 	0	0
ga re mere sang mere sajna	0	0
hay tera dil kyo murajhaye, ho ho ho ho ho	0	0
ik pal ke musafir ke daman se lipatana kya	0	0
bajti hai chudi teri dhadkan se                        	0	0
ham ko bhi yaar na bulaana yaar ka salaam lete jaana	0	0
phul khilaa jaana-e-man tu hai kahaa 	0	0
mai aaya aap jate hain ham aapse sharamate hain	0	0
naach re mayur jhanjhana ke ghungharu	0	0
mujhe le chalo jaha tum	0	0
jaapaan love in tokyo	0	0
jeena dushvaar hai, hai hai	0	0
khushi ke nashe me aise hi maje me aaha	0	0
pankh bina ye udti jaye	0	0
kya-kya divane me	0	0
dil kahen dildaar mila, ham kahen hamen pyaar mila - (2)	0	0
chehara hai jaise jhil me hasta hua kaval	0	0
venice me navo ki saire ye git gati hui lahare	0	0
ye pav mere to tab bhi thirakhte 	0	0
chale mere isharo par	0	0
har bat pe aahe bharte ho, har bat pe dil tharrata hai		0	0
tere bas mein hai kya	0	0
kal ka bharosha kya bharosha nahi pal ka	0	0
maza tir khaake sambhalne me hai	0	0
nazaro se gira hu to nazar kaise milau	0	0
bali umar mori bada tadpaye re nind naa aaye	0	0
tu to hai diwana bahke ja mahke ja	0	0
tum agar mujhase na nibhaao to koi baat nahi	0	0
na jane kis ka saya dil se gujra	0	0
sone ko ek khatiya 	0	0
mai mandir pahucha ha ji, ek bachcha dekha ha ji	0	0
rag-biragi is duniya ka rup hai kya	0	0
har gunah aaj mukaddas hai farishto ki tarah	0	0
naina barse rimjhim rimjhim	0	0
kukurukukuruku uh hu uh huh huh huh huh 	0	0
tum agar mujhako na chaaho to koi baat nahi	0	0
kabhi ye rasta hai	0	0
phool se gaalo pe rukne ko tarasta pani	0	0
mosam ye pyar ka, sajo singar ka	0	0
aapki manzil hun mai, meri manzil aap hai	0	0
hello, aap yaha aaye kisliye, aapne bulaya isliye	0	0
begani shadi me abdulla divana	0	0
   kaliyaan naa mile naa sahi kaanto se sajaaege	0	0
jahaan pe dekhi koyi achchhi ho	0	0
is mod se jaate hai	0	0
oye behki-behki chal chal haye 	0	0
kaisi pyaari si hai ye chhoti si rasoi	0	0
har saval ka saval hi javab ho	0	0
vo kaun hai vo kaun hai sab ko samajhata hai	0	0
ke teri meri nahin nibhni	0	0
hasino ko pasina kehte hai usko mina 	0	0
kyon ke saanvariya ko sapno me aana hai	0	0
ke is zindagi me sabhi pi rahe hai	0	0
meri aawaz suno, meri aawaz suno	0	0
la la la la la la la la, la la la la la la la la	0	0
mang teri sindur bhi tera sab kuch tera kuch nahi mera 	0	0
tumhare pyar ki bate 	0	0
bhole sitamgar maan bhi jao, maan bhi jao, maan bhi jao	0	0
tadapu idhar udhar,tadapu idhar udhar	0	0
YJ2AHmJBVi0	0	0
afsos ye hai ke vo hamse	0	0
mar jae, mit jae, ho jae badanam	0	0
hey sima sima sima	0	0
jahaan se tum mod mud gaye the 	0	0
par shadi ke naam se darati hun	0	0
chain na paye re hiya, wah re pyar wah re wah	0	0
soyi hai rajkumari, soyi hai	0	0
chham chham nachegi chhori 	0	0
jaag uthi ummide sari	0	0
ye kagaz ke phul hai sare	0	0
ho dhanno tujhe khwaab me dekhaa hai	0	0
besura ye baja ru ru ka, kambakt murbba chu chu ka	0	0
ho udti chidiya pinjre me band kar li 	0	0
khadi thi waha pe ek hasina masti bhar ke badan me 	0	0
tu na jane, divane, dikhaun tujhe kaise mai ye dil ki lagan	0	0
mai diye ki aisi baati jal na saki jo bujh bhi na paati	0	0
o aaja meri raato mai lahak raha re tera kajra	0	0
baar baar puchho na, kya dil se bhi kaam lo	0	0
rahkasa mera naam	0	0
teri mithi nazar, mujhe tok deti hai kyo	0	0
us gaanv pe sawaar kabhi sajke 	0	0
mai hu dharti tu aakhash hai o sanam	0	0
kaise kaise bhed chupaye kaise kaise bhed chupaye	0	0
nach meri jan ay fata fat fat, bat meri man oy fata fat fat 	0	0
man ki dholak tan kaa sitar	0	0
aise koyi pas aaya ki aa gaya lutane kaa maja	0	0
ye jo dushman hai aise dono razi ho kaise	0	0
jachataa hi nahi aankho me koi	0	0
bahaaro ki manzil raahi 	0	0
jeet na jaye ye duniya kahi har na jaye pyar	0	0
kya karege barasake, ke jab murajhayega ye sara chaman	0	0
tumhari tasvir hai nazar me charag jaise ho rahaguzar me	0	0
tu nahi aur sahi	0	0
ye jamana hil gaya 	0	0
mai tulsi tere aangan ki, mai tulsi	0	0
nach uthe man jhume zamana	0	0
tauba meri tauba mai to shadi karke bhula 	0	0
muhabbat kaa roshan sitara kiya	0	0
zara saa mere paas aa kyoon bhala	0	0
aao na pyar kare hum aur tum nach kare	0	0
mohabbat hai kya chiz, mohabbat hai kya chiz 	0	0
sipahiya se, sipahiya se puchho	0	0
mera yaar bada sharmeela honton pe inkaar sa hai	0	0
bana jawani me tu jogi, teri sadhana puri na hogi	0	0
maein pyar ki khatir mit jaaun	0	0
jo hamne daasta apni sunaayi, aap kyo roye	0	0
apaki chhaya hai ham pe toh kar jayenge kam koyi	0	0
puran kar de meri asha aaj mujhe apna le apna le	0	0
itne pawan hain log jaha, ho itne pawan hain log jaha	0	0
apano se jab thes koyi lag jati hai	0	0
no no no, shadi na baba na	0	0
radha kyo gori mai kyo kala 	0	0
boli titli dono pankh pasaar	0	0
ham tumhare hai sanam, tum hame pahchan lo	0	0
kahte hai gyani, duniya hai faani, pani pe likhi likhayi	0	0
apne pe hans kar jag ko hansaya	0	0
a b c d chhodo naino se naina jodo	0	0
ish dard ko lekar jeeta hai, ish dard ko lekar marta hai	0	0
chhalakaae jaam 	0	0
machalta sisakta hua dil milega	0	0
paav me payal hai, hatho me anchal hai	0	0
ham aaj tak khade hai usi dil ke mod par	0	0
tota maina ki kahani to purani purani ho gayi 	0	0
aaja dil ke hotalon me ghuum le zara	0	0
aayi maakhan ke choro ki sena	0	0
saath baras ki umar me aise chehra kisika khilta hai	0	0
ya dost nahi to nahi to nahi ladki hoti	0	0
ab na koi naukar hoga aur na koi aaka	0	0
ghaayal man ka pagal panchhi udne ko bekaraar	0	0
yaro mujhko hosh nahi sar mere junun hai	0	0
mohe pi kaa sag da_i de	0	0
yah to bolo hogi kahaan pe ladaai	0	0
naa main sapna hu na koi raaz hu ek dard bhari aawaj hu 	0	0
kal hoge phir ham saath	0	0
abb sharab ne sath diya toh, tujh bin jina sikh liya	0	0
kinare pe rahti hu phir bhi mai pyasi	0	0
paas aake ye aapake hame, hone laga ehasaas hai	0	0
samajh gaya mai, vahi purana, tera bahana	0	0
is lashkare se aake dvaare se 	0	0
kudrat ne badan uska fursat se banaaya hai	0	0
khade khidaki pe jogi svikaar kar le jhuthaa hi sahi	0	0
jidhar se guzare ham masti me bahar aayi us basti me	0	0
wahin meri manzil kaise jaau bhool	0	0
aaja re pardesi	0	0
jhumka giraa re	0	0
bhul meri chhoti si bhul jao mata	0	0
kajal ghatao ne jara bikhara diya	0	0
pasad usane jamuna kinara kiya	0	0
humane maanaa ye jamaanaa dard kee jaagir hai	0	0
tumase milege ban ke kali ban ke 	0	0
apani maasum javaani ki panaaho me raho	0	0
raat ko khaao piyo, din ko aaram karo	0	0
char kadam chalte hai phir kho jate hai	0	0
tumko nach nacha dungi koi kabu na chalega 	0	0
hamaari haalat tumhaari hoti 	0	0
hosh me aaja dhyan kidhar hai	0	0
mai hu kheto ki daasi tu kheto ka raaja	0	0
aasma inka, jami inki, zamana inka	0	0
ha tumhare aur kitne thikane hai	0	0
koyi nagin jo samjh baitha to phir	0	0
spring is the season, that drops the reason of lovers 	0	0
kahin aana jaana bhool gaye	0	0
aae haay, kaan me jhumaka, chaal me thumaka, kamar pe choti latake	0	0
aisa koyi jatan karo prabhu saanch ko aanch na aaye	0	0
gunjati har gali, prem jhankar sey	0	0
help me please to find the locker	0	0
kali ghata ko dekho parwat ka mukhda chumke	0	0
tu yeh maane ke na maane, log maanenge jarur	0	0
aawaaz de ke humein tum bulaao	0	0
guni jano re bhakt jano, guni jano re bhakt jano	0	0
dil ne dil se kya kaha kya pata	0	0
kan me jab tak mail rahegi kaise sunega bata	0	0
hame dosti ki qasam dosto	0	0
jaise sagar se lehar uthhatee hain	0	0
puri hogi har tamanna, chhu lunga asaman ko badhkar	0	0
are rag bharega sapno me, ankho me jab ye bas jayega	0	0
chirag kahan roshni kahan, ag lagey nahin utthe dhuan	0	0
mulakat ki iftijaa ho gayi	0	0
aaye jaye yaha naa koyee ye gulsitan hai mere liye mere liye	0	0
tha juda sabse mere ishq ka adaaz suno	0	0
tyaag de fir sansaar ko praani ban me bas jaana 	0	0
husnwale ki nishani mankar nishani mankar	0	0
chun-chun ke dekha to kaante mile	0	0
muthukodi kawadi hada muthukodi kawadi hada	0	0
chirag kahan roshni kahan, chirag kahan roshni kahan	0	0
amma ki kasam khako, kha lunga jahar thoda	0	0
mai kaise kar lu pyar nile gagan ke sare badal 	0	0
o mitava re e e e  	0	0
tum to paraye ho yun hi lalchaye ho	0	0
jai ho patni rani har pooja se badkar dekhi	0	0
ham hee ham chamkenge taro ke us ganv me	0	0
titli ko mil gaya mann chaha pyaar	0	0
bagawat chhod  di maine, bagawat chhod  di maine	0	0
ho jab beti doli mein baithe, baabul ka ghar chhod e	0	0
ram kare kahi naina na uljhe	0	0
sone ke sinhasan pe baithe meri pyari ma	0	0
hum pyar me the nadan bahut	0	0
naa mil sakungi tujhko meri justaju na kar 	0	0
tum kisi aur ko chaahogi to mushkil hogi	0	0
dilaruba maine tere pyar me kya kya na kiya 	0	0
jab jab ye rup saja sajna	0	0
hotho se laga lo to sharaab ham hai, ho sharaab ham hai	0	0
qudarat ne jo hamako bakshaa hai	0	0
andar karlo are aankh michke chahe ho vo maal paraya	0	0
main daal-daal wo paat-paat, main pasina wo baag-baag 	0	0
rang laya hai dupatta mera maila ho kar	0	0
yaha tujhe khona tha, badnam hona tha, hua	0	0
dabi-dabi halki-halki hasi ki adaao me	0	0
meri diwanagi dekho ki kahana maan ke dil ka	0	0
sharma gayi main haye haye	0	0
o mere hamdam yak hai mushkil, kar ke rahenge hum tujhko hi hasil	0	0
zahar chupke se dava janke khaya hoga	0	0
abru ki katari ko duaab aur jyada	0	0
ek ek surat hai shkale mohabbat	0	0
koi dil hamare bhi mithi najar 	0	0
laagaa, chunri mein daag …	0	0
iskaa hai matlab dekhe hain tumne laakhon haseen	0	0
phul to mali ne bas sapno me hi bate	0	0
sabko maalum hai aur sabko khabar ho gayi	0	0
o tut jaayegi, tut jaayegi har hathkadi	0	0
chor lutere daku fire hai awara kahi	0	0
najare toh uthake dekh jara, tere samane yeh divana hai	0	0
are ga rahe hai sang tere sajna	0	0
ye shaam dhal to le zara, ye dil sambhal to le zara	0	0
ye gilaa hai aap ki nigaaho me	0	0
aur suni si lage tumhe jivan ki ye dagar	0	0
kya bhukh lage hai zyada 	0	0
zara nazare mila le, samajhi	0	0
bhukh lage to ye bachche ansu pi kar rah jate hai	0	0
my love encloses a plot of roses	0	0
ek tu na mila, sari duniya mile bhi to kya hai	0	0
yaar ke hasti hi     (2) 	0	0
kirno ki rani gaye jaago he 	0	0
ithalana ye sharmana ye agadai ye tanhaai 	0	0
pyar se pyar karo ye umr pyar ki hai 	0	0
ye duniya hai us ki jo duniya se khele	0	0
jab dudh nahi kam anguthe se chala le	0	0
ek dhundh se aana hai ek dhundh me jaana hai	0	0
samjhegaa kaun yahaan	0	0
dekho mere sang iske nainon ka jaado	0	0
jhule ki rassi tut gayi to, anchal bichhaungi	0	0
chhod  de meri baaho ko	0	0
aaj ki kushiya ek haqiqat kal ki kushiya afsane hai	0	0
ek ruthi hui, taqadir jaise koi	0	0
mai toh chala jidhar chale rasta	0	0
yaad aa gayi wo nashili nigahe	0	0
mai tere dar pe aaya hu kuch kar ke jaunga	0	0
milake bajao baaja, halva khaao taaja	0	0
ho.. pyar ki inhi dhadakti	0	0
paisa kya karna hai tere liye jina hai	0	0
tu bhi kamal ki hai hum bhi hai kamal ke	0	0
sasure ko mat bore karo	0	0
diwana dil hai ye dil diwana	0	0
kya kub najar rahu-ketu ki padi hai	0	0
batla do is jahan ko samjha do khija ko	0	0
utha tufan wo, utha tufan nach ke	0	0
mai janata hu ke tu gair hai magar yuhi	0	0
mausam bita jaye, mausam bita jaye 	0	0
chali-chali re patang meree chali re	0	0
dil ki dosti khel nahi koi	0	0
ham sala badalega han ham sala badalega	0	0
ho vaqt naya ho raat nayi ho baat nayi ho mile jaha par	0	0
yaari apani nibhegi kya humko zara sochne do	0	0
man kaa mayuraa aaj magan ho rahaa hai	0	0
pani me sip jaise pyasi har aatma	0	0
ek deewaane ka, pehala salaam lo	0	0
achcha chalo so jate hain achcha chalo so jate hain	0	0
tumhara kuch na bigdega magar dil tut jayenge	0	0
chaandi ke khilaune si phulon ke bichhaune si	0	0
kaise aaun jamuna ke tir kaise aaun kaise aaun	0	0
dil se mila hai dil bate yahan bad hai, bat hai ye asali  	0	0
kallu kavval kallu kavval	0	0
aur apne khun ki qimat yaha kuchh bhi nahi	0	0
khushbu se teri tan ko basa ke 	0	0
jhumka giraa re bareli ke bazaar me	0	0
chaand chakori ki prem kahani 	0	0
yeh din toh aata hai	0	0
meri aawaj ko dard ke saj ko tu sune na sune	0	0
main maike nahi jaaungi, re maike nahi jaaungi	0	0
unhen kya bichadne ka kuch gham nahin	0	0
hamko dekho ghut hansi ke pi kar ham kaise muskaaye	0	0
dono dhan apna aadha aadha	0	0
ladka aur ladki razi phir bhi na mane qazi	0	0
ek chhoti si jhalak mere mitane talak	0	0
jane ke baad, aate hai yad, guzare hue vo mele	0	0
zubaan par kabhi baat aisi na lana, kyo	0	0
lekin mere mann se chhipana mushkil hai mann basiya	0	0
chachal shital nirmal komal, sagit ki devi svar sajani 	0	0
koi nahi mai tere sajan ki koi nahi mai tere sajan ki	0	0
tum nahee kuchh nahee 	0	0
ham dil se gaye,ham dil se gaye haay, ham jaan se gaye 	0	0
shaadi ke baad o baap re	0	0
khaatun ki khidamat me salaam apun ka	0	0
raha radha kaa pyaar bhee aadha	0	0
dilli mein jamuna dilli mein jamuna	0	0
dhire dhire machal aye dil-e-bekrar	0	0
ye milan ki raina hai koi gam ki rat nahi	0	0
ishq jab duniya ka nishana bana	0	0
pathar ke sanam ab kuch to kaho 	0	0
morni ban ke raah taku 	0	0
aandhiyaan vo chali, aashiyaa lut gayaa	0	0
ho tera kya kahna	0	0
tu chali ai duhai oye kya bat ho gai 	0	0
magar ham hameshaa tumhaare rahege	0	0
dhani chunari pahan, sajke banke dulhan	0	0
zindagi bhar nahi bhulegi wo barsaat ki raat	0	0
khoj rahi hai piya pardesi ankhiya, aaye na baalam	0	0
jinke saath lagaye tune armano ke mele	0	0
ishq vale to khudai bhi luta dete hai 	0	0
kya khabar thi	0	0
kahe diya pardes tukde ko dil ke	0	0
ham ho ke divane aaye hai, aaye hai	0	0
ham ko wahaan na bulaana aakhri salaam lete jaana 	0	0
tu mere dil ki mahfil mein	0	0
o yaha dil par kisika na baira	0	0
humko aana padega	0	0
chhayenge chhayenge ya ya 	0	0
dono ki rushwai 	0	0
nahi the ham kisi kabil jagah de di hame dil me	0	0
aasmaano se badhnaa hai aage	0	0
tare na jane pyase papihe ne aas thi bandhi	0	0
pita jaisa sasur ji ka bhes, piya ka ghar pyara lage 	0	0
tukar tukar kya dekhta hai beiman	0	0
ho jaaoge tum badnaam	0	0
oh ho ho khoya khoya chand, khula aasman	0	0
parbat ke pichhe, chambe da gaanv	0	0
muhabbat ki daasta aaj suno ye muhabbat ki dasta suno	0	0
dusri to yaar ki judaai maar gayi 	0	0
paudar vaale dudh di malaai maar gayi 	0	0
kafi nahi yeh, yeh zindagani de de	0	0
tum vahee sange marmar kee tasvir ho	0	0
yeh naa samjho koyi gaafil rehta hai, ta ra ra ra	0	0
baaho me yar ke hi duniya bahaar ki hai	0	0
kahe satati hai ri, ayi ayi	0	0
pyaar ka bandhan janam janam kaa	0	0
meri pyari bahaniya banegi dulhaniya	0	0
mardo ne banayi jo rasme, unko haq ka farmaan kaha 	0	0
pyar me kya hindi marathi ka kam 	0	0
mai to khelungi, mai to chhedungi	0	0
dil ki lagi hain tum dillagi naa samjho	0	0
yahan pe aana aasan hai par yahan se jana mushkil hai	0	0
bundo kee rim-jhim se jagee aag thandee hawa me	0	0
bin aam ki guthali ha ji, bin aam ki guthali ha ji	0	0
sabki najar se dara karo	0	0
tum agar meree najaro ke aage raho	0	0
abb to kar le ekrar yar pyar kiye ja	0	0
chhupaana hamse zara haale-dil suna de tu	0	0
jab pyar kiya ikrar kiya manenge ham nibhake	0	0
nil gagan par udate baadal aa aa aa	0	0
kis kam ki ye duniya jo zindagi se khele re	0	0
dam maro dam, mit jaye gham	0	0
dhup me jalta khet hamara, kar de tu chhaaya	0	0
kuch tum jalna kuch mai jaloonga 	0	0
haay	0	0
lekin tujhako bhi to neend na aayegi 	0	0
do din ka ab tera basera babul ke is aagan me	0	0
jane kya hoga baho me jo aaye haye 	0	0
tumko mujhse pyaar hai, hai 	0	0
kar us hasin ko salam, aankhon se paigam de	0	0
humko na kahi ka chhod a tum jaise 	0	0
jhutha hai ye gussa tera sachcha nahi	0	0
manchahe sathee pake ham sab key chehre dekho toh kaise khile hain	0	0
mosam pahle na tha kabhi itana gulabi, itana gulabi	0	0
mohabbat ke mod pe ham mile sabko chhod  ke hum 	0	0
dede ke qayamat ko davat ek aafat se takarana tha	0	0
rang naya hai rup naya hai	0	0
likh liya naam ispe tera	0	0
har khushi ittafaaq hai	0	0
main hu payal saajna, aur tu jhankaram 	0	0
behki behki chaalon ki sheher se door nashe mein choor	0	0
ghoda bankar dekh mai dodta hu	0	0
aa la aa udi baba	0	0
mere dilbar	0	0
shabanam ham hai aur tum shola ban jaaya karo	0	0
aaj ujad ke rah gaya vo sapno ka gaanv, ho 	0	0
vaqt hai kaanto kaa taaj	0	0
dhundh hi layenge dil ke sahare	0	0
mad-mad pavan thaa chal rahaa	0	0
ye tarasa kar chale jaanaa	0	0
chandi ki kursi pe baithe meri chhoti bahna	0	0
tum gusse me lagteiho aur hasin	0	0
ke tumase kitanaa pyaar hai	0	0
ye dil beqarar kitna, ye hum nahi jante	0	0
ek nahi do nahi teen nahi chaar nahi	0	0
sajaaungaa lut kar bhi tere badan ki doli ko	0	0
ik chiz maangte hai kya	0	0
koi hukum hai asmani, yahi pyar ki hai kahani	0	0
sach puchho to mere dil me, pyar ille ille 	0	0
ek baar karata, koi pyar karata	0	0
tere isharo pe chalata rahega o mere katil	0	0
rukte hum to ruk ruk jata, dhalta suraj dhalte dhalte	0	0
kab rokne se rukate hai diwane 	0	0
allaa meri tauba	0	0
o you miss tengo kuch tum bhi to samjho	0	0
koi khushabu kahi bikhari lagaa 	0	0
ho jaate ho jaana jaana aakhri salaam lete jaana	0	0
jaam pakad badha ke haath maang dua ghate na raat	0	0
nind me bol rahi lori kya kya, maine sapane sajaaye rasiya	0	0
achchhaa ji, are nahin nahin nahin nahin	0	0
zara samne to aao chhaliye	0	0
is raat me mulakat me mat naam le kisi gair ka	0	0
5) dupatte ke kone ko munh me dabaa ke	0	0
zindagi gum ka sagar bhi hai, has ke us par jana padega	0	0
pyar hi me kho gaya yeh jindgi usi ki hain	0	0
gunagunaaugaa yahi git mai tere liye	0	0
bago me phulo ke khilane se pahale	0	0
jaha shyam ne bansi bajai re teri meri shadi si bhi sadi	0	0
aap jaise zaalimo ke zulm ki ijaad hai	0	0
is duniya mein koyi tera apana to kya begana na ho 	0	0
thode se laal bahadur ho, thode se ho nehru jaise	0	0
kabhi khole na tijori ka taala	0	0
jab manayenge wo man jaungi mai	0	0
saaja-ye-gam par jo khushee ke geet gaataa jaayegaa	0	0
kashti bhi gayi hath se, patvar bhi chhuta	0	0
ye bijli rakh kar jayegi tere pyar ki duniya	0	0
usi diwane ki banungi mai laila	0	0
sapno ka jaha aabad kare	0	0
juda hoke mumataz rani gayi rulati hui zidagani gayi	0	0
badi mushkil se fursat pyar ki milti hai dilbar	0	0
majburi thi phir bhi maine	0	0
teri thi ye jawani shuru ab hone lagi hai	0	0
aaj kal me dhal gayaa, din huaa tamaam	0	0
ye hai teri-meri jindgani ka sach	0	0
aiyo muthukodi kawadi hada aiyo da amma	0	0
intzar ke ek ek pal ka badla lunga, aisa bhi kya	0	0
ye insaf nahi karta kisi ko maf nahi karta	0	0
o dil fasa hai bebasi ke jaal me	0	0
lambi lambi rate chhoti mulaqaate bhul gaya tha mai do char bate	0	0
mere paas kothi hai na car sajni, car sajni	0	0
hum pyar ke pyase logo ki, hum pyar ke pyase logo ki	0	0
teri ye javani, alabeli ye paheli, hai akeli 	0	0
o jiyo jiyo jiyo jiyo jiyo mere lal 	0	0
kisi ke pyaar ko pyaar se sajaao	0	0
tu hai to hoga par baato me teri ras hai	0	0
yahoo yahoo	0	0
jab pyaar kisi se hotaa hai ye sanam, o ho	0	0
dil ka tufan apani ravani pe tha	0	0
mere jivan saathi pyaar kiye jaa	0	0
hey maine kisiko dil deke kar li, raate kharab dekho	0	0
duja na aaye koyi naino ke gaanv me	0	0
ham khele tufano se is dil ke armano se	0	0
muhabbat bade kam ki chiz hai, kam ki chiz hai	0	0
s se hota hai singar, c se hota hai course, o se orkestra	0	0
rag bina na kheli jae is jivan ki holi	0	0
ae dilbar mere lab par kab chhalkega tere lab ka jaa jaa jaam	0	0
mujhe tu bandi bana legi kaise	0	0
mot jivan banke aati hai aati hai 	0	0
sona le ja re chandi le ja re, o paisa le ja re	0	0
maili na ho dhundhali pade na 	0	0
maana tufaan ke aage, nahi chaltaa zor kisi kaa	0	0
meri sun le sadaa re	0	0
le gayi dil kudiya  japaan ki	0	0
ab mai kaha hu sab tu hi tu hai	0	0
tere mere milan ki ye raina	0	0
sanket milan ka bhul na jaanaa, mera pyar na bisarana	0	0
arey chobis ghante jage, uski aankh kabhi na lage 	0	0
manzil apni paayenge sab ke din phir jayenge	0	0
aur filmi gaane gaate hain, aur filmi gaane gaate hain	0	0
haay haay haay haay 	0	0
jara mil humse lehra ke jane mujhe kya hua re 	0	0
jaane hai duniya saari	0	0
bhai ke ujle maathe pe, bahan lagaye mangal tika	0	0
gori gori baaho pe jaise tera hath hai	0	0
dekh lo aaj ke insan ki halat kya hai	0	0
mai hu thumari toh tu hai khayal	0	0
baat ye khwab ki, sacch magar ho gayi	0	0
jayiyo kahaan ai huzur	0	0
gal ka matlab baat	0	0
zara sa sidho ho ja zaalima mhaaro jiyo bhatake 	0	0
teri gali na chhodu duniya main chhod du	0	0
tumko hansa diya pyaar sikha diya	0	0
muraden ho puri, saje har tamanna	0	0
kajarare chanchal naino me suraj chand ka dera	0	0
jahaan tu hai vahaan mai hun mere	0	0
ai jayi jo jayi, jayegi kaha ai pori	0	0
aasaan ho jaaye safar	0	0
le le hamko bhi sharan me o khatmal 	0	0
phul saa komal, baan madan ka 	0	0
dil ne ki jo pyaar to duhaai maar gayi 	0	0
jab se basi ho nigaaho me 	0	0
lakadi ki kathi kathi pe ghoda	0	0
dhire se dhire se kaho yeh bat piya, jag apna nahi begana hai	0	0
bandhi balam kismat ki dori	0	0
kasam hai tujhe dil ki jan-e-tamanna	0	0
mere tan ko chhu rahi hai prit ki pahali pavan	0	0
koi or na rasta duja 	0	0
humara naam, banarasi babu hum hai banaarasi baabu	0	0
karti jyoti amrit ke sinchna	0	0
chhodo mat chhedo bazaar jaao	0	0
chale the saath milke	0	0
dekho mujhako dilavalo ha 	0	0
jam hai payam hai jindgi	0	0
dil bhi rakhte hai jigar bhi	0	0
ham is ghar ke naukar hain, malik ka mal bachayenge 	0	0
do badan ek din ek jaan ho gaye	0	0
hava pe baith ke, chale ho aith ke, kaha	0	0
geet panaghat pe kis din gaayegi tu	0	0
dur tak roshani hai raaho me	0	0
bigdi banaado bhagwaan prabhuji meri laaj rakho	0	0
kaise aaun kaise aaun	0	0
aji thahro zara dekho kuchh socho zara samjho	0	0
dekh rahe the sab dekhe jag ka naksha	0	0
tu ru ru ru, tu ru ru ru, tera mera pyar shuru	0	0
to gaao om shanti om, shanti shanti om	0	0
hum pyaar karne waale hai, koi gair nahin	0	0
chup chup chup kyu baithi ho	0	0
jaadugar saiyaa	0	0
ke gaal in ke dekho ke chaal in ki dekho	0	0
badi der bhai nandalala teri rah take brajabala	0	0
ye kaisa nasha hai ye kaisa asar hai 	0	0
naino se naina milake dekho to zara	0	0
ham bekhudi me tumko pukare chale gaye, ham	0	0
jo pyar kiya, jo pyar kiya 	0	0
sitaaro ki manzil raahi 	0	0
kahaan, wahi jahaan koyi aata jaata nahi	0	0
jaane tumhe maine koi dhokha diya, jaane tumhe koi dhokha hua	0	0
jal rahi hai ye zamin jal rahaa hai aasmaan	0	0
jab nain chura kar dekh le saiya dhadke jiya har baar	0	0
chaye kuch karle 	0	0
rishto ki mehandi le aao rishto ki mehandi le aao 	0	0
hamne tumhe pyar kiya hai anjane me	0	0
baarha aise savaalaat pe rona aaya	0	0
are doctor ki biwi na banana kabhi, na banana kabhi	0	0
chaahe badle aasman aur chaahe badle ye zamin	0	0
Û•$œ.&&&&&a¤Œ¦  ¦¦¦¦¦¦¦¦¦¦¦¦¦¦¦¦¦¦¦¦¦¦¦¦¦¦¦¦¦¦¦¦¦¦¦¦¦¦§vwvë·§vwi¨Yœ.&&&&&a£Œ¦  ¦¦¦¦¦¦¦¦¦¦¦¦¦¦¦¦¦¦¦¦¦¦¦¦¦¦¦¦¦¦¦¦¦¦¦¦¦¦§vww«òÙ§vwvryÿœ.&&&&&a¨Œ¦  ¦¦¦¦¦¦¦¦¦¦¦¦¦¦¦¦¦¦¦¦¦¦¦¦¦¦¦¦¦¦¦¦¦¦¦¦¦¦§vwtÈ4é§vwt³èœ.&&&&&aŸŒ¦  ¦¦¦¦¦¦¦¦¦¦¦¦¦¦¦¦¦¦¦¦¦¦¦¦¦¦¦¦¦¦¦¦¦¦¦¦¦¦§vk9Õ}§vk9«ô	œ.&&&&&ašŒ¦  ¦¦¦¦¦¦¦¦¦¦¦¦¦¦¦¦¦¦¦¦¦¦¦¦¦¦¦¦¦¦¦¦¦¦¦¦¦¦§vk9U¤§vk9Õ}œ.&&&&&aéŒ¦  ¦¦¦¦¦¦¦¦¦¦¦¦¦¦¦¦¦¦¦¦¦¦¦¦¦¦¦¦¦¦¦¦¦¦¦¦¦¦§vkLÜ"§vkLÜ"œ.&&&&&aþŒ¦  ¦¦¦¦¦¦¦¦¦¦¦¦¦¦¦¦¦¦¦¦¦¦¦¦¦¦¦¦¦¦¦¦¦¦¦¦¦¦§vkXXÜK×Ú  ¹«§½¦ª¦3¦§ð¦~§?§z¤¹¤Ä¦3¤¤F¥…¥À¥¥À¥¦¦¦¦¦¦¦¦¦¦¦¦¦¦¦¦¦¦¦¦¦¦¦¦¦¦¦¦¦¦¦¦¦¦¦¦¦¦œ$f&&&&O„Œ¦  ¦¦¦¦¦¦¦¦¦¦¦¦¦¦¦¦¦¦¦¦¦¦¦¦¦¦¦¦¦¦¦¦¦¦¦¦¦¦§v|Ñ[gÜ§v|Ñ["èÔœ$f&&&&Oœ$f&&&&O¨Œ¦  ¦¦¦¦¦¦¦¦¦¦¦¦¦¦¦¦¦¦¦¦¦¦¦¦¦¦¦¦¦¦¦¦¦¦¦¦¦¦§v}¼PÉÂ‘§v|Ñ\|šrœ$f&&&&NØŒ¦  ¦¦¦¦¦¦¦¦¦¦¦¦¦¦¦¦¦¦¦¦¦¦¦¦¦¦¦¦¦¦¦¦¦¦¦¦¦¦§v|Ñ^+™ø§v|Ñ^­*”¦¦¦&&&NÝŒ¦  ¦¦¦¦¦¦¦¦¦¦¦¦¦¦¦¦¦¦¦¦¦¦¦¦¦¦¦¦¦¦¦¦¦¦¦¦¦¦§v|ÑQÎáåœ$f&&&&NÝŒ¦  ¦¦¦¦¦¦¦¦¦¦¦¦¦¦¦¦¦¦¦¦¦¦¦¦¦¦¦¦¦¦¦¦¦¦¦¦¦¦§v}¾>úñ§v|ÑQÎáåœ$f&&&&O¤Œ¦  ¦¦¦¦¦¦¦¦¦¦¦¦¦¦¦¦¦¦¦¦¦¦¦¦¦¦¦¦¦¦¦¦¦¦¦¦¦¦§v|Ñ_ú*§v|Ñ^hzâœ$f&&&&O£Œ¦  ¦¦¦¦¦¦¦¦¦¦¦¦¦¦¦¦¦¦¦¦¦¦¦¦¦¦¦¦¦¦¦¦¦¦¦¦¦¦§v|Ñ_"Ö§v|Ñ_ŒÏjœ$f&&&&O®Œ¦  ¦¦¦¦¦¦¦¦¦¦¦¦¦¦¦¦¦¦¦¦¦¦¦¦¦¦¦¦¦¦¦¦¦¦¦¦¦¦§v}¼À¡¼§v|Ñ\“×ãœ$f&&&&O­Œ¦  ¦¦¦¦¦¦¦¦¦¦¦¦¦¦¦¦¦¦¦¦¦¦¦¦¦¦¦¦¦¦¦¦¦¦¦¦¦¦§v}¼5}›d§v|Ñ\ÉË¬”$f&&&&O·Œ¦¦ ¦¦¦¦¦¦¦¦¦¦¦¦¦¦¦¦¦¦¦¦¦¦¦¦¦¦¦¦¦¦¦¦¦¦¦¦¦¦§v|Ñ]ÜÒ$œ$f&&&&OµŒ¦  ¦¦¦¦¦¦¦¦¦¦¦¦¦¦¦¦¦¦¦¦¦¦¦¦¦¦¦	0	0
bas aaj ki raat hai zindagi, kal ham kahaan tum kahaan	0	0
jo likha tha	0	0
mila to pyar bhari man ki ankho me mila 	0	0
us dil ko kabhi ka tod diya	0	0
man me tumhi muskaaye, man me tumhi muskaaye	0	0
meri aawaaz hi pahchaan hai gar yaad rahe	0	0
magar mara mari ne use kis mod pe mara 	0	0
mana ham dono ka juda hai rasta	0	0
kabhi mahalo me ubhar aate hai viraane se 	0	0
shahanaiyo ki guj me dabake, rah gai ah divane ki	0	0
hamko bhi sath le le, ham rah gaye akele	0	0
tuu ha kar ya na kar yara ho yara	0	0
mora bala chanda ka jaise hala re 	0	0
dekho re dekho re dekho utar gayo bichhua	0	0
jiyo to aise jiyo  jaise sab tumhara hai	0	0
dekh bhari mahfil me bahe chhod  meri	0	0
utni hi zindagi rambha ho ho rambha ho ho	0	0
sima sima sima	0	0
o rakhna tha dil pe hamare, haath chuda ke chali ho	0	0
nazar nazar ko maaregi, to katil hame na kahiyega	0	0
ek bar yar pyar kiye ja	0	0
thapak lunga dekh lena, thapak lunga dekh lena	0	0
mere dildaar ka baankpan allah allah	0	0
bahaki, bahaki, chaale hai pavan jo ude hai tera aanchal	0	0
ek nazar me bech ke rakh du mai sau-sau insaan	0	0
kya huwa teraa vada woh kasam woh irada	0	0
man se jhagda bap se takkar biwi se anban	0	0
dil mera dole hai armano ke tufan me	0	0
ulfat mein hai ek rasta hamara ulfat mein hai ek rasta hamara	0	0
pyar ho to kah do yas, pyar nahin to kah do no	0	0
na ja na ja, ai meri topi palat ke aa	0	0
usko kasam lage jo usko kasam lage jo 	0	0
tumhari kanvari kalayi ko daag na lage	0	0
2) zaraa soch lo dil lagaane se pahale	0	0
lidar log ki unchi bate kya samajhe tum nicha	0	0
itna na mujhase tu pyar badha ke mai ek badal avara	0	0
abdul rehman ki main abdul rehmaniya	0	0
udan khatole vaale rahi, udan khatole vaale rahi 	0	0
lekin tum ho mere jaise ho	0	0
naa mai mai rahun naa tum tum	0	0
rakho prabhuji meri laaj rakho	0	0
barasane lagi hai bunde tarasne lagaa hai man	0	0
le aayenge baazaar se jaakar dil-o-jaan aur	0	0
kaahe man samajh na paaya	0	0
aahaa, ho haa ho he ho haa	0	0
mere kvaabo ke jharokho ko sajaane vaali	0	0
hasino ko pasina vao	0	0
jivan ki bagiya 	0	0
are naagan banakar is rut ko dansane de	0	0
duniya pe rob jamaata hai, duniya pe rob jamaata hai	0	0
aa ha dekho zara meri or	0	0
ek ik harf ek ik harf jabi par ubhar aya hoga	0	0
is par mai us par woh hai, nadiya bich mai bahti hai	0	0
vada legi hare kanch ki chudiya	0	0
tu hi mera meet re	0	0
kahte hai ki gaalib ka hai andaaz-e-bayan aur	0	0
har ek saans leta hu ab main 	0	0
pagal ho gae ho kya maine aisa to nahi kaha tha	0	0
woh sar se kadam tak ik mehki hui jannat hai	0	0
are sabko pata hai ye dastaa, is ghar me hai ek ladki jawa	0	0
bhali-bhali si ek surat bhala saa ek nam	0	0
dekh tamasha dekh rahi hain sare shahar ki ankhiya	0	0
hava ke saath saath ghata ke sag sag	0	0
logon ki nazron ne mujhko yahan jo bhi maana hai	0	0
apne hi khyalo ko maykhana banaya hai	0	0
tu hi bataa chain kahaan jab laagi lagan	0	0
gir gaya jhumka	0	0
aaja gori chori-chori ab to raha nahi jaaye re	0	0
dila kyun dhadakataa hai, tujhako dikha du mai	0	0
aa aa aa aa aa, rah bhee too manjil bhee too hee	0	0
sadiyo se dil tutata aya, dil ka bas ye rona hai	0	0
hai agar dushman dushman	0	0
hamako hai malum kisi se kisi se kisi se kisi se 	0	0
tere jaise kai lut gaye kunvaare 	0	0
khudaya khudya mohabbat na hoti 	0	0
sanwaro zulf ko kali ghataye kehti hai	0	0
aayenge jayenge ho o o	0	0
kam nahi ye hai tere bas ka	0	0
ajab shaan thi jisaki ulfat bhari 	0	0
hai swarg isi duniya me kadamo ke tale tere	0	0
bhool na jana, bhool na jana	0	0
ye dushman hai khudgarzi ka khudgarzi ka khudgarzi ka	0	0
    pyaar apanaa rahe sadaa javaa	0	0
ham dhul me lipte sitare, ham zarre nahi hai angare	0	0
jab zero diya mere bharat ne	0	0
ab tauba meri tauba	0	0
ki tum meri zindagi ho, ki tum meri bandagi ho 	0	0
main kya karu ram mujhe buddha mil gaya 	0	0
zindagi kaisi hai paheli, haaye	0	0
pati dev ke man bhai thi	0	0
angrezi ho ya desi filme sabhi maine dekhi 	0	0
padi sar pe, hay padi sar pe bipat ati bhari	0	0
khubsurati jo tune payi	0	0
lat-vat nai-vain mai kya janun re	0	0
bijli giraa ke aap khud bijli se dar gae	0	0
na to yaha andiyara na koi jyot hai	0	0
picture me badnami ho to baitho motar car me	0	0
parvaane jaa hai ajab chalan yahaan jite ji apna milan 	0	0
jisane ek rishta toda, vo sau rishte bhi todega 	0	0
tadapti maujon ki chanchal adaye kehti hai	0	0
har kisi ko chahiye tan-man ka milan	0	0
rah gayi har singar kiye mai	0	0
ye din bhi kuchh ajib the jo aaj kal gaye	0	0
ye kashti vaalaa, kyaa gaa rahaa hai	0	0
hai isi me pyar ki aabru	0	0
ye do diwaane dil ke, chale hain dekho mil ke	0	0
mausam ne li angadayi hai kudaraat ne bandhi payal hai	0	0
main kaun hu, mehbub hai	0	0
mere jaate hi tere aane ki kabar aayegi 	0	0
rup saha nahi jaaye nakhre waali ka, hoy 	0	0
andar kya hai, baahar kya hai ye sab kuch pahachanati hai	0	0
ke ik ho jaye ham	0	0
l o v e, ha l o v e,  l o v e	0	0
	0	0
