Song lyrics	Mood	Offensive
jara si palke jhuki jhuki, bhave ghaneri kasi kasi	0	0
mere chehre pe teri thahri thahri do aankhe	0	0
phir bachche ko uthaaya gale se yu lagaaya	0	0
tum tak jo pahuchati hai is mod se jaate hai	0	0
gunagunae aise jaise bajate ho ghugharu kahi pe	0	0
likh liya naam ispe tera	0	0
vaise hai is desh me sab kuch kahane ko azadi	0	0
ju ju ju ju ru ju, i' ll never part from you	0	0
tu hai kis thaali ka	0	0
kahi dip jale kahi dil zara dekh le aa kar parvane	0	0
ke saaqi ne lab se mere chhin kar 	0	0
are divana hu in naino ka in se mai nain ladaunga	0	0
ik rasta hai jindagi jo tham gaye toh kuchh nahi	0	0
meri halat jaisi hai, tera hal bhi aisa hai 	0	0
jaise sada deti hain khoyi hui manjil	0	0
ye gujrati vo bangali	0	0
mahke hai aanchal mera	0	0
aane do agar aata hai dhar phir apne aap ud jaye	0	0
chal sanyasi mandir me	0	0
sharamaati hui koi qadamo se utarati hai	0	0
saat janam ke waaste ek wada pyar ka	0	0
kabhi bhi na iss ka fasana banega	0	0
pite pite 	0	0
jay govindam jay gopaalam 	0	0
ho maine pyar	0	0
vo bhi mujhko samajh na paya hai	0	0
tum toh dil ke taar chhedakar ho gaye bekhabar	0	0
har baat me usaki tha vo asar, jo nahi baduk ki goli me	0	0
tera hi tha intazar aa	0	0
o jiya o, jiya o jiya kuchh bol do, are o dil ka parda khol do	0	0
toh sapno ki is barat ke liye aaj rat ke liye	0	0
jab se huyi hai tumse mohabbat, milta raha hu milta rahunga	0	0
likhe jo khat tujhe	0	0
hai bheed itni par dil akela	0	0
yaar ki shaadi hai	0	0
kisi ko to roti ki kamaai maar gayi	0	0
kahi aisa na ho koi tumhara dil bhi le jaye	0	0
mohabbat bade kam ki chiz hai, kam ki chiz hai 	0	0
duniya lagane lagi koi sapno ki wadi	0	0
are jhuth mat bol aa nahi ja raha	0	0
teer chala kya soch raha hai o bhole kaatil	0	0
kissi ki, madbhari aankho me kho chuka	0	0
saal sattara sambhaala ise maine	0	0
khel jeevan maran kaa racaaye vohi,	0	0
ek chabhi chabhi sapne hazaar, sab aar paar ka phera hai	0	0
mai zami par hun na samajhaa na parakhanaa chaahaa	0	0
bechain hoke tufaan me jaise	0	0
ab kisika mere dil intzar na raha	0	0
hmm hmm hm hmm aa haa ha ha ha	0	0
jo hai karta woh hai bharta hai yaha kaa yeh chalan) - (2)	0	0
pyar se sara gulashan mahake nafarat se koi gul na khilega	0	0
koi das sava das ka waqt tha 	0	0
ganga maiya me jab tak ke pani rahe	0	0
i am sorry, i am sorry	0	0
aage iske kuch bhi nahi tu pad gaya kis uljhan me	0	0
najdik aa ja phir dekhu tujhako ji bhar ke	0	0
khushi se kyu itraye	0	0
us rat nahi phir ghar jata, vo chad yahi so jata hai	0	0
tumhaare charno ki dhool ham hain	0	0
mila na sahara to aaogi dubara khich ke meri sada pe	0	0
teri gali maein aata sanam	0	0
vaadaa teraa vaadaa, vaadaa teraa vaadaa - (2)	0	0
kabhi tu ruth baithi, kabhi tu muskaraa_i, are !	0	0
bandhega dhaga kachcha, ham tum tab aur badhenge	0	0
palake jhuka de to iqarar samajho	0	0
khel hi khel me kyon jaan pe ban aayi hai	0	0
tere haatho me pehna ke chudiya	0	0
ye haqiqat nahi hai to kya hai	0	0
shaayad unakaa aakhiri ho yah sitam 	0	0
bailo ke gale me jab ghugharu jivan kaa raag sunaate hai	0	0
mai hu mai hu mai hu	0	0
do ghadi apni nigaho ka sahara de de	0	0
chauragi ke chauk me dekho matavaale bagaali	0	0
jiska hero tha albela jaise hari chail ka khela	0	0
o saiya ko dekh ke jaane kidhar gayo bichhua	0	0
prit patanga diye se kare	0	0
barso purana	0	0
hum bane tum bane ek duje ke liye	0	0
honth hansenge mere roenge yeh naina	0	0
maine tumko kina dhudna awara galiyo me	0	0
kauva jaise pankh mayur ke 	0	0
main kya karu ram mujhe buddha mil gaya	0	0
manzil manzil dhoom machaye	0	0
3) kaun aaegaa idhar, kisaki raah dekhe ham	0	0
vada to nibhaya, vada to nibhaya	0	0
kabhi zindagi mein koi gham na aye	0	0
dharati paravat hil sakate hai	0	0
tujhse suna na jaata sanam	0	0
arre naye daur ke devdas ka dekho to ye mukhda	0	0
tum mujhe dekh kar muskuratee raho	0	0
nazare juda na ho, aramaan khafa na ho	0	0
	o aa jaa re	0	0
khun pasine ki jo milegi to khayenge	0	0
nazron se lapakte hain sholay	0	0
majhdar me jislo chhod diya	0	0
nahi main aayi hu chhupke chhupaake	0	0
teri surat jo dekhle shair	0	0
tere hi khvaaba me kho gaye 	0	0
kisko yeh hosh hai apna begaana kya kahega	0	0
kisi shaayar se puchho, gazal ho yaa rubaa_i	0	0
yu to ganpat bhi hai jo shkati hai	0	0
arre hum tum pe marne waale hai koi gair nahin	0	0
dil ki bechain umango pe karam farmaao	0	0
laaye mai bhi toh dekhu tu jiski dhun me hai bawara	0	0
teri ek jhalak ne wo halat bana di	0	0
jab tere marmari hatho ko chhua tha maine	0	0
khud hi mar mitane ki ye zid hai hamari	0	0
kavita meri na bhayegi to tulsi ke dohe suna dunga	0	0
bijli ke tabassum ko nazaron mein bulaaya hai	0	0
pyaar naa jaane paapi duniya to aa chal karen yaara	0	0
taras rahe hai	0	0
hal-e-dil hamne sunaya, to bura man gaye	0	0
jaate ho to jaao, adaaye na dikhaao dil na hoga nishana	0	0
zindagi dene vale sun 	0	0
kaisa bedardi hai, iski to marzi hai	0	0
wo aane waali hai do ghante ke peeche	0	0
bechain rahti hai prem deevaani 	0	0
saaz chhupa hai jab seena-e-dil mein	0	0
 pyaar meraa majabur hai) -2	0	0
mere bas me ho gayi, ho gayi 	0	0
khai hai re hamane qasam sag rahane ki	0	0
adaao ke khazaane jawani ke taraane	0	0
kisi ke sapno ke solah singaar ki shaadi hai	0	0
koi pyar ka lutera, lute na meri ja 	0	0
phir na kahana abhi aayi abhi chal di	0	0
hazaar raahe mudake dekhi 	0	0
bahare kya fijao me hajaro gul khilati ho	0	0
o nil gagan ke divane tu pyar na mera pahachane	0	0
nahar ke kinaare	0	0
nahin nahin ke teri meri nahin nibhni	0	0
bata du kya lana, tum laut ke aa jana, ye chhota sa nazrana	0	0
ye kahke mudata huya 	0	0
ho mora nadan balma na jane dil ki bat	0	0
kaun duniya se dare jab nigehaban hai tu	0	0
kajraa vaali phir tu aise kaahe nihaare	0	0
manjil ka ishara dil hi to hai duniya me hamara dil hi to hai 	0	0
kaisi ye nagariya, kaise hai ye log, kaise hai ye log	0	0
himmat se utha le yaha jo chiz padi hai	0	0
paas aaja, o sun raja 	0	0
pyar ho jayega	0	0
mummi ko bhi andar bulaana chaahiye	0	0
jane ye sara zamana, zamana	0	0
hai siyaram siyaram siyaram siyaram	0	0
radhe-shyam sita-ram, radhe-shyam sita-ram 	0	0
paanv jahaan rakh doge adaa se, dil ko vahi paaoge	0	0
suraj na ban paye to ban ke deepak jalta chal	0	0
ae ae, bolo	0	0
saanso ki dor bandhi hai pritam ke pyaar se	0	0
shama jalti rahi roshni kho gayi	0	0
kal ki baat khuda jaane par aaj talaq wo baat nahi	0	0
jin hotho ne inko pyar kiya, un hotho ka vyapar kiya 	0	0
o mere rajakumar, o mere rajakumar	0	0
tinke jama re tinke jama re	0	0
bekaro key hain kai kam yaha	0	0
sajna sun sun meri chabi sunsajna sun sun meri chabi sun	0	0
ab chaahe lag jaaye hatkadiya	0	0
ye beruki hai kaisi, ye bekudi hai kaisi	0	0
dekho ye nataa nibhana, nibhana	0	0
yaa hai mohabbat, yaa hai javaani	0	0
sa re ga ma pa ma ga re sa ga sa ga 	0	0
rajanigadha phul tumhaare mahake yun hi jivan me	0	0
naam gum jaayegaa, chehra ye badal jayega	0	0
main main main main cartoon	0	0
bahaaro phul barasao mera mahabub aaya hai	0	0
humko aana padega...	0	0
tu na mili to	0	0
kacche dhage me bandha chala aaye	0	0
  	0	0
har pal meri in aankho me bas rahate hai sapane unake	0	0
gadi bula rahi hai, siti baja rahi hai	0	0
jhum baraabar 	0	0
tere chehere se hatthee nahee yeh najar	0	0
dekhaa ek 	0	0
mai desi hun tu pardesi, phir bhi dhadkan hai ek jaisi	0	0
dil teraa divaanaa hai sanam	0	0
du ru cha cha cha	0	0
wahaan paidal hi jaanaa hai	0	0
shisha-e-dil itana na uchhalo	0	0
manu bhai motar chale pam pam pam	0	0
har zarra hai moti ankh uthakar dekho	0	0
haye kaha tak dil sambhalu	0	0
do naina tere baware, o gori do naina tere baware	0	0
meri raat dhalte-dhalte	0	0
jahaan se daro ye socha karo, hamen kya kahegi duniya	0	0
meri laila basi mere man me	0	0
do din jamana hai ye acha bahana hai ye	0	0
pyaar me yaar se aankh churaake	0	0
mere angane me tumhara kya kam hai	0	0
itana aadar insaan toh kya, patthar bhi puje jaate hai	0	0
hoy main jab chedoon saz apna tu awaz milana	0	0
arey re re ye bal in ke dekho ke gaal in ke dekho	0	0
lamba-choda uska thana sabko ek din wahi hai jana 	0	0
koi kahi pe zarur hai tera	0	0
jab dolati hai jivan ki naiya	0	0
aji ji ko jala tyi thapak lunga dekh lai	0	0
is dharti se us ambar tak	0	0
aage pichhe kuch bhi nahi hum pad gaye kis uljhan me	0	0
arman hai, arman hai, pura kar le dil me jo arman hai	0	0
duniya se judaa iski baaten	0	0
aaj milan ki raina tumse kya kuch kahna hai	0	0
kabhi ata kabhi jata, kabhi ata kabhi jata	0	0
khuda kare ke kayamat ho aur tu aaye	0	0
aa jhume jara 	0	0
jaise bahar liye khadi hato ke hath	0	0
aae hai milne ko ham 	0	0
tan komal man sundar hai 	0	0
naa haram me, naa sukun milataa hai butakhaane me	0	0
vo raat tumane guzaari hoti 	0	0
jaapaan love in tokyo	0	0
pa dha ni sa ni dha pa ma ma dha dha dha pa ni sa	0	0
ye dil aur unki nigaaho ke saaye	0	0
dosti ko mane toh sab dukh dur	0	0
aankho me raho jawa tum	0	0
ai babu kaha jaibo re 	0	0
chori se maali ki sabhi kaliya churayenge	0	0
o balam harjai ke aaja teri yaad aayi	0	0
dil ki bat nazar se kah doon to main samjhaun	0	0
assa hunn tur jaan aaye din reh gaye thode	0	0
nasha ye kaisa, udi baba, mujhe ho gaya, udi baba	0	0
paraai hun paraai meri aarzu na kar 	0	0
hira toh pehle hi kisi aur kaa ho chuka	0	0
kala dhandha hota raha ye kursi par sota raha	0	0
zamana tujhase ho baraham na aye rah par mausam	0	0
tu bhi ye gussa bhul 	0	0
mann dole mera tan dole	0	0
dekho vo rel, bachcho ka khel, sikho sabak javano	0	0
main maike nahi jaaungi, tum dekhte rahiyo	0	0
inn beghar becharo ki kismat 	0	0
ja ja chhup ja 	0	0
zindagi bhar mujhe nafrat si rahi ashko se	0	0
man ki ankho se nam liya	0	0
dil ke phul khilte the	0	0
chahe hume maro chahe hume dhamakao	0	0
adami jo chalata rahe to mil jae har khazana	0	0
zara sa sidho ho ja zaalima mhaaro jiyo bhatake	0	0
garibon kaa pasina bah raha hai	0	0
samjho to bat ye saaf bhi hai 	0	0
mit ko apne sath bulaye	0	0
dono ka ek matlab hai dil de de ya to dil le le	0	0
ho saavan kaa mahinaa 	0	0
(kahee satta, kahee patta, kahee choree, kahee res	0	0
mere dil pe gam ke baadal chha gaye hai 	0	0
har kushi, har kushi, har kushi	0	0
tere shabnami khwabo ki tasviro se	0	0
shamma jalati hai jale, raat dhalati hai dhale	0	0
javab ik nahi hamara kahi badi khub jodi hamari hai	0	0
charaag jagamagaa uthe	0	0
sab dur andhera	0	0
o churau mai dil tera, jigar bhi nahi mera	0	0
baadal bhi garaj kar baras gaye	0	0
usako dhundhaa, har dagar me, har nagar me	0	0
pyaar kaa hove jhagadaa, yaa bizines kaa ho ragadaa	0	0
mere desh me sare barabar, mere desh me sare barabar 	0	0
sara jahan hai mere liye mere liye	0	0
kabhi ud jaaye kabhi mandaraaye, bhed jiya ke khole na	0	0
ji ko dhlaye, bechain tufan ki aahe	0	0
meree raho me aankhe bichatee hai kyon	0	0
saayonara saayonara	0	0
pyar ho to kah do yah	0	0
ek ke upar ek ek, dekh tamasa dekh dekh	0	0
masti me jo chahe ho jaye ho ne do	0	0
laal ratan dhan khaan re, laal ratan dhan khaan re 	0	0
koi kinare pe hi dub jaata hai	0	0
muddat se dil udaas hai tere hontho ki pyaas hai	0	0
honth hain ke aayine kawal ke	0	0
insaan ban gayee hai kiran mahtaab ki	0	0
ye haar bhi kya haar hai is haar pe hum fida	0	0
ik hawa jhonka aaya ik hawa jhonka aaya	0	0
dil lutane vale jadugar, abb maine tujhe pahachana hai	0	0
kano se khul gaya bala, balam	0	0
kyunki jawaani mein ho jaati hai	0	0
tujhsa nahi hai koi 	0	0
sun le o janeman janeman mai teri mahbuba 	0	0
mujhe patthar to naa samjho mai hu aakhir ik insan	0	0
saat saheliya	0	0
hum tumko bataye kaise hote hai mohabbat vale 	0	0
phir to ham tumhare hain, very good	0	0
kaisa raja bhoj bana hai mera gangu teli	0	0
dil se dil takra gaye ab to, chot jigar par kha gaye ab to	0	0
sach to hai ye bas pyar se jeewan hamare badal jaate hain	0	0
baat kyaa hai pataa kuch nahii hai	0	0
ab dil ka kyo kare gum gaya so gaya	0	0
madhosh hu mai or hosh nahi ab kya hoga hoga	0	0
mai tere dil me piya	0	0
tere chehare me vo jaadu hai, bin dor khichaa jaataa hun	0	0
na rakhunga mai kuchh apne liye sab kuch inhe mai de dunga	0	0
buland kar li, buland kar li	0	0
uske kadmo ki aahat phajao me hai	0	0
suno ji ye kalakattaa	0	0
hansati hai ye duniyaa to hansane de	0	0
ye to socho kis mushkil se vada to nibhaaya	0	0
pyar zindagi hai, pyar bandagi hai, bandagi hai	0	0
kajal se naino ki shobha kyo duguni ho jaye	0	0
munge jaise laale hoth moti jaise gore gaal	0	0
ek pal mein ho gaye phir bhi log badguman	0	0
ore baba 	0	0
ye masti ke phere ye mahke andhere, ye rangin dere	0	0
babul kee duwaye letee ja, ja tuj ko sukhee sansar mile	0	0
us parbat pe, ek badal hai	0	0
andhera hai to rehne do mujjasim chandni ho tum	0	0
jaao na kyon sataate ho hoga, hoga, hoga	0	0
aur pe dore dalo, meri maa mujhe bacha lo	0	0
dil mein kasak daiya re daiya	0	0
yah jamuna ke tat shyaam sang 	0	0
dekho disneyland me aakar pariyo ka desh dharati par	0	0
ye dil mujhe bata de tu kis pe aa gaya hai	0	0
tun tuna tun tuna tun tuna	0	0
yaar wo ladki shandar hai	0	0
bhula rahi manjil ko dhundata hu mai tere pyar me	0	0
sabarmati ke sant tune kar diya kamaal	0	0
yunhi ho na jae shaam 	0	0
chal gaya jadu chalane do, are sudh-budh khoi khone do	0	0
mai kaise kar lu pyar ho mai kaise kar lu pyar	0	0
chand huwa awara subah ka nikla tara	0	0
chadar ka pallu phat gaya to	0	0
chur nashe me ye jindagi hai	0	0
mai bhi hu masti me, tu bhi hai masti me	0	0
are aashirvaadam ashokakumaaram	0	0
gali gali me tere rajdulare ki charcha hai	0	0
aayo re jab santosh-dhan baba sab dhan dhul samaan re	0	0
surkh aanchal ko dabakar jo nichoda usne	0	0
dil ne suni kahi dil ki pukaar 	0	0
arre dukh sukh ke ham hain saathi	0	0
jism lahraye the honth tharraye the	0	0
ghunghat me jab chaand tha, mehandi lagi thi paav	0	0
pyaar ka usul hai ghar me bulaao	0	0
achchha mai mummy se baat karunga	0	0
na jala aa aa achchha nahi dur rehna tera 	0	0
kya bin mage hi god bhari, patzdh dali hri hue	0	0
ab tak ek rakkaasa	0	0
oye behki-behki chal chal haye	0	0
chale jana abhi se kis liye muh mod jate ho 	0	0
bat meri man fata fat fat, bat meri man fata fat	0	0
na chandi hai na sona hai	0	0
dil ne aise bhi kuchh afasane sunae hoge	0	0
gawalan ke piche dode, kankar se matki fode	0	0
that's the way aa haa aa haa, i like it aa haa aa haa	0	0
kisiki arjoo me apne dil ko bekarar kar	0	0
yu samajho na gale lagaaya, chhi chhi chhi	0	0
sham hi se kuchh ho jata hai mera bhi jadu java	0	0
gusa ho to thanda pani pi liya karo	0	0
chalo achchhaa huaa apano me koi gair to nikalaa	0	0
duniya kuch bhi kahe, bhale kahti rahe	0	0
hal hamara ajab hui gava re rama rama gajab hui gava re	0	0
us majhi ko ha igila hamse	0	0
andhi ae tufan ae ya barase barasate	0	0
piya yad rakhoge ke bhul jaoge, yad rakhoge ke bhul jaoge	0	0
kyun duniya me kami hai ye chori kisne ki hai	0	0
tere haatho me pehna ke chudiya o chudiya 	0	0
yeh koi do dilo ka saiya mel nahi	0	0
inaki mithi bate ye matavali aankhe 	0	0
tu hai nirbal tho vo balwaan,	0	0
to baki raha kya  ha yahi sochu mai bawariya	0	0
chhoti-chhoti bato pe na bigada karo	0	0
yeh tamasha bhi sare aam dikha sakati hai	0	0
hanste gate logo ki bato hi bato me kabhi kabhi ek majak se	0	0
use kis mod pe mara use kis mod pe mara 	0	0
kabhi muskarayi thi pyar me	0	0
phirun tujhe sag leke,  naye naye rag leke	0	0
saamne ek nayi zindagi hai magar	0	0
zindagi bhar nahi bhulegi	0	0
nayi te shor mach jayega	0	0
chehre pe har ek ke 	0	0
aaj se apnaa waadaa rahaa	0	0
vaha shanti thi yaha balva hai baat baat pe karti hai 	0	0
darji bulwaunga	0	0
kyaa kije koi man bhaa gayaa	0	0
aana bana le gori aeyenge kam tere	0	0
chalee re mai jaane kahaan akelee	0	0
dukh paye musibat jhele	0	0
dilli shahar ka sara mina bazar le ke	0	0
ghar tak pahuncha dene vali 	0	0
dil ki basti bin tere wiran hai	0	0
jab deep jale aana, jab shaam dhale aana	0	0
baat tu chale tu aise jaise mor chale	0	0
aaya jo in ke aangan me	0	0
meri aawaz suno, meri aawaz suno	0	0
mere dil ki dhadkan, meri jaan ki dushman ban gai	0	0
aasmanon se utar aayi ho	0	0
kaisa mulga hai re sharamila tujhse to mulgi bhali	0	0
jahar ghol de zindagi me kahin 	0	0
jina hai to char din jiyenge masti me	0	0
apna mujhe banayega dil me mujhe basayega	0	0
himmat ki kokh se avtar janam leta hain jindgi	0	0
o divaane o divaane tu kyaa jaane tu kyaa jaane	0	0
man ki been matwari baje	0	0
kaun paradesee teraa dil le gaya	0	0
jite hai shaan se, marate hai shaan se	0	0
sare wo zindgi ke sahare chale gaye	0	0
rat bajhaye sitar	0	0
duniya hai aur pyaare, duniya yah ek circus hai	0	0
namaste	0	0
bol sham-e-judai kya kare bol sham-ae-judai kya kare	0	0
ho gaya dila ka, purja purj, lage pachasi jhatake, ho tera	0	0
sa re ga ma pa pa pa pa pa pa pa pa dha ma re	0	0
tu hi jaane tu hi jaane rut hai kaisi aur hai kitani rangi shaam re	0	0
phir jhumka giraa re, mai kyaa bolun bekaar me	0	0
meri umar ke naujawano, dil naa lagana o deewana	0	0
tarasti nigaahon ne aawaz di hai	0	0
haay ri ulfat bebas ulfat ro ke thaki jal-jal ke mari	0	0
ab shor mat karo jee, sunte hain sab padosi	0	0
usne kaha chahta hai kya, maine kaha chahat teri 	0	0
na socha na samajha, na dekha na bhala	0	0
ho ho khoya khoya chand, khoya khoya chand	0	0
dunga main din rat salami karunga mai din rat gulami	0	0
dekh ke unaki surat ko	0	0
o mera jivan hai nadiya ki halchal	0	0
nazar mein sitaare jo chamke zaraa	0	0
naa jane kya hua jo tune chhu liya	0	0
ma ko bhi samjha do, bas itna bata do	0	0
ye banane na de meri salama ko meri dulhan	0	0
jagi mai sari rain, sara jaha so jata hai	0	0
ek jalim ki mast jawani, duza mar gaya hai nakhra 	0	0
sach bole duniya sari ye ishq buri bimari	0	0
nagin si meri chaal, rakhna dil ka khayal	0	0
ham bhi tumhare hai, waah waah waah	0	0
tadap ke aahe bhar-bhar ke	0	0
sabko sunaungi mai jab ye khabariya	0	0
kajare ne le li meri jan	0	0
kabhi dekhi thi bahar,kabhi ham se tha pyar	0	0
o tum bhi udhar jakhmi huye, ham bhi idhar jakhmi huye	0	0
ki ye suraki labon kee utar jayegee	0	0
phir sun ke dekhe apane dil ki aawaj koyi	0	0
manmeet jo ghaav lagaaye, use kaun mitaaye	0	0
aansu tere apni aankho mein lenge	0	0
sun pyare itraye kahe o yaaro se katraye kahe	0	0
yeh mera diwanapan hai, yeh mera diwanapan hai	0	0
is liye tujhase pyar karu ke tu ek badal avara	0	0
tune gulshan mera mehkaaya hai	0	0
kaisi aurat se pad gaya paala	0	0
ganga ki laharo jaisi sidhi sadhi chal humari	0	0
mujhe to lag rahaa hai dar kyon magar	0	0
sahara hai yado ka tanhaiyo me	0	0
na na karate pyaar tumhin se kar baithe 	0	0
yaad hame hai vo mulakaate	0	0
milti hai paas aane ki mohalat kabhi-kabhi	0	0
nazer ka tir chhod u, tir ko aise todu	0	0
mere divane ko itana naa satao logo	0	0
baton hi bat me chhoti hi bat se	0	0
one two cha cha cha, lets do cha cha cha	0	0
lena hoga janam hameh kayi kayi baar	0	0
jao kahi bhi sanam,tumhe itni kasam	0	0
tere hi sahare hain, jolly good	0	0
gujare woh dur se dare mulakat se	0	0
dekho vo aa rahi hai, dekho vo jaa rahi hai	0	0
vo chaahe to sau-sau daane degi ek-ek daali	0	0
mazaa aaegaa mulaaqaat kaa	0	0
jaane kab raat dhale, subah tak kaun jale	0	0
chale the saath milke chalenge saath milkar	0	0
ho jo marzi hai kar lo, pocket se note nikalo 	0	0
jon jani jnardan tara-ram-pam-pam-pam-pam	0	0
dekho raaja kadam na badhana	0	0
tisari ye shart hai hamari ki sidhe daftar se ghar aaoge	0	0
ye dushman hai khudgarzi ka khudgarzi ka khudgarzi ka	0	0
mere sapno ke aangan me gata hai pyar, koi aata hai	0	0
ye nazuk lab hai ya aapas me do lipti hui kaliya	0	0
kaha jaungi mai tu hai chanda mai chakori	0	0
udte phirte titli ban ke bachpan	0	0
mufte mai banke chal diye tan ke	0	0
ye sahaaraa bhi bahut hai mere jine ke liye	0	0
dafali vale dafali baja	0	0
are karunga tera pichha chaahe lag jaaye hathkadiya	0	0
duniya ke jalimo ne chalayi wo aandhiya	0	0
jo na khatm ho mai wo rat hu	0	0
aayegi jarur chithi mere nam ki sab dekhna	0	0
ye kaam kaman bhave teri	0	0
tera apnaâ€¦	0	0
mare yasoda ma gorinand kode kode kode	0	0
badhti kaa naam daadhi, chalti kaa naam gaadi 	0	0
jindagee bojh ban gayee abb toh, abb toh jita hoo aur naa marata hoo	0	0
maut aani hai aayegi ik din	0	0
pyaar kaa muskuraataa jahaa lut gayaa, lut gayaa	0	0
kis liye tu itana udas sukhe sukhe hoth ankhiyo me pyas	0	0
anchal na chhod e mera, pagal hui hai pavan	0	0
tuta jis tare pe nazar thi hamari 	0	0
milati hai zidagi me mohabbat kabhi-kabhi	0	0
chalo aaj tumko	0	0
kachauri khayegi chhori	0	0
chor-chor, chor-chor, chor-chor, chor-chor	0	0
phir kaahe sharmaati phir kaahe sharmaati	0	0
pi hai sabhi ne	0	0
o o o o o o, jaan bhee too hai dil bhee too hee	0	0
tum log hansna chahate ho, ha	0	0
chanda bhi pyara hai suraj bhi pyara 	0	0
kaisa mulga hai re sharamila tujhse to mulgi bhali  	0	0
le jayenge, le jayenge, dil-vaale dulhaniya le jayenge	0	0
o kabhi parde se bahaar nikal hey dream girl	0	0
bahi likh likh ke kyaa hogaa,	0	0
aisa hi bangala tere liye bandhu to paye jiya chain	0	0
dafali vale dafali vale	0	0
ye aaj kal ke ladke 	0	0
taaro ke sang aankh michauli khel ke dil bahlayega	0	0
mujhe aaj ye kyaa sajan ho rahaa hai	0	0
palako me aavu chhupa lu, najuk tan yeh tumhara	0	0
milega kuchh to dil jo yahaan kho ke jaayege	0	0
gum hai kisi ke pyar me, dil subah sham	0	0
ammaa tere munne ki gajab hai baat	0	0
too chaahen le chal kahee, tujhape hai mujhako yakeen - (2)	0	0
na na na, na na na 	0	0
ankho me rah jaye nazara	0	0
socha le jaakar ha ji, use rakh du baahar ha ji	0	0
hai wallah jawaab tumhaara nahee hai 	0	0
tu meri manjil pyar ka sahil, jau kidhar mai hai tu hi mukabil	0	0
jame lale lale ha	0	0
apana ye jivan sara likh dege nam tere	0	0
zamaane me hui hai, inhi se har kharaabi	0	0
laakh maine chaha mai pyaar chhupaungi	0	0
mai pal do pal ka shayar hu pal do pal meri kahani hai	0	0
aaj kaliyo ke man me nayaa git hai	0	0
nila gagan gopal kanhaiyya	0	0
jaane kab chori chori aayi hai bahaar 	0	0
maein pyar ka parwana	0	0
ankho hi ankho me 	0	0
tu nahi to ye run, ye havaa kyaa karun	0	0
ek ko manao to duja ruth jata hai 	0	0
ai meri humjoli tu bhi gair ki ho li	0	0
are amarika me shaadi hogi honeymoon afrika	0	0
ra: (ankho hi ankho me ishara ho gaya	0	0
kehna sitamgar kuchh hai khabar	0	0
ye to hai shakti nirbal ki	0	0
tisri hamesha ki tanhaai maar gayi 	0	0
sima sima sima sahne ki bhi hai koi sima	0	0
nazron mein sama kar dekho 	0	0
chiz kya hai pyar ye ik dawa hai yaar ye	0	0
naino se naina jodo dekho dil na todo	0	0
jhil kinaare badhati jaa_e matavaalo ki pyaas	0	0
ye hai mast ghataao ki toli ki teri hai doli	0	0
akad kis baat ki pyaare,	0	0
rulayegi hame rulayegi hame, 	0	0
tune tan man ghera o saajna	0	0
dil na maane magar aaj jana bhi hain	0	0
kamer ke dekh jhatke, idhar bhi dekh palat ke	0	0
o main to odhungi baadal ka aanchal	0	0
ke ham mein dam nahi dam nahi koi aaye	0	0
aur lagne bhi de thokar	0	0
man se jhagda bap se takkar biwi se anban 	0	0
om shanti, shanti om	0	0
aisa nagma tha sine se dil khinch gaya, haye dil khinch gaya	0	0
jayegi kaha, aaja jara, naa naa	0	0
kis kadar roz kiya mujhse kinara tumne	0	0
jaha pahli bar mile the hum, jish jagah se sang chale the hum 	0	0
tujh bin mere din banjare	0	0
door to hai par, door nahi hai 	0	0
koi sajani, ek khidaki bhi na khole	0	0
mujhko dhadakne do, shola bhadakne do	0	0
tumhare pyar ke aage jarurat kya baharo ki	0	0
hey auron ka hak lut ke khata tha ek gunda nami	0	0
haryali or rasta	0	0
aa pade vaqt to maut aaye sahi, par mai majbur nahi	0	0
ab hai sabake labo par ye taza khabar	0	0
ye hath duao vale rahte hai sada sar pe	0	0
degi kaat ke rakh diljali re	0	0
ye na samjho ki tumse door hu	0	0
kisi ki khwab me jhum ke to aao	0	0
o hasino tumne sadiyo aashiq ko tadpaya	0	0
are bure kam ka bura natija kyon bhai chacha, han bhatije 	0	0
varna is bemurabat jaha me aur kabje me kya hai hamare	0	0
ab nibhana sajan 	0	0
ye jivan hai	0	0
bas puja ki jyot jalana mujhe yahi bhata hai	0	0
ye mastiya, ye bahar dil ho chala bekarar	0	0
bahta-bahta kyaariyo me thanda-thanda paani	0	0
lage patali kamar badee bhali re	0	0
lagan nahi, kiran nahi, pavan ah, mitti	0	0
ho rama	0	0
ye mera prempatra padh kar ke tum naraz na hona	0	0
achchhi huyi meri chori ek dil khoya ek dil paya	0	0
magar ye kahunga, magar ye kahunga, kya	0	0
man ki banshi pe tu bhi koi dhun baja le bhai	0	0
jo khatm ho kisi jagah ye aisa silsilaa nahi	0	0
an evening in paris, an evening in paris	0	0
maine ye hijaab tera dhundha	0	0
hey pyar ki rangat se 	0	0
jiya mora mushkil me pad gayo re	0	0
koi gulbadan koi nazami kar sakta nahi koi hame diwana	0	0
yeh parda hata do	0	0
too meraa milna 	0	0
zindagi khwaab hai, khwaab me jhuth kya	0	0
arey mana usako nahee mai pehchanata	0	0
mahbuba mahbuba bana le o mujhe dulha jala de o mera chulha	0	0
thar-thar man mera kaape aankh meri sharmaye	0	0
tujhe dekh ke kehta hai meraa mann	0	0
arrey mila le nazar o jaan-e-jigar, tera kya karegi duniya	0	0
sikha ham ne bhee pattharo se khelana	0	0
tap tap aaye mere mukhade ko dhooye	0	0
tu kahan se aayi, tujhe kyo maut na aayi, 	0	0
tum to na kaho ham khud hi se khele	0	0
i want to play the game of love i want you in the name of love	0	0
zamane se kaho, akele nahi hum	0	0
log kare mira ko 	0	0
yahalla yahalla u ya allah, yahalla yahalla u ya allah	0	0
mere aag aag mast bahaar	0	0
kitni suhani tauba re tauba	0	0
dil ko sambhala na daman bachaya	0	0
hahahahahaha ahaha aha aha, ho ho ho ho ho ho ho	0	0
ye gagaaraam ke samajh me na aaye	0	0
mithi mithi batiyo me bhool ke na aana	0	0
kuch na phir chaaha kabhii, tumako chaahake, tum bin 	0	0
kya baat hai jaane teri mehfil me sitamgar	0	0
ye samajhaa tu sharamaai	0	0
aisa ho nahi	0	0
rakkasa tera naam ye sahib sabko salam	0	0
haan baabu, yah circus hai show teen ghante ka	0	0
chup chup koi daka dale ya kare khun 	0	0
jal jaata hai dil hauley hauley	0	0
maangi bahare hamne bijli giri hay jadu bhari	0	0
tumasaa nahi dekhaa	0	0
kai mukaam aayenge jo ham ko aajmayenge	0	0
ek padosan piche pad gayi jungli jiska nam	0	0
o thande thande paani se nahaana chaahiye	0	0
meraa gam rahaa hai shaamil, tere dukh me, tere gam me	0	0
mera naam	0	0
waha kaun hai tera musaafir jaayega kaha	0	0
are kaise	0	0
ye wo gulshan hai ki jis me na bahaar aayi hai	0	0
kismat teri me likha hai chun-chun kaa murabba	0	0
meri zindagani hai meri mahabuba	0	0
begunaahi pe muhabbat ki rulaaungaa tujhe	0	0
ho teri duniya se dur	0	0
aaja re, mai to kab se khadi is paar 	0	0
mere vaste jo mita de khudi ko	0	0
hoti hai vo baate aksar dil darta hai in baato se	0	0
ye bojhal ghataay barasti hui	0	0
lagi manva ke bich katari ki mara gaya 	0	0
chhodo piya mera chhodo hath	0	0
dil ki dhadakan kya hoti hai	0	0
o mere dil ke chain	0	0
yaron mano ya na mano aisi gori chitti chori	0	0
pyar se dekho chahe aankho se giraao ji 	0	0
tera sath kahi sathi mala hindi nahi te bola marathi	0	0
mere man ki ganga aur tere man ki jamuna ka	0	0
sab ki aankho me isi shauq kaa tufaa hogaa	0	0
o meri jaan, o bol meri jaan	0	0
ik rog laga dete hai	0	0
are re re lut liya re jhaanjhar wali ne	0	0
jab aati hogi yaad meri haye jab aati hogi yaad meri	0	0
khushiyo ko mehfil me la laao	0	0
kah do koi na kare yaha pyaar 	0	0
mera dil pyaar ki yeh dastan ga raha hai	0	0
bolo he jamin, bolo aasman	0	0
ham ko is intazaar kaa kuchh to silah mile 	0	0
ambar kum kum kan barsaye	0	0
in aankho ka har ik aansu mujhe meri qasam de do	0	0
git tabhi man se uthata hai, jab lagati hai thes	0	0
naa chao naa dhup	0	0
jaa apni nikal jaye na kahi	0	0
o in hotho ki laali utaar le jaau	0	0
aa bhi jaa baho me pyar ka ho sangam	0	0
jaane kyaa tune kahi	0	0
kaise vaqt me aa ke dil ko dil ki lagi bimaari, kaise vaqt me 	0	0
yar dildar tere jaisa chahiye	0	0
khvabo me jisako, tanaha javani	0	0
zara nazro se kah do ji nishana chuk na jaye	0	0
piya piya piya mera jiya pukare	0	0
khadi khadi raste me payal bajau mai	0	0
tera jag se nirala isiliye kala	0	0
hoy dhanno ja main na teri madhumati	0	0
tu hi to meri najro mein 	0	0
jao jao kisi vaid ko bulao, main hu prem rogi	0	0
dil thaame rah jaate hai, dil thaame rah jaate hai	0	0
dub gayaa dil, yaado me phir 	0	0
yahi gam hai ab meri jindgi	0	0
ju ju ju ju ru ju	0	0
sara din satate ho raato ko jagate ho	0	0
kar liya chaq gareba kabhi daman ko siya	0	0
tumhi mere mandir, tumhi meri puja	0	0
chal chal mere bhai chal chal mere bhai	0	0
hairat se munh takega sara jahan hamara	0	0
fir pardeshiya aane laga hai fir pardeshiya aane laga hai	0	0
jhum jab tak jhum, jhum jab tak jhum, jhum jhum jhum jhum	0	0
mai hun mast bahaar	0	0
khul jayega haal tum pe dil-e-beqarar ka	0	0
tham ke tere mere man ki dori 	0	0
ho ho disco diwane aahan aahan	0	0
vo zindagi hi nahi jisme aas bujh jaye	0	0
jaan-e-man kisi ka naam nahi	0	0
aur rahe voh tujhse parey	0	0
behtar hai ki ham tum karva le ab chal kar apna bima	0	0
janejan dhundhata phir raha hu tumhe rat din	0	0
ye dil aur unki nigaaho ke saaye 	0	0
maine hirday se lagaayaa	0	0
woh tera kothe pe nange panv ana yad hai	0	0
geet suna ke tu chham chham ke	0	0
baahar se koi andar na aa sake	0	0
pyar huwa hai jab se mujhko nahi chain aata	0	0
mai shisa hu pathar nahi, koyi jor jawani par nahi	0	0
munh me daal ko chabaayenge kya paan	0	0
phul saa komal, baan madan ka	0	0
kabhi mujhako yaad karake, jo bahege tere aansu	0	0
tu bataa de ke tujhe pyaar karun yaa naa karun	0	0
bijali hamare liye, pyar ka ishara hai	0	0
kaho ji tum kya-kya kharidoge	0	0
hamari aawaz mohabbat ka saz	0	0
sukh-dukh ka use hosh nahi nai, apni lau main ram jata hai	0	0
dekhna wo bigad kar phir hame	0	0
wo jisne gham liya pyar kee khatir	0	0
   man aashaao kaa darpan hogaa	0	0
phir aaj idhar aaya hoon magar yeh kehne maein deewana	0	0
aap ke anurodh pe	0	0
kal kii vo zindagii	0	0
raat bani dulhan bhigi hui palake 	0	0
tumhari kanvaari kalai ko	0	0
lal chadi maidan khadi	0	0
ruk ja, nazro me teri mai bura sahi	0	0
mere husn ka har andaaz mastaana	0	0
tum bin jaaun kahaan ke duniya mein aake	0	0
isko ram aur shyam	0	0
chale kidhar ko bolo babu	0	0
ho dil lene vaalo dil dena sikho ji	0	0
hans paradesi, mera hans paradesi	0	0
aise mile hain ham ke bicchhadhna muhal hai	0	0
kisee ke itne pas ho ke sab se dur ho gaye	0	0
us desh ki chandni gaayegi ye dastaan	0	0
dil nahee ikhtiyaar me mere, jaan jaayegee pyaar me tere	0	0
ise pyaar se sikhalaiyo o o	0	0
mr john, ya ho mr john	0	0
mere vaid ko bulao, mera ilaaj karao	0	0
magar yeh musafir duwa mangta hai 	0	0
aahista aahista chal, usko naa taklif ho	0	0
hath me chudiya motiyo vali	0	0
asmate luti chali goli isane ankh nahi kholi	0	0
ye qasam pyar ki, ye rasam pyaar ki	0	0
meri jan wah wah wah	0	0
imandar hai badi jaandar hai 	0	0
tham ke, la la la	0	0
rahate hai ham	0	0
julm ke teer chale aise lut gaya dil ka bag	0	0
teri chaal hai naagan jaise 	0	0
aati jaati saans jaane kab se gaa rahi hai	0	0
mai ek khoi hui mauj hu tu saahil hai  	0	0
mai shayar hun hasino ka, mai ashiq mahajabino ka	0	0
ye aai garmi ko madira jal, thandak tumko pahunchyega 	0	0
dekhi jo gwalo ki toli toli, koi gujariya boli boli	0	0
adhiyaare ko mitaane, jag me jyot jagaane	0	0
maine tere liye hi saat rang ke sapne chune, sapne surile sapne	0	0
hai kaun bura malik jane	0	0
mere armaan mere sapne 	0	0
mai hu kaela are mai hu akela tera sath kahi sathi	0	0
aise to naazuk nahi haath sarkaar ke	0	0
tanha na kat sakege javani ke raste	0	0
badhe jo hath un hatho ko mai tod ke rakh du	0	0
bas marne hi wale hai devi	0	0
git gaya pathro ne, git gaya pathro ne	0	0
ki: bane chaahe 	0	0
zara naina ho chaar 	0	0
dopehar kee dhup me mere bulane ke liye 	0	0
prem ki hai ye aag sajan jo idhar uthe aur udhar lage 	0	0
tu mere dil ka raja hai ya tere dil ki mai rani	0	0
teri baho me na aau teri baho me na aau 	0	0
pyar ki umar shayad karib aa rahi hai	0	0
behki-behki chal chal haye 	0	0
jisme dala garam masala	0	0
chabhi lekar pachhtaaye hai ghabraaye 	0	0
dono ke hain rup hajar, par meri sune jo sansar	0	0
dil ko lubhaye koyal pukar	0	0
jhumka giraa jhumka giraa jhumka giraa	0	0
chachal shital nirmal komal, sagit ki devi svar sajani	0	0
mai aashiq hun baharo ka	0	0
jurmaana bharna hoga, ik vaada karna hoga	0	0
samajh lo baat idl ki tumhe denge duvayen	0	0
jaoge bachke dur kaha	0	0
jaago re jaago re jaag jaag	0	0
piya ham besahara rahte	0	0
doliya khush naseebo ki sajati rahe	0	0
hay hay hay 	0	0
mukhade pe daale hue zulfo ki badali 	0	0
isi se chain milega ki pyas bujh jaye	0	0
aa chitak ja	0	0
kisi ne pukar liya raste mein nam se	0	0
mahafil se uth jaoge	0	0
phir kab miloge, jab tum kahoge	0	0
os me bhige bhige, aakash ke tale	0	0
yaha vaha saare jahaan me tera raaj hai	0	0
adami bura nahi mai dil ka	0	0
chingaari koi bhadke, to saavan use bujhaaye	0	0
aur chaand kaa chumma	0	0
dilkash bahaaro me, chhupke chanaaro me	0	0
zindagi ittafaaq hai	0	0
chhod  ke aisi mahafil, ham nahi jaane vaale	0	0
le chal hame yaha se	0	0
baho me chale aao, ho humse sanam kya parda	0	0
are pine vaalo ko pine kaa bahaana chaahiye	0	0
chand mera dil chandni ho tum	0	0
aaundhe pade rahe kabhi karwat liye huye	0	0
aaj tapasya bhang kar du	0	0
aankho ankho me baat hone do	0	0
chali aa, aa tu chali aa 	0	0
waah waah cha cha cha, kya khub cha cha cha	0	0
tel chhidakkar aag lagaa len jal jaayen ham dono	0	0
havaao raagini gaao mera mahabub aaya hai	0	0
mai aur tu husn ishk ki raaho me baaho me nigaho me 	0	0
utne rahe pyase hum	0	0
mujhe lut lo mere nazadik aa ke	0	0
ke o mainnu pyar kardi hai sade utte o mardi hai	0	0
sundar hotho ki lali se, main rang roop churata hu	0	0
chadi na maro gussa utaro nahi to fir pachtaoge	0	0
kisine jo tumhe chhina namumkin hai 	0	0
jal jae magar ag pe chalate hi ragege	0	0
ye kaun hain devi, kya kasht hain ise  	0	0
bala mora sajiya pe gir gaya dhundhe re more naina	0	0
kaise patthar banu kaho mai, mai durbal insaan	0	0
kya roop hai wo, kya khushbu hai	0	0
sukh mein tere saath chalenge,	0	0
apna yeh maal agar han bechana tum ko hai to	0	0
arre jhoot bole kauva kaate, kaale kauve se dariyo	0	0
mere jaise honge laakho, koyi bhi tujhasa nahi hain	0	0
kitna bhi dil ko sambhalu, arma machal jate hai	0	0
apni zindadili ke sahare humne din zindagi ke gujare	0	0
vo sabase hasi inaam hai ye	0	0
dekh bahane chhod de jhutha rishta tod de	0	0
jhilo ke hotho par, megho kaa raag hai	0	0
tujhe thaame kai haatho se	0	0
dil me lagayi hai tasvir teri	0	0
main aari se katwaaunga	0	0
bolo kya bolo bolo, buddhi, bhutta,	0	0
mera dil na khila, sari bagiya khile bhi to kya hai	0	0
na tum hume jano na hum tumhe jaane	0	0
tera sath mai chhod unga, par bhej ke teri doli	0	0
aakhiya bilor kee, shishe kee jawaanee	0	0
mujhe dekhkar tum zara muskura do 	0	0
hai isi me pyar ki aabru 	0	0
kuchh huaa hai asar	0	0
dil me toofaan uthaate huye jazbaat ki raat	0	0
log kare badnami, kaise ye duniya vaale	0	0
khul jaaye vohi baat to duhaai hai duhaai	0	0
duniya waale tere bankar tera hi dil todenge	0	0
kal agar na roshani ke kaafile hue	0	0
kyu aankhe pathrayi	0	0
jaldi kar meri jaan tu jaldi kar meri jaan tu	0	0
aankho se aankhe milti hai aise 	0	0
duniya ke dastur hai aaise, duniya ke dastur hai aaise	0	0
kahi dur thaa tufaan	0	0
aur zara si de de saaki aur zara si aur	0	0
laai hai jaise unake, pyaar kaa sadesavaa	0	0
kabhi dono milate hai, kabhi dono bichhadate hai	0	0
jinse milne ki tamana thi wo din aate hai	0	0
kya huwa teraa vada wo kasam wo irada	0	0
 ye vaadaa rahaa, na hoge judaa	0	0
tum log rona chahate ho, nahi	0	0
qasme vaade nibhaayenge ham milate rahenge janam janam	0	0
munh me sabke aag lagaye aata hai rulana, ichak dana	0	0
vaadaa kare le saajanaa	0	0
raam aur shyaam, dhat, bandalabaas	0	0
rup teraa mastana, pyaar mera divaana 	0	0
na haathi hai naa ghodaa hai,	0	0
ab to jaise bhi mera ho ajam	0	0
kaisa jaadu phera o saajna	0	0
ye mela do ghadi kaa do dino ki hai bahaar	0	0
hontho par takrar	0	0
sath mere yeh sara, jahan ga raha hai	0	0
tanahai me tadapane ko	0	0
rang birange phul khile hain log bhee phulo jaise	0	0
umr ka rishta jodne vaale, apni nazar me diwane hai	0	0
dur hi rahna paas naa aana	0	0
hasata huwa bachpan woh, bahaka huwa mausam hain	0	0
badnam hu, nakam hu, kya mujh me raha hai	0	0
o mere sona re sona re sona	0	0
aji lalach me na aao na dil ka chain gavao	0	0
pal bhar ke pyar pe nisar sara jivan	0	0
dekho tarse hai man ab to aaja	0	0
aa aa aa aa	0	0
zulfo ka gajra naino ka kajal 	0	0
taane din tandaana tandaana tandaana	0	0
ja tan laage vo tan jaane, aisi hain is rog ki maya	0	0
gaya kya huwa	0	0
    apani to hai bas yahi duaa	0	0
nanhe-munne hote ham to dete sau hukum	0	0
soch soch me jo soch aayi maar gayi	0	0
ruk ja o jane vali ruk ja, mai to rahi teri manzil ka	0	0
atyaachaar se ubhar, jali jyot amar	0	0
teer ban jaaye dosto ki nazar aaha	0	0
ho ho ho dil ki bechaini ko aaya thoda sa aaraam	0	0
jamaana yeh insaaf karta raha	0	0
duniyaa ki tu parvaah na kar	0	0
janeja dhundhati phir rahi hu tumhe rat din	0	0
pom pom pom pom he mama miya mama miya	0	0
chup chup aasu pina kya	0	0
o apani baaho me aakash lelu	0	0
nazar hamaari taraf come on remember how you do it	0	0
jab uthoge meri betab nigaho ki tarah	0	0
ho pardesiya, pardesiya ye sach hai piya 	0	0
kya chhhupau kya chhupa hai jab milte hai nain se nain	0	0
ik hi pal me, nind se jaise, dard hajaro jage	0	0
aaj kahege dil ka fasana jan bhi lele chahe zamana	0	0
jalathal nadiya ho jalathal nadiya, haiyya ho haiyya re haiyya	0	0
suhag rat hai ghunghat utha raha hu mai 	0	0
jabse tumko dekha jite hai marate hai  	0	0
manzile ek hui hamsafar ban gaye 	0	0
meharbaan likhu, hasina likhu ya dilruba likhu 	0	0
main ek nanha sa main ek chhota sa bachcha hoon	0	0
kabhi mai raz chupati hu, kabhi khud raz ban jati hu	0	0
tere bina kuchh kahi na	0	0
le ja pyar jara sa de ja pyar jara sa 	0	0
chal mere bhai chal chal mere bhai tere hath jodta hu	0	0
chhoti baate, chhoti chhoti baato ki hai yaade badi	0	0
kumhala na jaae kahi man tera komal	0	0
sunte ho mere bhai, phero toh ek kalai	0	0
mohabbat karane walo ka, yaha ajaam vo dekha	0	0
ke maniben ke maniben 	0	0
simti gulabo me, sipti hijabo me	0	0
baagba se shararat na hoti	0	0
ai dil ke sahare	0	0
chhod  jana na mujhe tadpana na mujhe 	0	0
ye to yaha hai mere liye mere liye	0	0
nid kah rahi hai chal, meri baanh thaam, tu bhi 	0	0
le ke ujdi huyi zindagi kya karu	0	0
mai toh nahi soyi aadhi rat hoyi aap ko hua kya khas wajah koyi	0	0
hari om hari, hari om hari	0	0
gori hans ke baiya daal yahi se dikhla de tu ur	0	0
chhodo na jamana to hai noakr biwi ka	0	0
yado ki bas dhul ban chuka dil kaa phul	0	0
chopati jayenge na bhel puri khayenge	0	0
aajaa do baate karege	0	0
jo hamne daasta apni sunaayi, aap kyo roye	0	0
mere samane jab tu ata hai ji dhak se mera ho jata hai	0	0
rut aisi aai hui hai	0	0
dekho bato bato me chandanee rato me, kvab suhana ban gaya achchha	0	0
ishq ishq ishq, naughty boy 	0	0
ye dhongi kya jane	0	0
chhajje upar ladki nache, ladka hai diwana, ichak dana 	0	0
meri jaan aao baitho paas ke hamko neend nahi aati	0	0
chhup ke najar se bhi too dil se nahi jata	0	0
sharafat chhod  di maine	0	0
mere sapano ki raani kab aayegi tu 	0	0
aaja aaja re, tujhko meraa pyar pukare	0	0
rup badal ke chahne vala muddat se tha pas tumhare	0	0
he jalta hain jiya mera bhigi-bhigi raato me	0	0
rahi aarzu sanam 	0	0
aage bhi honge andhere sapne to hai chamkile	0	0
	    	0	0
aap hume pahachae nahi chhodo chhodo hum bhi sayane hai	0	0
aap sa koi haseen dilruba o dilnashi	0	0
aage badh chuke manzilo se ham, piche rah gaye chand ke kadam	0	0
ye badi ajib si baat hai ye nai nai mulaakat hai 	0	0
ghayal parwana hu wahsi diwana hu	0	0
arre usse pahle le bhagega tujhko gopi ram	0	0
jalate hai jisake liye	0	0
na hira hai na moti hai na chandi hai na sona hai 	0	0
badalte hain sabhi ke din purani yeh kahaani hai	0	0
har mani nahi zindagi se hans ke milte rahe har kisi se	0	0
phulo ke shahar me hai ghar apna	0	0
tera dard ab dard mera	0	0
ho sake to is me zindagi bitado	0	0
mohabbat na hoti to kuch bhi na hota 	0	0
main gudiya hasin meri morni si chaal hai	0	0
dhim ta na na na na dir dir taam …	0	0
na usne ki tas tas na maine ki bas bas 	0	0
tere bina main aha mere bina tu, oho thi zindagi me adhuri	0	0
boli muskati maiya sun mere pyare 	0	0
bholi-bhaali meri jiji pyaar-vyaar na jaane	0	0
rahta hai jo kuchh vo - kaali-kaali kursiya hai	0	0
ha to sajjano suno saheliyo ki kahani	0	0
meraa saayaa,  meraa saayaa	0	0
are maano kaha ab tum ho jawan, meri jaan ladakpan chhod o	0	0
kaid se chhuta subah to hamne pucha kya hua	0	0
mota pet bajaye, ganje sar ko chupaye	0	0
naadaan hain jo baith kinaare	0	0
bahana ke hontho pe jhulegi nathaniya  	0	0
kal kaa sapanaa kisne dekhaa, in raaho se aaj guzar lo	0	0
bure bhi hum bhale bhi hum samajhiyo na kisi se kam	0	0
anamika, tu bhi tarse	0	0
dilaruba maine tere pyar mekya kya na kiya	0	0
tik-tik tik-tik	0	0
julafo me khusbu hai, palko me jadu hai	0	0
jane mujhe kya hua re jabse tune chhua re	0	0
ek moh khiche baiyaan	0	0
jisaki biwi moti usaka bhi bada nam hai, jisaki biwi moti	0	0
chahat se ye mang bharungi	0	0
phir bhi jaane na, jaane na, jaane na kaliyan ki muskan hay	0	0
hum yado ke phul chdaye aur aansuo ke dip jalaye	0	0
mai ek disco tu ek disco mai ek disco tu ek disco 	0	0
        jhilamil sitaaro kaaa saavan hogaa	0	0
bin kuchh kahe woh chup chup rahe	0	0
aap kisi ke bhi hai wah ji wah	0	0
masti nazar me kal ke khumar ki 	0	0
simat rahi hai tu sharama ke apni baho me	0	0
o jara sunana jaan-e-tamanna	0	0
nigahe nichi kiye sar jhukaye baithe hai	0	0
bachpan ke tere mit tere sang ke sahare	0	0
hoga jaha bhi rup toh puja hi jayega	0	0
sunake rahat ki aavaaze yun lage kahi shahanaai baje	0	0
yeh kadam kisi mukam pe jo tham gaye toh kuchh nahi	0	0
ab na dil ki mushkile badhaa	0	0
keh lete unse dil ki yeh bat abb toh naa satao	0	0
zara inko alag kar do tarannum phut jayenge	0	0
kahe samane sabke balamava tu chhede jalamava	0	0
hatho me hath hote woh sath	0	0
hasi champai pairo ko jabse dekha hai 	0	0
teri kasam tujh sa hasin	0	0
aji ruth kar ab kaha jaiyega	0	0
aate jate kher khabar 	0	0
chhu kar, mere man ko, kiyaa tune, kyaa ishaaraa	0	0
phir bhi jane kyon	0	0
dar koi aur khule na khule	0	0
teri yaad hain ya tera naam hain 	0	0
mujhe gham dene wale tu khushi ko tarse mere dushman	0	0
nile gagan ke sare badal kar denge badnam	0	0
ho jogi meri shadi marzi se hogi ho	0	0
ishq nahi hum sikhe, ishq nahi hum sikhe	0	0
duniya mein aakar raha tu anadi duniya mein aakar raha tu anadi	0	0
hum to yahi jane tujhse badi	0	0
do salone vachan, tumko meri qasam	0	0
tum to machaal gaye, ho ho ho yunhi fisal gaye, ha ha ha	0	0
teri qasam ye hath hai mere magar	0	0
hum jis se daman bhar baithe	0	0
phuul jab khila to aayin shok titaliyaan	0	0
mere bhi ghar ho dhum dhadakka aur baje shehanaai	0	0
gaj-dhan raj-dhan	0	0
mummy ko manaaoge phir na use sataaoge	0	0
woh mera hoga, woh sapna tera hoga	0	0
jane kiski jeet hai ye jane kiski haar hai	0	0
badla zamana waha waha badla zamana	0	0
main nachu apne piya ke liye	0	0
teri yaad aa rahi hai, teri yaad aa rahi hai	0	0
aisi rimajhima me o saajan pyase pyase mere nayana	0	0
barkhaa ki raat me he ho haa	0	0
pyaar par bas to nahi hai 	0	0
pyar hi me kho gaya 	0	0
kya hotee hai prem kahaanee, yeh bhee tu naadaan naa jaanee	0	0
puchhe tumhi se ye hoga aur aage kya 	0	0
tumhara badan chandani aake chhu le	0	0
duba suraj phir se nikle	0	0
maathe kaa sindur rulaave lat naagin ban jaaye 	0	0
achchha mai sab bato ka, hisab rakhunga	0	0
o phir hamse naa ulajh 	0	0
hotho pe leke teraa naam	0	0
haatha me tere joyo mehandi na laga di	0	0
chalayi wo aandhiya	0	0
vaapas na aauga mai jo chala jaauga	0	0
todenge dam magar tera sath na chhod enge	0	0
chaand kirano ki jaali pahan jhumataa	0	0
    	0	0
jisaki biwi kali usaka bhi bara nam hai	0	0
rag banaa basati bhagat sih rag aman kaa vir javaahar se,	0	0
aa jao tum naa do saja	0	0
dil diya dard liya kabhi phulo me guzari 	0	0
mere naseeb mein tu hai ke nahi 	0	0
kitna samjhau mai	0	0
kaisa nasib ne din ye dikhaya	0	0
ki tera mera tera mera sath rahega	0	0
	0	0
