Song lyrics	Mood	Offensive
ho patjhad aate hi rahte hai 	0	0
uljhan hajar koi dale ho rukte kahan hai dilwale	0	0
gharwaale khaaye chakkar	0	0
mujhe tumse mohabbat hai magar mai kah nahi sakta	0	0
pehle mujhe le do dher se khilone	0	0
dhire se jana bagiyan me	0	0
are maine kya socha hai	0	0
rakhunga main dil ke paas, mat ho meri jaan udaas	0	0
jana hai mujhko kaha jana hai mujhko kaha	0	0
mai tere pyar me pagal aise ghumta hu	0	0
ram jaane kya ho ab, kaise hua yeh gajab	0	0
yaaro se jalne ka kaato pe chalne ka 	0	0
ke dil ki agan se pighal jaayega tu	0	0
angdayi lu to bijali sharmaaye, ha	0	0
raste me kahe reh gaye humnashe	0	0
kuchh bhi ho lekin maza aa gaya meri jaan ho	0	0
kaise-kaise nakhre karte gharwalo se ham	0	0
koyi kisi ka nahi ye jhoothhe, 	0	0
kaisa aa aa 	0	0
sona le ja re chandi le ja re	0	0
aankho hi aankho me yaro ka dil kho jata hai	0	0
baitha diya falak pe, mujhe khat se uthaake	0	0
terii marzii pe ab baat thaharii	0	0
inhin ankhon ke jaricho me to ham baste hai	0	0
ham sab ki parwah kare kyu, sabne hamara kiya kya	0	0
sab khel hai taqdeer ka 	0	0
maanake dil ye kahataa hai, meri khushiyo kaa tu hai khajaanaa	0	0
bol hai manjur	0	0
aag pani me lagate huye halaat ki raat	0	0
nangi nachavai jati hai, aiyyasho ke darbaro me 	0	0
jaag uthi taqdir hamari	0	0
kyon duur duur hone lage	0	0
hmm	0	0
pahale kisi ko dil me bithaao	0	0
ke mauj banjaara le gaya le gaya 	0	0
ye milan hamane dekhaa yahi par	0	0
mohe panghat pe nandlaal chhed gayo re	0	0
yaar ladki thanedar hai	0	0
jin raaho par hansake chalo tum	0	0
aayi wo kaibare ki raani 	0	0
kehna hai kuch agar to bolo mein mishri gholo	0	0
re roz mai apane hi	0	0
mai tum ko aajamao, mujhe tum aajamao	0	0
apni khushi se, kisi ne jo kisi se 	0	0
tum kya jaano kaise aayi	0	0
aur too hee aas kaa taara, ha ha ha ha	0	0
ho iske dekho gaal gulabi 	0	0
bhagvan ek kusur ki itani badi saja	0	0
dushman ke kile par bhi na ki tune chadhaai	0	0
ye khidki jo bandh rahti hai, ye khidki jo bandh rahti hai	0	0
han dhundhe tera pyar raste raste	0	0
aage nikal aaye hum wo pichhe reh gaye 	0	0
hum aadha aadha	0	0
utna aata hai nikhar 	0	0
pehle chiz ka nam batao	0	0
hamko pilaaye pyaar ki sharaab	0	0
haiyya ho haiyya re haiyya, haiyya ho	0	0
jinhe is jaha se bhula diya	0	0
arey lagne bhi de thokar	0	0
pal jo ye jaanewala hai 	0	0
par kitane roz chalega, dhokhe se jo bhi kam bana 	0	0
monica o my darling	0	0
sapno ko lut ke	0	0
tu mil gaya, tu mil gaya mujhko piya	0	0
phir aayega na mausam bahaar ka tu jaane kya mazaa intezaar ka	0	0
meri khushiyan hi naa baante	0	0
hai naam hotho me ab bhi lekin	0	0
haatho me haatho ko daale, phirate hai aashiq niraale	0	0
abhi roop kaa ek saagar ho tum	0	0
aaja aaja ho aaja aaja meri baho me	0	0
ek dal par tota bole 	0	0
tu bhi tadap-tadap ke pukaare haay dil	0	0
naachege sab milake, jija ho ya saala	0	0
kaho ji tum kya-kya kharidoge	0	0
acha  dharti upar hai swarg niche	0	0
taubaa-tauba phir kya hoga 	0	0
avval aakir har koi anajan hai, zindagi bas raah ki pahchan hai	0	0
dhire dhire jane kya kehti hai jalim jhumke 	0	0
you fool	0	0
kaise november aayega abhi aaya nahi julai	0	0
jai jai shiv shankar kaanta lage na kankar	0	0
bada dhokhe baaz hai	0	0
samaa hai suhaanaa suhaanaa	0	0
haan mera sasura badha paise wala	0	0
are yaaron ka vo yaar hoon yaari mein yeh jaan luta de jo	0	0
tut naa jaye sapne mai darta hu	0	0
nind nahi kyun aati tumko bina nind ki goli 	0	0
in kadmo pe kis ka jiya na jhuk jaye	0	0
sardi me jab pioge yaaro, garam kot ban jayega 	0	0
pyar bina kya jina, ye bhi koi zindagi hai	0	0
chaahe mit jaaye chaahe mar jaaye	0	0
o nirdayi pritam	0	0
kya kehne njakat ke saman hai kayamat ke	0	0
jab tak hai dam chalo chale ham daal ke baahe baaho me 	0	0
hamaari thodi si bevafaai	0	0
too hans padi ya phulajhadi chhuti kahi dhadakan badhi	0	0
hume jeene na degi tumhari yeh nigahen	0	0
chahne walo me dil ke matwalo me 	0	0
sawere waali gaadi se chale jaayege	0	0
kis liye kis liye ho aajaa piyaa	0	0
sagar se gehra jaam, sagar se gehra jaam	0	0
shanti ke raag par	0	0
kubul mera pyar ho to kya bat hai	0	0
aa aa, haal kaisa hai janab ka hay kya khayal hai aap ka	0	0
na pavan kee na chaman kee 	0	0
are yeh din toh aata hai ek din jawani me	0	0
jaan bhi jaaye agar     (2) 	0	0
aankho me chand banke ubharna dekho balam der na karna	0	0
shaam-e-gam ki qasam	0	0
are chhodo bahana na na	0	0
megh malhaar madhur man bhaawan pawan piya premi paawan	0	0
bina pyar ke zindagi kuchh nahi	0	0
naajuk hain jo saans ke jaisi, par jivan bhar jaye na todi	0	0
pas na baithe pal bhar wo	0	0
jyoti kalash chhalke	0	0
dil ne dil ko pukara mulaqat ho gai	0	0
pura kar de, aaj wachan wo gita me jo tune diya	0	0
kuchh yad reh jate hain	0	0
dekho kabhi to, pyaar se 	0	0
tujhe mai bandi bana lungi kaise	0	0
maine teri baah pakad li	0	0
hath me jab hath aaya, ye jamana hil gaya	0	0
lo abb patthar uthao, jamane ke kudaon	0	0
tum ho waha bhi yaha bhi ye kaisi jadugari	0	0
uljhe nain mai bechain, dil bhi beqarar hai	0	0
mai khushnasib hu	0	0
lambi lambi rato me nind nahi jab aaye kabhi kabhi iss firaq se	0	0
mere paas aao chhodo mera nam jao	0	0
nazar kisi se na ulajh jae mai darata hun	0	0
naunihal aate hain arthi ko kinare kar lo	0	0
ab to banake qayaamat leti hun agadaai	0	0
sun jiniya are ja	0	0
tumhi se dil ne sikhaa hai tadapanaa	0	0
phiroon main subaho sham ke teri meri	0	0
tu mungda, ha mungda mai gud ki dali	0	0
teree galiyo me	0	0
guzri hain kai aisi raaten	0	0
itna ruk ruk ke chaloge to qayaamat hogi, qayaamat hogi	0	0
ab aur na tarasaiyo	0	0
sare badan pe chha gayo paapi bichhua	0	0
hum wo parwane hain jo shamma ka dam bharte hain	0	0
vaqt ki har shai gulaam vaqt kaa har shai pe raaj	0	0
jalne wale hum tum se ek do kahne bhi do	0	0
jiska miya bahanga are jiska miya bahanga	0	0
pyaar kar le ghadi do ghadi mitva re mitva	0	0
gake sunaye apna tarana, ye to janam janam se hota hi aaya	0	0
to phir kya hoga, to phir kya hoga 	0	0
dekho ji bina sehra, chamak raha chehra	0	0
chale aaj dono jane kaha	0	0
dekhna meri surat nigahe dekh meri	0	0
har lahar pe jhumake, kyo ye nachane lagi	0	0
manjil hai ek mere sathiya	0	0
bhawra bada nadan hay	0	0
yu hi hotho ko faila ke rah jayenge	0	0
jaise mai koi pyasi badli sawan ko dhundti hu	0	0
ankhe samajhe jiya ka sades, piya ka ghar pyara lage 	0	0
rachaao mere in hatho me mehadi	0	0
dam ki duwa se gam bhi khushi hai	0	0
jaha bhi dekha daam karta wahi kalaam	0	0
usakee dhun me padega dukh jhelana	0	0
ye din hamako sab din se pyaare rahege	0	0
meri aankho mein aansu mere lab pe hai aahe	0	0
ki aur mera koyi nahi	0	0
jaise dhalkata pani pani	0	0
kaisa jadu tona, sari man ki ye maya hai	0	0
dhudhate hai	0	0
pyar sanam hai pyar kuda duniya ko samajhata chal	0	0
abhi palatna hai rukh kitne dariyao ka	0	0
raz khulne ka tum pahele jara anjam soch lo	0	0
kya kahti ho, chhin jaati aazaadi hai	0	0
ye mere saas-sasur hai aur ye mai hu	0	0
tujhe dil dhundh raha hai	0	0
waha kaun hai tera	0	0
pinjare me chalke aap, aa jata hai shikar	0	0
aise me kar lo pyar ho aise me kar lo pyar	0	0
kam hai ab dil ka tadapna mai nashe me hu	0	0
jawani so rahi thi husn ki rangin panaho me	0	0
hum to nahi wo diwana jinko	0	0
dil ki tamanna huyi hain jawan	0	0
na mane bedardi aiyo da aiyo da aiyo aiyo 	0	0
aao apna nazara dekho dil me hamare	0	0
apni bhi surt buri to nahi hai kabhi tu bhi	0	0
oo kangana mujhe nahi banna tera sajna ho	0	0
tere mere naino ke milane se pahale	0	0
hume tumse pyar kitna, ye hum nahi jante	0	0
saavan jo agan lagaaye,  use kaun bujhaaye	0	0
akhiyo me akhiya daal ke javaab do	0	0
ikraar karo ke inkaar karo	0	0
kyu chhup chhup ke pyar kare tu bada chupa hua rustam hai tu	0	0
mahbuba mahbuba bana le o mujhe dulha jala de o mera chulha	0	0
nagad narayan ke hai sab yaaram	0	0
mithi mithi agani me jale mora jiyara	0	0
june talak bhi hai mushkil are ab to intajar	0	0
aise vaise to nahi dene vala	0	0
ham man mauzi shahzade, dukhiyo ke rakhavale	0	0
kya pita ji aur kya mata sasu-sasur or bhrata 	0	0
mujhe dekhkar jo na dekhe kisi ko	0	0
jadugar baalma, ho jadugar baalma, ho jadugar baalma	0	0
ho ji chahata hai mera, ab chal ke rahe hum waha	0	0
achchha hai yh bala hamari jaye duje ganv me	0	0
mai bholi bhali piche pada mawali kuchh or de kahe deti hai gali	0	0
gore-gore gaal gaal pe uljhe uljhe baal 	0	0
kahan se aaya, mein hoon kaun	0	0
kaise ruk jaayenge hum kisi chilman se	0	0
door rahna chahiye thoda sa mulaqat me, haha haha haha	0	0
kurta malmal ka haay kurta malmal ka	0	0
suno ji ye kalakattaa 	0	0
he gujaregi ab jindgi, teri hansi yaad me	0	0
chirage mahfil hum ban ke chirage	0	0
ye intzaar salamat ho ye intzaar salamat ho 	0	0
aaya hu mai tujh ko le jaunga apne sath tera hath tham ke	0	0
dekhe jo mohe tere pyar ki woh rani ho jaye saram se pani rama	0	0
jivan me na jane kya hai kami	0	0
lage taakne kabhi aapne, shisha leke moonh dekha bhi	0	0
nafrat se dekhna pahle andaaz pyar ka hai ye	0	0
aur tu kali	0	0
man se man ka dip jalana mujhe nahi aata hai	0	0
dil ki ye 	0	0
meri ja meri ja pyar kisise ho hi gaya hai, ham kya kare ham kya kare	0	0
aafat ke chal dekhe so lut jaye  	0	0
prem prem kar ke mujhko kar degi ab tu pagal	0	0
tum ho buddhu maan lo you are handsome jaan lo	0	0
ke chaal in ki dekho kabutar kabutar	0	0
aap ki qasam aap ki qasam	0	0
tik-tik tik-tik tik-tik tik-tik	0	0
ye khwab dekhtee hu mai ke jag padee hu khwab se	0	0
dur pariyaan bajaati hai shahanaaiyaan	0	0
milan par janeman apne khuda hairan ho gaya 	0	0
phir bhi dil ki chot chhupa kar	0	0
hum hindustani  hum hindustani	0	0
kah rahi hai har nazar, banda-parvar shukriya	0	0
pyaare maama o maama	0	0
tu hai muddat se dil me samaayi kab kaha maine main hun paraayi	0	0
maujavaa kare kyaa jaane, hamako ishaaraa	0	0
ab chaahe maa ruthe ya baaba yaara maine to ha kar li	0	0
aitbaar aitbaar aitbaar karo intazaar karo  	0	0
tera mera tera mera sath rahega	0	0
sapno ki galiyo me	0	0
mujhe chhu mujhe chhu, mujhe chhu	0	0
milte hi tum ruth gaye ji	0	0
ham ko bhi na jane kaa sulji ja pahuche uski toli me	0	0
hum to yahi jane tujhse badi, ho	0	0
tu ho toh badh jati hain, kimat mausam ki	0	0
aayi baharen le ke khizaan, aayi baharen le ke khizaan	0	0
kya huwa teraa vada, woh kasam woh irada	0	0
agar zindagi ho apne hi bas me	0	0
ham nahi kehte jamana kehta hai, ta ra ra ra	0	0
picnic hai dilwaalon ki	0	0
aba tu hi bata bhagavan, mai bhi kya karun	0	0
chaahe uda lo chaahe chura lo	0	0
kanch ki chudiya, kanch ki chudiya	0	0
dha ma sa tu mera, haa, ma re ma mai teri	0	0
mera tohafa kiya kabul	0	0
ye wahi jaane, jisne likha hai sab ka naseeb 	0	0
barbadi ki taraf aisa moda	0	0
nahi rahati hosh vala bhi	0	0
ohoho tum bhi dil deke ye gaana sikho ji	0	0
mai bhi kya na nachu re pi sang bandhi 	0	0
aur sun	0	0
duniya mein samjha hai kaun	0	0
main maike nahi jaaungi, main maike nahi jaaungi	0	0
agar mai ruk gayi abhi to jaa na paaungi kabhi	0	0
ma itni jaldi kya hai	0	0
ham tere pyar ko aazmayenge, ham banjaro ki bat mat puchho ji	0	0
kahi meri najar na lage chasme badhhu	0	0
balam ji abb to hasso	0	0
naino me sajaya mainne gajara banake	0	0
to khairaat lagai hai batne	0	0
jhuki-jhuki ankhiyaan dekhegi saari sakhiyaan	0	0
to ye subah ye sham rahe naa rahe	0	0
mani manataye aur devi 	0	0
hun yaaro ka mai yaar dushmano 	0	0
pyar pe apane itana bharosa	0	0
april fool banaya	0	0
humse jo uljhe vo hoga divana	0	0
tu ru ru ru, tu ru ru ru, tera mera pyar shuru 	0	0
yeh hai bombay, yeh hai bombay, yeh hai bombay meree jan	0	0
tumhaari kasam dagmagaaye se ham hai	0	0
toh kudarat ke khjane dekhna ho jayenge khaali	0	0
ke pag pag dip jalaye meri dosti mera pyar	0	0
ayi jo ayi, ot	0	0
tum bhi zara nahaalo, do chaar geet gaa lo	0	0
mile mushkil se ye mehman ho bhi jate shayad meharban	0	0
bhayanak andheri si yeh raat me liye apni banduk mai hath me	0	0
apani nahi main tere dil ki kahata hun 	0	0
suno suno are suno suno	0	0
shishe kaa bhee nag jo chadha lu nathaniya me	0	0
sar pe mere too jo apna hath hi rakh de	0	0
tere liye kasme nahi, kasme nahi rasme nahi	0	0
sathi tere sath me aisi saji rat me	0	0
tu jahaan jahaan chalegaa, meraa saayaa, saath hogaa	0	0
around the world in eight dollars	0	0
tu hamri wafa ka aetbar kar le	0	0
aa laut ke aaja mere meet 	0	0
chhote chhote naye paise bade pyare pyare	0	0
kitane sawan bit gaye, baithi hu aas lagaye	0	0
bangale me kothi me ya tuti phuti chal me	0	0
dil darta hai in baato se ye manzil kabhi 	0	0
mai phulo pe sone wali kaate tera bichona	0	0
magar ji nahi sakte tumhare bina	0	0
nakali hai kaun bhaiya	0	0
hamne ganv ke panghat pe hamne ganv ke panghat pe bhai 	0	0
aur mujhe kuchh pata na chala	0	0
ye maya paap ki dheri hai ye maya paap ki dheri hai	0	0
socho zara socho zara jane jigar bitegi kya 	0	0
jyoti yashoda dharti maiyya	0	0
pyaase taaro kee bhee hai baaraat aadhee	0	0
aise divane tum nahi the, yeh tumko kya ho gaya	0	0
kore badan si kori chunariyaa	0	0
chaandani zulm hai aur judaai sitam	0	0
husn waale hi nahi hum	0	0
mere in khayalo me, mere in khayalo me tum bhi dub jaao	0	0
ye duniya to hai aani jani, yahi pyar ki hai kahani	0	0
mai hu jis basti ki hur nagar gulaabi hai mashahur	0	0
koyal boli duniya doli, samajho dil ki boli 	0	0
samne wale hai le gayi bazi are himmat karke aage aao	0	0
paayal meri jab chhanake jab chhanake 	0	0
sansaar chala aur aage badhaa	0	0
de de de de de de kya dede bas ek bacha dede	0	0
mai tere man ki laal pari hu re, man me tere ud jaaungi	0	0
hai kon sa vo insan yaha pe jis ne dukh na jhela	0	0
isise ishq ka shola jawan hota hai	0	0
kasme waade pyaar wafaa sab, baatein hain baato ka kya	0	0
rah me ek reshmi rumal mila hain	0	0
mummy mujhko maaregi, aakhir tumse haaregi	0	0
palkon pe hai rukaa-rukaa 	0	0
shishi bhari gulab ki patthar pe tod du	0	0
mai aau na na mai aau na na na	0	0
ehsaan tera hoga mujh par	0	0
dekh sheher ki nariyan o ho ho ho 	0	0
na tu zameen ke liye	0	0
muthukodi kawadi hada	0	0
tu kisi ke, ha kisi ke bas me nahi	0	0
sun baal brahmachari mai hu kanya kunwari	0	0
bika bina mol ko	0	0
ham donon do premi, ham donon do premi	0	0
chhedo toh ek shola hain, chhulo toh bas shabnam hain	0	0
jurm-e-ulfat pe hame log saza dete hai	0	0
tumahari zulfo se khushabu ki bhikh lene ko 	0	0
mat parades jaa re	0	0
ek aur angadayi baki hai baki hai 	0	0
muskurata hai umido ka chaman aaj ki rat	0	0
ham mil ke hansane-rone lage hai	0	0
ho log tujhe samjh rahe diwana mastana	0	0
meri tarah tu aahen bhare	0	0
hum tum mile to virane me bhi aa jayegi bahar	0	0
are tumne jo dekha hai socha hai samjha hai jaana hai	0	0
bhaage jo karike tu chori re, ai jiya	0	0
pani ki har ik bud deti zindagani	0	0
dil ki beqaraariyaan hai kyaa	0	0
rut hai javan o mere pran	0	0
	dil ki pyaar bujhaa jaa re	0	0
chali balakhaati kahaa ruk jaa o pagali 	0	0
aa mujhe apni sadaao ka sahara de de	0	0
kyon bhai chacha, han bhatije, kyon bhai chacha, han bhatije  	0	0
pine vaale tujhe aajaaegaa pine kaa mazaa	0	0
khatm bas aaj yeh vehshat hogi	0	0
aise ka kya koyi naam le neend churaaye na	0	0
pyar to hoga jaani banegi vahi kahani	0	0
so gae hai sab nagar, so ga_i gali-gali	0	0
chhupke chhupke sab se chhupke, khwab kai de jaye	0	0
aavaz tu de mai bandhu nishana	0	0
jaise jal me gagarya	0	0
sajani pe dil aa gaya ke sajani pe dil aagaya 	0	0
upar bhi jaana ho mushkil, niche bhi aana ho mushkil	0	0
london ki daud divani paris ki sham mastani	0	0
jo maine pi to kyun nasha utar gaya huzoor ka	0	0
the blue of heaven seems to be deeper blue	0	0
bhul koi humse na ho jaaye	0	0
living we are living dancing we are dancing	0	0
aisa to kabhi socha hi nahi, yeh pyar hai itna pyara	0	0
are ham to uske bhakt hai bhakto jisne banaya rup re	0	0
sa sa re re ga ga ma ma	0	0
hire se jade tere nain bade	0	0
aaja tujhako pukare mere git re, mere git re	0	0
tere bina hay, ha, neend nahi aati hai, really 	0	0
aaj ye pahla din hai khushi ka	0	0
nagari-nagari dvaare-dvaare dhundhun re saavariyaa	0	0
chal ri sajani abb kya soche 	0	0
ab na honge majburi ke is ghar mein afsaane	0	0
suhani chandni rate	0	0
machalta sisakta	0	0
haye mod diya	0	0
prem da rog purana purana purana	0	0
tu solah baras ki, main satrah baras ka	0	0
phir na sataunga kabhi pas bula le	0	0
oo teri rab ne bana di jodi	0	0
haye haye haye dil ki halat sharabi-sharabi	0	0
bewafa yeh bhee kya yad nahee	0	0
is mein hi bhalayi teri hai ye wakt ki hera feri hai	0	0
kya bole tera ektara kya bole	0	0
han suno suno, apne kano mein tel dalkar suno	0	0
hamaara hosh le lo hume behosh kar do	0	0
shahro ki galiyo me jab andhera hota hai aadhi rat ke bad	0	0
suniye, kahiye, kahiye	0	0
ye jhuth nahi sach hai sanam, sanam teri kasam	0	0
tere bina ho jina woh din kabhee naa aaye	0	0
tum chhudaao lakh daaman 	0	0
aise mera jvaala sa tan laharaye	0	0
bolo kya bolo na, mor 	0	0
soti raato ko jaagi si	0	0
how i wonder what you are	0	0
kaanchi re kaanchi re, prit meri saanchi	0	0
haye haye haye haye	0	0
mujhe raasta dikhakar mere kaarava ko luta	0	0
pina lekin kam khushi ho ya gam	0	0
aise jaise koi diwana	0	0
dekh vo abr uthaa tu bhi zaraa jaam uthaa	0	0
ooei ooei chori chori batein ho	0	0
mai tum me sama jaau, tum mujh me sama jao	0	0
meri rag rag me koi barq si lehrayi thi	0	0
fir ye na kahna kisi ne puakra nahi	0	0
hamne puchha dusare ki aag me rakha hai kya 	0	0
rote hai vo pankh-pakheru saath tere jo khele	0	0
aankh kisi ki na royi	0	0
o o o, sunaa hai bahaaro kaa aangan	0	0
utar gayi thi sabaki chhup gaye sare dar ke mare	0	0
unhe bhi dikhao unhe bhi bulao 	0	0
aayi hasino ki toliya	0	0
khuda jane aisee suhanee ghadee phir	0	0
abhi nahi ki jane kis din tutegi deewar	0	0
badan, kagan, chadan, jhula, chadan, kagan, badan, jhula, badan	0	0
gokul ki galiyo ki or, chala makhan chor, nadkisor	0	0
ho dil lene vaalo dil dena sikho ji	0	0
ho disco diwane aahan aahan	0	0
goree tera ganv bada pyara main to gaya mara	0	0
kal tak jisane qasame khai, dukh me sath nibhane ki	0	0
dar pe khade hai kalyan kar do, kalyan kar do	0	0
kaise kaise tohfe laye tu kya jane, tu kya jane	0	0
deke tan aur man 	0	0
janki payal mach gayi halchal 	0	0
hoti hai to ho jane de dono ki rushwai 	0	0
main hu wo divana jiske sab dewane hai	0	0
bahut maine charche sune hai magar	0	0
koyi chupke se chamak jaye to phir	0	0
dil ki duniyaa basaayege ham	0	0
sajan re jhooth mat bolo	0	0
raat ko khao piyo, din ko aram karo	0	0
rupaiye ke milo so bhar lo khajana	0	0
chalo chaand sitaaro ko ye geet sunaate hai 	0	0
kar du pagal ho koi gaav ki gori ya koi shehri laila	0	0
ek ne tujhko di hai ye aankhe	0	0
aap aatee hai kyon	0	0
gam ko badha gayi gam ki maut	0	0
kuch na phir chaaha sanam tumako chaahake tum bin	0	0
pallo latake re mhaaro pallo latake	0	0
kise hai fikar inhe kya pasad	0	0
ham jaha hai   us jagaah  (2)  	0	0
ae mere malik mere data mere palanhara	0	0
bahare phir bhi ati hai bahare phir bhi ayegi	0	0
savar jay ham bekararo ki duniyaa	0	0
ab to tumko jhukna hoga mera zamana aaya	0	0
ra: bane chaahe dushman zamaanaa hamaaraa	0	0
dhol pitenge chhore 	0	0
ye bhed bata du geeto me, tasvire kaise banti hain	0	0
teri mahafil me ye dilajale ae hai	0	0
naino se jaadu kiya, jiyra moh liya	0	0
kehta hai joker saara jamana	0	0
kajra bahakega, gajra mahakega 	0	0
ai mere hamsafar chahnevalo par	0	0
luta kahi mara nahi jine ka sahara dekho ji	0	0
rakhta jo kuchh najar hai, samajhega kya asar hai	0	0
mere aakho me wade hai, tere hoto pe kasame hai 	0	0
tumhare shur ke birahaa tap me	0	0
phir koi chot muhabbat ki ubhar aayi hai	0	0
dilo ki yeh halchal bundo ki yeh cham cham	0	0
sapno ke shahar hum banayenge ghar	0	0
samajha hai mere, janaz tan ko	0	0
chhupaaun kaise	0	0
do lafzo ki hai, dil ki kahaani	0	0
garaz parast jahaan mein	0	0
din raat dua maange mera man tere vaaste	0	0
ham premi prem karana jane, ham premi prem karana jane	0	0
udaas dil ko dubone se fayada kyaa hai 	0	0
yaad teri	0	0
kabhi kabhi kuch to kaho piya humse	0	0
apanaa bhi gam hai, unakaa bhi gam hai	0	0
asali nakali chehare dekhe	0	0
   bagiyaan se sudar vo ban hogaa	0	0
ye badal kaisa hota hai	0	0
tum gar saath ho,  mazilo ki kami to nahi	0	0
tu ha kar ya na kar yara ho yara	0	0
kintu kua 	0	0
vo kya hai, ek bagiya hai	0	0
re ghungata mera taine kyun khola	0	0
aankho me rukate nahi jo aansu nikal jate hai	0	0
darate ho kyun, iqaraar se	0	0
wo jab yaad aaye bahut yaad aaye	0	0
mere liye toh ho tum dono, jaise yeh do hath mere	0	0
log kare badnami, kaise ye duniya vale 	0	0
gahano ko shayad jarurat ho meree	0	0
he saaz-e-dil chhedo jaha , me yaar ki gunje sada	0	0
mann ki gali me hai khalbali, ke unko toh bulao	0	0
uske parde main tumhe dil se laga rakha tha 	0	0
do kadam mushqil hai chalna mai nashe me hu	0	0
aur na samjho to raz bhi hai	0	0
dil ki khali deewaro par ik tasveer banaayi hai	0	0
shaukh shaukh woh ada hamko yaad aayegee	0	0
iss duniya me kaun tha aisa jaisa maine socha tha	0	0
tere husn ki, tere husn ki kya taarif karun 	0	0
are aankho-aankho hi me dil pe laharaau	0	0
hai apna dil to aawara	0	0
jaye pee ke des me barase, nit mann pyasa, nit mann tarase	0	0
kab tak kam chalaoge	0	0
manzile ek hui hamsafar ban gaye	0	0
kya kya naksha khicha 	0	0
o hoy har-su tera nasha hai har zarra pi raha hai	0	0
dil lagee naa dil lagee naa kijiye saahab	0	0
mausam ka ehsas na hota, gul gulshan gulzaar na hota	0	0
ham tum kahi ko jaa rahe ho aur rasta bhul jaaye	0	0
are laila, o meri laila are aaja meri baho me aaja	0	0
tum ho kali to gulaab ham hai, ho gulaab ham hai	0	0
mastano mastano dekho na 	0	0
vaadaa kar le jaan-e-jaa	0	0
khatm hogi na teri-meri daastan	0	0
mai hu izzat waali mujhe samajh na aisi vaisi	0	0
alla jisas ram hai mere	0	0
bin khet ka banda ha ji, bin murgi anda ha ji	0	0
ilazaam lagaane pe na jaa	0	0
badla jag ne bhesh	0	0
ho mai jo nahi haari saajan zaraa socho	0	0
o nirdayi pritam, o nirdayi pritam	0	0
kisiki jan jati hai, kisiko sharm ati hai	0	0
sharamaa ke na yun hi kho denaa	0	0
nadiya dhire baho	0	0
yaar hai matlab ke ye denge to kya denge	0	0
kaise hum apne aap ko aazaad karenge, tujhe yad karenge	0	0
hare krishna hare ram 	0	0
kabhee jisakee jyot naa ho fikee, tuje aisa rup singar mile	0	0
chhodo kal ki bate kal ki bat purani	0	0
aise me bhi kyun bechain hai dil	0	0
shul banake tan me chubh jata	0	0
phulo ki narmi hu mai, sholo ki garmi hu mai	0	0
o bevafaa teraa bhi yun hi tut jaae dil	0	0
teri khushabuu lekar phuula khilaa	0	0
khushi ho ya gum baant lenge 	0	0
ho o mai tumko kya kahu, divana	0	0
rat me katal karaye	0	0
haal kaisa hai janab ka kya khayal hai aap ka	0	0
tum mere khayalo me khokar, barbad na karna jivan ko	0	0
doliya khush naseebo ki sajati rahen	0	0
tujhase milane kee aas hain aa jaa, meree duniya uadas hain aa jaa	0	0
tarruf rog ho jae, to usko bhulna behtar	0	0
titli kahe main chali aakash	0	0
jaha pyaar hai har khushi hai wahi	0	0
maaf kar banda bhi ek insan hai	0	0
rut sunaa rahi hai prit ki kahaaniyaan	0	0
hamko duneeya me samjhna naa sanam aaj ke bad	0	0
mujhe dor koi khiche, teri or liye jaye	0	0
hosh udaa jaaye paanv dagamagaye	0	0
jaise karam karega waise 	0	0
phul baharo se nikala chand sitaro se nikala 	0	0
ham to chale jo kaha suna ho maaf kar dena	0	0
kal bapu jag gaye the, meri laaj ki socho	0	0
jo bhi jahan se aya hai, use vahin pahunchayenge 	0	0
saaraa jivan thahare yahaan	0	0
ise dosti naam kyun de diyaa 	0	0
hairat me pad gaya hu ke main tumko kya kahu	0	0
ram pam posh ram pam posh	0	0
pyar hamara sathi hai dol na hans hans kar	0	0
chal sanyasi mandir me mandir me mandir me	0	0
aapke dil me jo thodi si jagah mil jaaye	0	0
rishiyo ko badnam kare 	0	0
mohabbat ki taqadir me hai judaai	0	0
wo har mere gale kaa banega jo pyar me jan par khel jaye	0	0
aaj ki khushiya dekh key mera dil bhi ley angdaai	0	0
bhulega dil jis din tumhe	0	0
duniya hanse ha ha ha hansti rahe	0	0
vahi pe kahi vahi pe kahi ham	0	0
mai hu ganwar mujhe sabse hai pyar	0	0
wapas aaja aa gayi raja aa gayi raja aa gayi	0	0
lagate ho kyun, bezaar se	0	0
rote rote zamane me aaye magar	0	0
ek tu na mila mila mila mila	0	0
mehabub mere	0	0
dil jalegaa to hogi roshni	0	0
ho teri chaal hai naagan jaise 	0	0
bhigegee jab jab rat suhanee	0	0
kyon bhai chacha, han bhatije, kyon bhai chacha, han bhatije	0	0
rup teraa mastana, pyaar mera divaana	0	0
dil ne dil ko pukara mulaqat ho gai 	0	0
peete hai to zinda hai, na peete to mar jaate	0	0
kuchh sust qadam raste kuchh tez qadam raahe	0	0
apani surat pe bigad baithe to phir 	0	0
ham aman chahane vale ham pyar pe marane vale	0	0
sangmarmar ki tarh skhat badan mein tere 	0	0
ai mere yaar ai husn vaale	0	0
o dil tadapa aankho me aasu aa gaye hai 	0	0
tum mard ho tum kurbani do, is dhul ke ful ko apnao	0	0
mujhe pyar nahi karna hai	0	0
sapna hi samjho ke mil ke chale the	0	0
ye paana me mere kaleje ke tukade 	0	0
jhum ke jab jab kabhi do dil gate hai	0	0
anatho ki ye aas bhi tut jaye	0	0
nahi bhulega meri jan yeh banjara woh banjara	0	0
na na na meri jaa, dekho jana na vahan	0	0
duniya nahi hai, chehra purana	0	0
hame ye ummid vo pukaare 	0	0
birahaa ki chigaari bhar do dukhiyaa ke suhaag me	0	0
aaye jo aap is taraf mere liye	0	0
kari andhiyari adhi raat me tu aaya	0	0
to maza jine ka aur bhi aata hai	0	0
mukhda dekhe sapano kee dulhan	0	0
tune bhali re nibhai preet	0	0
aiso ko rakhti hu mai ghise me dal ke	0	0
pahala milan mose nahi re sajan ka	0	0
sansaar ki har ek besharmi, gurbat ki god me palti hai 	0	0
rup nagar se khelne holi	0	0
hamne udasiyo me guzaari hai zindagi  	0	0
tere geeto me	0	0
us bagiya me, kai bhanvare hai	0	0
ho julf gaalo se khelati, ke jaise din rat se lade	0	0
dil jo gareeb ka, tumako kubul ho	0	0
tumhare dar pe aayenge, tadapaoge tadapa lo	0	0
yaro ne saman utha kar rakha apne sar pe	0	0
chale jispe tu wo dagar chaahiye, dagar chaahiye	0	0
kuchh gila ho to gale hamako laga lena sanam	0	0
tujh bin jogan meri rate	0	0
yaar ki gali se, guzarate hai shaan se	0	0
lut gai nindiya, gir gai bindiya	0	0
eye eye kidhar jata hai 	0	0
parvardigaar parvardigaar bas hame bharosa tera hai	0	0
dukh toh apna sathi hai 	0	0
ik nazar dekho idhar bhi	0	0
sharm gairo se hua karti hai apno se nahi	0	0
tere bina jiya jaye na	0	0
baj raha hai baar-baar dil ka teliphuun	0	0
chandan sa badan chancal chitvan	0	0
apne aage na pichhe na koi upar-niche  rone vala	0	0
husn khada hai teri raho me	0	0
yahi marana bhi hain mujhako, mujhe jina bhi yahi hain	0	0
o o o rahenge ye dil ke fasane	0	0
kah raha hai mera dil, ab ye raat na dhale	0	0
sajna sun sun meri chabi sun sajna sun sun meri chabi sun	0	0
aap hi chhaliya kahlaaoge	0	0
fut fut kar kyu rote pyare bapu ke pran	0	0
koi maike ko de do sades 	0	0
kyun kyun kyun kyun, kyunki	0	0
tum kisi, rah me, to miloge kahi	0	0
adhi khusiya adha gum lena padta hai	0	0
sharm kahaan ki aao gale lag jaao ji	0	0
dil pe tha hame kitna etbar tumse kya kahe hum ye afsana	0	0
kya karu, kya karu	0	0
kabhi wo rasta	0	0
mere pas aaiye	0	0
la la la la ra ra ra, la la la la ra ra ra	0	0
raat ka sila agar, phir mile kahi	0	0
jhumake parbat pe rimjhim jab aata hai savan	0	0
tumhen dekh kar, aur bhi muskuraun	0	0
mangu to kya dogi, na na na 	0	0
kab teri did hogi, maston ki id hogi	0	0
dosti ittafaaq hai	0	0
diya phool diya phool gayi bhul	0	0
mai bhi isase chori chhupe chahata hun tabase	0	0
aji potti patana hai potti patana hai	0	0
agar mujh se muhabbat hai	0	0
yeh dil tumhare pyar kaa	0	0
lao wapad dedo ye maal paraya hai	0	0
tere rasavati hotho ka mai, git koi ban jaunga	0	0
ha ye bhi to kabhi sochta hoga le jaye na mujhe aur koi	0	0
tum akele to kabhi baag me jaya na karo	0	0
is qadar pile ke rag-rag me surur aajaaye	0	0
dil yaar ka jaa yaar ki apna hai kya	0	0
bas mitha mitha bolo	0	0
rag yun hi jamaa rahe vaqt yu hi thama rahe	0	0
kajal mil gaya asuvan me to, kala badal bana 	0	0
janam janam se hu sath tere ke nam mera jal ki dhara	0	0
do hafte hamne is gam me pi ki bichda hai dildar mera	0	0
ye rut aur ye pyaaraa samaa	0	0
usaka hai marana-marana, usaka hai jina-jina	0	0
main bambai ka babu 	0	0
jara hosh aane ke le jaiyega 	0	0
kya hoga kal kisko khabar hai 	0	0
haye jawani deewani	0	0
dekh mujhe sab hai pata, sunta hai too mann kee sada	0	0
tujhe me aahe bharne ke liye majbur kar du, ha me majbur kar du	0	0
pag me ghunghar bandhke, aa aa, aa pag me ghunghar bandhke	0	0
ye duniya ek nambari to mai das nambari	0	0
kaliyon pe nikhaar hai, hai 	0	0
main lapka wo jhapka, main upar wo niche 	0	0
satvi ye shart hai hamari ki didi bache nahi khilayegi	0	0
daakiye ki biwi na baniyo kabhi, na baniyo kabhi	0	0
are isi liye to kehata hoon pyaron	0	0
jo mujhpe bojh ho aisi tu guftagu na kar	0	0
jungal me more nacha kise dekha	0	0
tongue cheek to cheek, tongue o baby o baabu	0	0
o mili chhori to, mili chhori to hua nihal	0	0
sun ai mere yaar	0	0
sab hain taiyaar, sab hain taiyaar	0	0
jara mera nasha bhi chak le aaya jo meri gali	0	0
lachke jaise daal ho tera kya kahna	0	0
duniyaa ki puraani aadat hai	0	0
tum mere ho, haan tum mere ho	0	0
main dhundh rahi hu apne ko	0	0
tab hanse nainaa jab tujhe mai paaun	0	0
oo mitwa oo mitwa 	0	0
tumhe dekhkar ye kayal aa raha hai	0	0
dil ke bate dil hi jane aankhe chhede sau afsane	0	0
aisa hai to phir jaane jaana pyaar ka salaam lete jaana	0	0
dil duwaaye dega, girate ko thaam lo	0	0
baagad bam bam bam 	0	0
o main tumhari yaad leke kho gayi	0	0
jawani jis pe aaye, wo hi jane ye kya hai	0	0
tu hi nazaro me, nazaro me	0	0
meri jan wah wah wah wah wah	0	0
saari jag ki aankh ke taare	0	0
mujeh dar hai mujh me gurur aana jaye	0	0
sun mai bap rahe khush tere lal	0	0
jara paas aayo toh chain aa jaaye 	0	0
hai lat jo mathe pe aayi si, chudi hai meri kalayi ki	0	0
aap bhi meri tarah insaan ki aulaad hai	0	0
thoda safar ka maja lijiye ye hujur	0	0
sabko maalum hai aur sabko khabar ho gayi	0	0
mai jabase unake saath badhi ye bhed tabhi jana maine	0	0
kya jaane koyi kis pal kis mod par kya bite	0	0
meri hi tarah tu tadpe tujhako karar na aaye kabhi 	0	0
tu hai harjai to apna bhi yahi taur sahi	0	0
masti hai jis me pyar ki tum wo sharab ho	0	0
ban ke sapna ban ke sapna	0	0
jahaan dilarubaa hai, dil bhi vahaan hai	0	0
chalo chale ma	0	0
tan se judaa hai to kyaa ek jaan hai ham, ek jaan hai ham	0	0
pyar se jo kam le, hans ke salam le	0	0
chadhati javani ki ye pahli bahar le ke	0	0
tumke chhupa lu mund ke ye palke	0	0
ham tumhare hai sanam, tum hame pahchan lo	0	0
dekha to yahi hai dhundha to nahin hai	0	0
laakh mana karle duniya kahte hai mere ghungaru	0	0
tumne meri roti chhini chhini maine paise	0	0
aaj chale ham chhod  ke tujhako 	0	0
ek dil aur sau afsane, haye mohabbat haye zamane	0	0
chup chup chup kyu baithi ho	0	0
mai kisika nahi koi mera nahi 	0	0
aati hai jaaneman ye qayamat kabhi-kabhi	0	0
tere ishk me main badnam	0	0
par pi divane khushi se ji divane	0	0
yaara o yaara	0	0
humne sanam ko khat likha, khat me likha	0	0
husn hajir hai muhabbat ki saja pane ko	0	0
ik raat ke mehamaan sab yahaan, kal ham kahaan tum kahaan	0	0
woh mere nek ek dil tumhi to ho	0	0
gora ruke raste me bada dhokhe baaz hai	0	0
hai khot tere man me jo bhagavaan se hai dur	0	0
mera kahna man le jalim ye jidd chhod de	0	0
pal me shoharat ud jaaye jo ek pavan ka jhonka 	0	0
hum kahin phir mile, ek hasin raat mein	0	0
pite pite	0	0
shyamal chhavi jhalke, shyamal chhavi jhalke	0	0
are ik raat ke mehamaan sab yahaan, kal ham kahaan tum kahaan	0	0
ya meri aankho ke maikhane se pi	0	0
sab ragaraliya, puchh rahi hai	0	0
teri sau dastane hai, tere kitane fasane hai 	0	0
khayaalon me aake wo jab muskuraaye	0	0
ek baar yu mili masoom si kali	0	0
to koi lata phirki, lattu	0	0
naya tal nayi tan fata fat fat 	0	0
ho maine pyar kiya	0	0
rup ki mallika pyar ki rani	0	0
sharm ham se bhi karoge to musibat hogi, musibat hogi	0	0
bura keh gaya yah bbhala keh gaya	0	0
main khoj me hu manzil ke, aur manzil paas hain mere	0	0
tumne kaha tha main sau dukh sahungi 	0	0
kaise nikalu dil se main tere khayal ko	0	0
aa hi gayi main baahon mein teri, dil ne yun dil ko pukaara	0	0
ham samajhaa akkal vaalaa	0	0
dil pe kisi ko apane qaabu nahi rahaa hai	0	0
o sorry ahamdabad	0	0
are dhanno ki aankho me hai raat kaa surmaa	0	0
dheere dheere man ye bola bola bola kya 	0	0
maine tere liye hi saat rang ke sapne chune, sapne surile sapne	0	0
o pyare kano ka ye mail mere bhole bhale chail	0	0
nayi te shor mach jayega haan shor mach jayega	0	0
todhi der ko aate ho chale jaate 	0	0
do hanso ka joda bichhad gayo re	0	0
dunia me hum kyu zinda hai	0	0
dil ne dil ko pukara mulaqat ho gai	0	0
meraa dukh bhi taalo to jaanoon chakra sudarshan waale	0	0
jaano tan allaah allaah	0	0
aaha badla zamana waha waha badla zamana	0	0
andar karlo are aankh michke	0	0
sej se kaliya chun na le, chun na le koyi chun na le	0	0
he apni to jaise-taise thodi aise yaa vaise	0	0
ya ya ya yaar	0	0
sang sang mere woh sare chale	0	0
me to beghar hu 	0	0
dol na hans hans kar lagne bhi de thokar	0	0
guzar na jaae ye din kahi isi tamannaa me    	0	0
ab chaahe kaante mile ya kaliya yaara maine to ha kar li	0	0
hey main bambai ka babu	0	0
ke aaja teri yaad aayi ke aaja teri yaad aayi	0	0
nahi to yaro hum bhuke hi so jayenge	0	0
raah me sathi hay	0	0
hire jaisi nazar phul jaisi kamar	0	0
dekh milan ka din ye suhana	0	0
ho mora nadan balma na jane dil ki bat	0	0
na ham muskurate na vo pas aate	0	0
hindu khaye, muslim khaye, khaye sikh isayi	0	0
na na karate na na karate pyaar tumhin se kar baithe	0	0
purani vo mulakate 	0	0
dil jo na kah saka	0	0
mera yaar bana hai dulha aur phul khile hai dil ke	0	0
yahi ishq ka hai dastur, yahi ishq ka hai dastur	0	0
hoy baankpan allah allah allah allah allah allah	0	0
aise manmauji ko mushkil hai samjhana	0	0
hey raaju, hey daddy, raaju, o daddy	0	0
swami ji swami ji ye to badi natkhat hai	0	0
magar lagti thi thodi magar lagti thi thodi 	0	0
har taraf husn aur javani hai, aaj ki raat kya suhani hai	0	0
jiya me hai koi baat, zaba pe hai koi baat	0	0
jhuki jhuki nazar uthi nazar uthi aise mili	0	0
isake har katare me naazaan hai nihaan dariyaadili	0	0
meri vaah-vaah karte subah nind se log jage	0	0
dub ke ye dil dekhna chahe gehra hain kitna roop ka sagar	0	0
tara nahi chuta	0	0
mai to hu mahabuba mai kyu banu dulhan	0	0
ishq hone laga husn pe meharaba 	0	0
ki mai jaal hu tu shikari hai	0	0
saare jag ko masalane machal rahaa	0	0
jivan hai jab rog yaha, bolo iski dava kaha	0	0
malkaaye dilmaano, mera naam aaj hai	0	0
mili khaak me mohabbat jala dil ka aashiyana	0	0
aaj ki rat mere, dil ki salami le le	0	0
mehefilo ke daur yu chalte rahe	0	0
mausam tha vo bahar ka, dil khil machal gaye	0	0
ghoda tha ghamadi pahucha sabji madi	0	0
girne se darta hai kyo, marne se darta hai kyo	0	0
tum ko hamari umar lag jaye 	0	0
pyar ye tute na, tu mujhse ruthe na	0	0
udte phirte titli ban ke bachpan	0	0
khud ruthe, khud man jaaye, phir hamajoli ban jaaye	0	0
achchha	0	0
pachhiyo ke pakh leke ho jaa tu ojhal	0	0
yaado me kho jaau, jaldi se so jaau	0	0
bolo hai na hai na hai na, bolo hai na hai na hai na	0	0
kaha se tu aaya aur kaha tujhe jana hai	0	0
tan bhi badla mann bhi badla badal gayi hai kaya	0	0
aasha ke dvaar khadi khadi, raah teri dekhu ghadi ghadi	0	0
in bhulabhulaiya galiyo me, apna bhi koi ghar hoga	0	0
tune karam kiya mujhe apna bana liya	0	0
mere pyaar bhare sapne kahi koi na chhin le	0	0
tujhe mai chanda kahta tha magar usme bhi daag hai	0	0
dono milke gaaye gaana o hasina o jara ruk jaana	0	0
saaf kyu na kahu tu khushi se meri dar gaya	0	0
aata hain yaad baar baar, woh pyaar hain	0	0
insaan ko kya chhod enge	0	0
mori naajuk kalayiya marod gayo re	0	0
humka le aaya hai yaara thandi 	0	0
baho me chhupa ke ye kya kiya	0	0
kaisa hai yeh bandhan anjana	0	0
tujhe jana hai to ja teri marzi mera kya 	0	0
koi dekh le agar tu ghum na kar	0	0
maine hansne ka vada kiya tha kabhi	0	0
mai kaun hu 	0	0
gadi se keh do chale taz mangil hai dur	0	0
pyar hai, pyar hai	0	0
jine ka sahara dekho ji	0	0
chand bhi sar ko jhukata hai	0	0
baar-baar vaar kar, ant me haar kar	0	0
jaha shyam ne bansi bajai re 	0	0
mujh ko karne de karne de sola singar, koi aata hai	0	0
bago me aa gayi bahar, bago me aa gayi bahar	0	0
mai ye gam humanashi, bhul sakati nahi	0	0
kyaa, jhaanken na khidkiyon se	0	0
tum khayalo ki ye tasvire banaya na karo	0	0
jab tera husn mere ishq se takraya tha	0	0
dete hain ...	0	0
ek ek se bhale do do se bhale tin	0	0
loki nachhe laale taal 	0	0
raat bhar mua	0	0
chalti hu mai taro par, phir kyo mujhko lagta hai dar	0	0
aur nahi koi toh mere yaar ko bulao	0	0
unase ho gai aankhe chaar	0	0
chup chup dekhe ho chup chup dekhe, haiyya ho haiyya re haiyya	0	0
ho hay jalta hai badan	0	0
ye geet hai adhoora, karte hain kaam poora	0	0
tumahri raat kya hai, teri avkat kya hai	0	0
kaise hasrat se baabul ki dekhe gali	0	0
utha lo inhe bhi gale se laga lo 	0	0
tumhara dard sine me chhupa lu to karar aaye	0	0
log kare badnami, kaise ye duniya vale	0	0
jaane kyaa tune kahi 	0	0
yug se wo hai mera 	0	0
tujhko mai sajna bindiya ka pyar du	0	0
dekhate dekhate aayaa aankho me gam	0	0
mere pas aao to mera nam jao	0	0
dil ke maro ki bat mat puchho ji 	0	0
ishq me jina ishq me marana	0	0
o hamne to kar li hai jalne ki taiyyari	0	0
boli kyun ho khafa-khafa se, haay mar jaau	0	0
baharo se puchho meri kahani 	0	0
ye mard bade dil sard bade bedard na dhokha khaana	0	0
marke bhi na mite jo ye vo divaanagi hai	0	0
dur-dur baithe hai lekin pyar to phir bhi hai na	0	0
natakhat taro hamen na	0	0
madhushaale ban jaate hai	0	0
uf o meri toh ghadi band hai	0	0
apna bhi koi sathi hota 	0	0
ab safar jindgani ka katta nahi 	0	0
aarzoo kya hai, justju kya hai 	0	0
sabaki chhutti ho gayi phir maine but jo mara	0	0
khudaayaa yahaa tere insaaf ke 	0	0
naino me rag hai, bikhare hai bal bhi	0	0
ham-tum chal de duniya ke par, saiyya 	0	0
inn haseen aankhon se, dil ka payaam lo	0	0
kabhi woh din bhi aayega 	0	0
ab ghum ja, jara jhum ja	0	0
jaadu nagari se aayaa hai koi jaadugar 	0	0
nambar tin kaa chamatkar dekho jab phenku patta	0	0
ye chitchor shikari aankhe	0	0
kabhi manzil bhi mila jayegi, abhi to har asa baki hai	0	0
mein hoon don, mein hoon don	0	0
tu chiz ajab hai, tu baap gajab hai	0	0
raste me ham kya chhod  aaye	0	0
teree galiyo me naa rakhenge kadam aaj ke baad	0	0
madira jo pyaas lagaaye, use kaun bujhaaye	0	0
badan pe sitaare lapate huye, 	0	0
tum kamsin ho nadan ho najuk ho bholi ho	0	0
o tumko lage meri umar jiyo mere lal 	0	0
aaj apne pyar pe mujhko fakar hai	0	0
tum ko bhi to, aisa hi kuchh, hota hoga, o sajana, kaisa	0	0
baithe hain tere dar pe to kuch kar ke uthenge	0	0
aa gayaa to bahut pachhataayegi tu	0	0
muhabbat ki baho me akar to dekho	0	0
munne ki amma ye to bata, tere bete ke abaa ka naam kya hai 	0	0
are jit na tu paega jo hoga dekha jaega	0	0
saz pe dhadkan ke gati hai 	0	0
dil leke daga dete hai 	0	0
mit jane ko mit jayega azad vatan ko kar jayega	0	0
sab hai savaar, dushman ke yaar, sabko chali ye leke	0	0
tun tun tun tun tun tun 	0	0
ye sahib hu, ye sahib hun	0	0
ishq ki aag me jal ke hasti mitaa phir khabar ho tumhe kya hai dillagi	0	0
mera humdum mil gaya	0	0
jise dekh ke aa jaye hasino ko pasina	0	0
yakin kar lo mujhe muhabbat hai tumase tumase 	0	0
wai wai	0	0
na jane kis pe aayega	0	0
jam hai payam hai jindgi 	0	0
samajho samajho samajho divane ki zubaan	0	0
abhi chhedenge galee ke sab ladke	0	0
mummy se tum meri sulah kara do	0	0
aayi thi wo dham se	0	0
inase miliye kon hai ye nadan hai ye kuch aise	0	0
khush hai vahi jo is baat se begana hai	0	0
tumne nibhaaya yaaraana	0	0
ya allah, ya allah, dil le gayi	0	0
saz pe dhadkan ke gati hai, saz pe dhadkan ke gati hai	0	0
ibtedaye ishk me ham	0	0
ham dono ne dekha hai ek sapna	0	0
chachal shokh bahaaro me	0	0
mai tere pyar me pagal pagal pagal pagal	0	0
o sharad punam ki rang bhari chaandni	0	0
ha yuhi mahake prit piya ki mere anuraagi man me	0	0
aao aao na aao na pyar kare 	0	0
bas itanaa mujhe samajhaa jaa	0	0
mere manmohan pyare 	0	0
laila laila pukaru main ban me	0	0
jaan le aankho ke isharo ko	0	0
mehabub mere mehabub mere, mehabub mere mehabub mere	0	0
jhuke jahaan palake teri,  khule jahaan zulfe teri	0	0
fark itna hai yaaro	0	0
pyar mohabbat ke siwa ye jindagi kya 	0	0
tut ke paanv me sab kaliyaan, bichh gai banakar dhul	0	0
mai maan jati lekin dhadakate dil ne mana kar diya	0	0
tadap tadap ke iss birhan 	0	0
wo kya mile ke mujhe mausme bahaar mila	0	0
yuhi koi mil gaya tha	0	0
ye dil diwana hai, dil to diwana hai	0	0
are o meri jaan, are bol meri jaa	0	0
he taxy wale ne bhi na baithaya	0	0
jisane, jisane bajariya me chhina dupatta mera	0	0
jabse dekha maine tujhko, mujhko dosti aa gai	0	0
dil ne pukaara unhe, yaado ke pardes se	0	0
ari baanvri tu ban jaa meri, zara sun main kya kahta hoon	0	0
sabji madi baraf padi thi baraf me lag gai thadi 	0	0
koi bhed agar khul jae kahi to ban jaega kima	0	0
sari sari raat jaagu du mai duhai	0	0
dono pahalu jal jaate hai	0	0
maine kante chune	0	0
tut jaye sathi zanzire duniya ki 	0	0
parda hai parda, parde ke pichhe, parda-nashi hai	0	0
ye sino me tufaa machalte hue	0	0
kisko pata, kisko pata kya kisne kiya	0	0
tu mera raja tu meri rani, tu mera raja tu meri rani	0	0
ye nichi nigaahe gazab kar gai	0	0
ye kabul ka banjara	0	0
badalo ki palaki pe munneko bitha key	0	0
kabhi kabhi mere dil me, khayal aata hai  	0	0
pine vaalo ko pine ka bahaana chaahiye	0	0
tere bin ankhiyo se rat na jaye	0	0
pahale logo ne rakha tha mera nam nikhattu	0	0
chhotaa saa ho apanaa ghar	0	0
imaan ka maein shehzaada hoon	0	0
ha ha baat ban jaye, ho ho baat ban jaye	0	0
kanpate hatho ko mil janey do rishto ki tarah	0	0
hum tum	0	0
haye jawani deewani	0	0
nazaron mein tu hi tu hai, bas teri aarazu hai	0	0
mitti me sona hai hath badhakar dekho	0	0
muthukodi kawadi hada amme 	0	0
aag dil me lagi hai mere paas tu na aa	0	0
hazaar rahe mudake dekhi 	0	0
itani pile ke zamaane ko sharaabi kar de	0	0
pyaar kare aari chalwaaye, aise aashiq se dariyo	0	0
ke mastee me tumko khuda keh gaya	0	0
o basanti	0	0
mujhe kya pataa thaa kabhi ishq me 	0	0
mai khushnasib hu mujhko kisi ka pyaar mila	0	0
aao aao aao twist kare jaag utha mausam	0	0
kam nahi tum, kam nahi tum, socho zara	0	0
mai hu pardesi	0	0
hai khot tere man me jo bhagavaan se hai dur 	0	0
insaaf kaa mandir hai ye bhagavaan kaa ghar hai 	0	0
sajan re jhooth mat bolo,	0	0
aa dekhe jara, kisme kitna hai dam	0	0
o rab jhut na bulaye tauba jhut na bulaye	0	0
utare kabhee naa jo khumaar, woh pyaar hain	0	0
once in every lifetime 	0	0
majnu bana dun aisi mai laila	0	0
kabhi to dega sanate me pyar bhari aavaz koi	0	0
yu hi din bitega, bitegi raina	0	0
teri aankh me jo sarur hai	0	0
tum dekhoge	0	0
hum laut aayenge tum yuhi bulate rehna	0	0
sune shahar me jaise bajane lage shahanaayee	0	0
tujhe jitna pyar hai daolat se han ji daulat se	0	0
ek bhale maanush ko	0	0
ye mohabbat ke pal kitne anamol hai	0	0
mera suna padha re sangeet 	0	0
sun sun sun, are baabu sun, is champi me bade bade gun	0	0
ho mere saajna din aa gaye hain pyar ke	0	0
lekar naam naseebo ka	0	0
humne jo dekhe sapne	0	0
mohabbat ki basti basayenge hum	0	0
yaa zindagani luta do 	0	0
yaha sadke hai vaha galiya thi yaha kante hai waha kaliya thi 	0	0
dil kya kare jab kisee se, kisiko pyar ho jaye	0	0
duniya jawan hai mere liye mere liye	0	0
aaj tak aisi hasi cheez na dekhi hogi 	0	0
ab bhi tere surkh hontho ke pyale	0	0
	0	0
