Song lyrics	Mood	Offensive
you are doing fine, du ru cha cha cha	0	0
sare mare jayenge sare mare jayenge 	0	0
aaja re ab, aaja re ab laut ke tu aaja	0	0
puchhtee hain mujhse tu chala hai kidhar kidhar kidhar	0	0
jivan ki bagiya	0	0
jee mai khush hu mere sona 	0	0
ho rut pyaar karan kee aayee ho oh	0	0
dil ke aramaa aansuo me bah gaye	0	0
nashe me hun lekin mujhe ye khabar hai	0	0
singapur singapur singapur	0	0
khoye se ham, khoi si manzil achchha hai sambhal jaye	0	0
meri jan wah wah 	0	0
o mere dil ke chain 	0	0
yad kar tune kaha tha, pyar se sansar hai	0	0
pite pite kabhi-kabhi yu jaam badal jaate hai 	0	0
dil ki bate dil hi jane aankhe chhede sau afsane	0	0
haye chhod diya	0	0
aasmanon se utar aayi thi jo raat ki raat	0	0
tum dekhoge us roz mujhe mai apni jaan pe jis din khela	0	0
yahin sab kuchh chukaanaa hai	0	0
pyase pyase dil me hai arman hazaro	0	0
jagata hai rat bhar aur ahe bharata hai, bolo bolo	0	0
meri bhi aankho me jage o khwab nayi manzil ke	0	0
dal ka dana lai chidiya	0	0
aa hamari na mano, hamari na mano sipahiya se puchho	0	0
o ek do baras jara dur rahna	0	0
raah-e-vafaa se tere bahak jaaege qadam	0	0
tauba tuba al habibi khubas, marhaba aye dilruba tauba	0	0
daur par daur chale, aao lag jaao gale	0	0
ki mele lag gaye mach gai dhum re	0	0
isake pinese tabiyat me ravaani aaye	0	0
jitna tadapayegi mujhko utna hi tadapegi tu bhi	0	0
hai pyas badi jivan thoda	0	0
dil diwana diwane ko kaise samjhate	0	0
lo jee mem sahab hamra pishta nahi kacha	0	0
aaja jara, aaja jara	0	0
luta tere gesu bikharane me	0	0
ni:	noori noori	0	0
hans ke zara dekh ladaki, sharama na, sharama na, sharama na 	0	0
jahaan bhi hai, aa jaa mere paas	0	0
zamane mein sabse purani yahi pyar ki hai kahani	0	0
thehar jaiyega thehar jaiyega 	0	0
ye bahaare yeh phuvaare ye barasta saavan	0	0
hai bas ki har ek unke ishaare me nishaan aur	0	0
ka_i saal hamane guzaare yahaan	0	0
ho dil leke daga de oh 	0	0
paanee lene ke bahaane aaja 	0	0
sach hai duniyavalo ki ham hai anadi	0	0
jab jab woh muskuraayega apna sawera hoga	0	0
prit jagaye hame nind naa aaye re nind na aaye	0	0
nadiya kaa pani dariya se milke	0	0
ajaan pe bhi zara rakhna nazar phir karna koi aghaat	0	0
sadiyo se hota hai jo aakhir to vahi hoyega	0	0
jalwe phir dekh gori meri bhi chal ke	0	0
ho apna dil gata hai 	0	0
huaa nahi vo niraash, chali jab tak saans	0	0
meraa dil teree aankho me kho jayega	0	0
sut pahan kar tum dekho naqali sapna	0	0
aisi hai aankhe teri, jaise ki koi gazal	0	0
mere man ki vina me tere rag jage	0	0
oo aaja aaja, mai hu pyaar tera 	0	0
dil ki aavaaz bhi sun mere fasaane pe na jaa	0	0
allah kare jore shabab aur jyada	0	0
ek do baras jara dur rahna	0	0
o hansani meri hansani, kaha ud chali	0	0
ye rat jaise dulhan ban gayi charagon se	0	0
oo sau rab di mai mar java ladayi thi ye to jhuthi	0	0
tere bina jiya jaye na, tere bina jiya jaye na	0	0
ab chaahe lag jaaye hatkadiya maine teri baah pakadli	0	0
kyu, ho tera mera milan bada mushkil hai	0	0
we are made for each other samjhe	0	0
talim hai adhuri, milati nahi majuri	0	0
sag tere naam ke	0	0
maine dekha hai ki kohare se bahri vadi me	0	0
aapake qaram se hai hamaari zindagi	0	0
hey jai jai shiv shankar kaanta lage na kankar	0	0
lipati hai too meri hi baho se	0	0
mohe un bin kachhu na suhaye re	0	0
ek saheli ka miya sharabi, miya sharabi, miya sharabi	0	0
la la la  	0	0
ulfat ki may aankho se lo, aaj pi lene vale aa gae	0	0
gam ki duniyaa kaa dar chhod kar	0	0
dhire se jana bagiyan me o bhawra	0	0
bijali nazaro ne kai din na girai hogi	0	0
thandi safed chaadaro pe jage der tak	0	0
ye kisne kaha hai ki darte hai ham, huzurevaala	0	0
hoy hoy hari hari main hoon uski lalpari	0	0
dard bhare dil ki zubaan	0	0
baithe baithe jine ka sahara ho gaya ) - 2	0	0
ban ke tamasha mele me aaya	0	0
anjaan hai pareshan hai, bhuli hai ghar ka rasta	0	0
haay jiyra moh liya, ho jiyra moh liya	0	0
sab to laye phul buddha gobhi le kar aa gaya	0	0
laut ke ana hai yahi tumko	0	0
aiyo muthukodi kawadi hada 	0	0
sadako pe ghumata hai, ab karavan hamara	0	0
is jami se alag aasmano se dur 	0	0
ai maan, ai maan teri surat se alag	0	0
ruk ja zara ha kidhar ko chala ha	0	0
phulo si najuk hai woh, motar me baithi hai jo	0	0
chuha bhi aya bandar bhi aaya	0	0
ab chaahe rab ruthe ya duniya	0	0
munne ki amma ye to bata, tere bitua ke aba ka naam kya hai 	0	0
ae mere khwab ki tabir, meri jaan-e-ghazal	0	0
kuchh aur na aata ho hamko, hame pyaar nibhana aata hai	0	0
samjhauta gumo se kar lo, samjhauta gumo se kar lo	0	0
 mere binaa tu na rahe	0	0
sun ri pavan	0	0
ja ja aiso ko rakhti hu ma ighise me dal ke	0	0
tadap tadap ke kitna pukaru, kitne aahe bahrun	0	0
palke fir bhi pyasi	0	0
uf ye nazar uf ye adaa	0	0
mori kaya aise tadpe jaise tadpe jal me machliya	0	0
na jaane kahaan se hawaa aa rahi hai	0	0
aha aaj tu hume nachaye	0	0
logo ki baat nahi hai, ye kissa hai apno ka	0	0
wafaa ki raah me ek dip saa jalayaa hai	0	0
are tujh par devi kisi rog ki padi vikat chhaya hai	0	0
surama idhar se jhalka, gussa udhar kaa halka	0	0
tere naseeb mein main hoon ke nahi 	0	0
ye na socho isme apni haar hai ki jit hai  	0	0
o basanti pawan pagal na ja re na ja roko koi	0	0
jab dil pe chhuriya chalti hai, toh chain se koyi sota hai	0	0
koi nahi tera koi nahi mera	0	0
tere hatho me hai meri naiya	0	0
to vahi pe rok lege, unhe aake mere aansu	0	0
nazo ada se chand ke aage ghunghat jab sarakaye 	0	0
sach puchho to man ko jhuthe lagate hai ye saare 	0	0
gunj uthi chham-chham chham-chham	0	0
are aapas me takdhin takdhin ho gaya, abb kya rah gaya baki 	0	0
hamrah tere koi apna to hai	0	0
yuhi koi mil gaya tha sar-e-raah chalte-chalte	0	0
tera nam hi lena chhod diya haye chhod diya	0	0
hindu vo musalman, sikh pathan chal pade	0	0
tu kaha gaya tha teri mar jaye sajaniya	0	0
aha aha sipahi aha aha	0	0
hoy gaya dekhne mela gaya dekhne mela	0	0
jitna jata hai jane de jane de tu jane de aane de tu aane de	0	0
phal paye lagayega jo paudha	0	0
jiyaraa re jhume aise 	0	0
teri duniyaa se ham, le ke chale teraa gam	0	0
sabki sun li lekin kiya wahi jo man me aaya	0	0
tumhe apna kahne ki chah me	0	0
bikhraye jab laila jaise baal	0	0
ye sochte hi sochte savera ho gaya	0	0
kachche hain tere yeh resham ke dhaage	0	0
karana tha inkaar magar iqaraar tumhin se kar baithe	0	0
jag dole, sang hole, aur bole	0	0
aa dil kya mehfil hai tere kadmo me aa	0	0
tumhari khata khud saja ho gayi	0	0
nae rag jivan me lata raha mai	0	0
ki khushabu aa nahi sakati, kabhi kaagaz ke phulo se !	0	0
koi phul banke hum teri zulf chumte	0	0
fir kabhi fursat se sochege bura tha ya bhala 	0	0
wo to har roj rulaate hai ghataao ki tarah 	0	0
chaahat ki khushabu yun hi zulfo	0	0
o meri lottery lag jaane e waali hai, o hasino	0	0
koi dekhe mohabbat ki majburiya	0	0
ho lala ho lala, ho lala ho lala	0	0
chadhti javani meri chaal mastani tune kadar na jani rama 	0	0
sada has ke rahe aankhe sada ye honth muskaye	0	0
dali-dali koyal kali tere git gaye	0	0
mere dil se na lo badala zamane bhar ki baato ka 	0	0
dekhne-sunane vaala duja aur yahaan par koyi nahi	0	0
tumhen aur kya duun main dil ke sivay 	0	0
sagar me zindgi ko utare chale gaye, ham	0	0
duniya hai do din ka mela	0	0
jo din ke ujale me na mila	0	0
kuchh naa boli haay, haay, haay	0	0
karte ho kyo hera pheri yaro pe tohmat lagate nahi	0	0
parde ke pichhe, parda-nashi hai	0	0
laut key aaye shan se raja dware	0	0
ban savar ke nikale ae savan ka jab jab mahina	0	0
ya lala roshandaan	0	0
ladki chale jab sadko pe, aaye kyamat ladko pe 	0	0
chaye wo is kadar ke mere hosh ud gaye	0	0
maine kya ji, oy ki gal hai, koyi nahi ji koyi nahi	0	0
ke aaja teri yaad aayi ke aaja teri yaad aayi	0	0
ek ek pal yaha jhumke ji le	0	0
thodhi der ko aate ho chale jaate ho	0	0
chalo ek bar phir se, ajnabi ban jaye ham dono	0	0
vo kaun hai vo kaun hai jo ruth jati hai	0	0
har ek dil ki duaye bula rahi hai tumhe 	0	0
bin barati ghoda hathi bin barati ghoda hathi ye barat sajai re	0	0
ho ho jalne de ho ho jalne de	0	0
sharm roke hai idhar, shauk udhar khiche hai 	0	0
nae daur me likhege mil kar nai kahani	0	0
uthkar girna girkar uthna jivan ki rit purani hai 	0	0
dil dil se mila kar dekho 	0	0
tesan se gaadi jab chhoot jaati hai 	0	0
sasura acchha banda hai	0	0
ek ek ek mai hun bhavraa	0	0
faili sukh ki shital chhaaya	0	0
chaand taaro se chalna hai aage	0	0
ab kya misaal doon	0	0
achhi si farmayish karna	0	0
dil ne phir yaad kiya	0	0
sabko ye bata do kah do har najar se ha 	0	0
kare pyar ki pukar dekho diladar	0	0
woh umango bhari chandani rat hai	0	0
mardo ke liye lakho seje, aurat ke liye bas ek chita 	0	0
vaqt se pahale qisamat se jyada	0	0
apne apne miya pe sab ko bada naaaz hai	0	0
aur shame gam banke agar dukh ke andhere karte safal	0	0
rama ho rama rama ho rama	0	0
thaamke aanchal bole, gori tu mere man bhaai	0	0
jisne racha sansar hai yeh ham rachana us ki gate hain	0	0
dil ne ye tu aai	0	0
teri khidki ke niche ake siti bajata	0	0
apni toh har aah ek tufan hain	0	0
o raat ke musaafir chandaa zaraa bataa de	0	0
dil deke dekho, dil deke dekho dil deke dekho ji	0	0
jaago mohan payare jaago	0	0
kya dekhate ho surat tumhari	0	0
tujhko chhupaya aanchal me	0	0
ho ho ho munna git sunaayega tunna dhol bajayega	0	0
ham bhi tumhare hai, waah waah waah waah waah	0	0
chham chhamaa chham, git gaaya pattharo ne sargam 	0	0
chupchap raho ke izhaar karo	0	0
hamse agar koi jal gaya 	0	0
ke fasana ban gayi hai meri baat talte-talte	0	0
aala re aala zara matki sambhaal brijbaala	0	0
jhum baraabar	0	0
gaw har chhuta re, sapana har tuta re	0	0
meri is halat ko, ha meri is halat ko najar na lagao	0	0
yado me vo sapno me hai jaen kahan	0	0
karti hai fariyad lekin hanste hanste	0	0
chhupe huye o chachal panchhi, jaa jaa jaa	0	0
logo ke naam badal jaate hai 	0	0
dhundh dhundh ke har insaan, kho baitha hai apni jaan 	0	0
mithi chhuri se, mithi chhuri se hua halal	0	0
arre jhuth to kehte nahi hai, kehte nahi hai log koi	0	0
agar tum aajmaaoge to bologe ke ha hai	0	0
arre rocket koi chadhata hai, arre rocket koi chadhata hai	0	0
around the world in eight dollars 	0	0
kaha ruth ke chali o gulab ke kali	0	0
haay mera tan man	0	0
dil mera aapka ghar hai	0	0
kaha ruth ke chali o gulab ke kali 	0	0
karake jora-jori, kar gai hamare dil ki chori	0	0
vaah re fakir khub karamat dikhaai	0	0
phul vahaa khil jaate hai	0	0
milte hai dil kabhi-kabhi varna hai ajnabi sabhi	0	0
mai tumase muhabbat karati hun	0	0
daal gale me ye baahe ab yaar ke	0	0
chal padi mai sath tere sari duniya ko bhulake	0	0
badh ke kadam phir rukane laga	0	0
jise samajhaa naa koi, vahi ek raaz hai tu	0	0
ajnabee tum jane pehchane se lagte ho	0	0
koi bhi use dekhe to bas ye guman ho	0	0
jaane kiski jeet hai ye jaane kiski haar hai	0	0
ghar tak pahuncha dene vali	0	0
resam ki dori hoye resam ki dori	0	0
kitanaa hasin hai yah ik sapna	0	0
aaya hu main badhu rus aur chin me ja ke	0	0
paas kisi gam ko na jab tak bulayega	0	0
ye zamana ye tarana naya fata fat	0	0
darji ki sui tut gayi to	0	0
zindagi ki naa tute ladi	0	0
tu duja byaah rachaayega haaye meri sautan laayega	0	0
barse gagan mere barse nayan	0	0
janeman janeman tere do nayan, chori chori leke gae dekho mera man	0	0
mai wo nagme teri aawaaz ko de aaya tha	0	0
khulataa nahi, kuchh dilarubaa	0	0
prem nagar kee yeh ek sunder prem kahaanee hai	0	0
ho ga_i aadhi raat, ab ghar jaane do	0	0
na re diwani hun, pida ki rani	0	0
likhe to honge khat mujhko par dak me na dale honge	0	0
chhut gayaa jaadu na khade-khade sochiye	0	0
ye zulf laharaai	0	0
oye twinke twinkle little star	0	0
koyi yaha, koyi waha, koyi kaha re	0	0
hillori hillori 	0	0
badnaami se, ho, o o	0	0
sang tumhare do ghadi, bit gaye jo pal 	0	0
raz ki bat keh du to jane mahfil mahfil 	0	0
gulazar karata, koi pyar karata 	0	0
maut ho ya zindagi ham saath chalte jaayenge	0	0
chale hain masti me, to chalne do 	0	0
zami par tujhe mai khuda se mila dun	0	0
yak-b-yak yak-b-yak yak-b-yak  yak-b-yak	0	0
hanste rahe hum dono phulo ke gaanv me	0	0
jalavo ki ye aankh michauli	0	0
lahla lahla lahla laha laha	0	0
dori nahi gori	0	0
jo tum muskuraa do bahaare hanse	0	0
mai aayaa aayaa aayaa aayaa aa jaa	0	0
ab tu hi ise samjha, ab tu hi ise samjha	0	0
tukade hai ye ek dil ke	0	0
hum bewfa hargiz na the par hum wafa kar na sake	0	0
rambha ho ho rambha ho ho mai nachu tum nacho	0	0
o mitava re e e e e 	0	0
usko kasam lage usko kasam lage jo 	0	0
pyali gayi tut munna gaya ruth	0	0
toh maaf karna is bat ke liye aaj raat ke liye	0	0
jaise sip me motee hai, saagar me paanee hai	0	0
jharano ki mauj hai vo, maujo ki ravani hai, meri mahabuba mahabuba	0	0
saayonara saayonara	0	0
daal kar aankhon ko tere rukhsaron pe	0	0
thode gam hai, thodi khushiya	0	0
na ye aansu ruke to dekhiye, ham bhi ro dege	0	0
daaman ho kyun bachaati	0	0
chhodte hai kab ye arma	0	0
mach gayi are mach gayi hai aafat sadko pe, aaye kyamat ladko pe 	0	0
seene se gir ke tera anchal	0	0
tujh sang prit lagayi	0	0
khane ko milte laddu	0	0
kahi aur dil ki dunia basa lo	0	0
ke pag pag dip jalaye meri dosti mera pyar	0	0
hey tere bina main mere bina tu, thi zindagi me adhuri	0	0
kaano me zara keh de, kaano me zara keh de	0	0
badal jaye agar mali chaman hota nahi khali	0	0
dekho roye mera pyar,kahe dil ki pukar 	0	0
kahe to aasmaa se chaand taare le aau	0	0
mai qaafir to nahi, magar ai hasi	0	0
koi shikava nahi hai jo ji chahe saja do	0	0
kuchh yad reh jate hain uname se kuchh log bhul jate hain	0	0
ki maa ko de du ha ji, mandir me rakh du ha ji	0	0
aapas me takdhin takdhin ho gaya, abb kya rah gaya baki 	0	0
mohabbat zindagi hai bas itna jaan le tu 	0	0
karunga tera pichha chaahe lag jaaye hathkadiya	0	0
hai bhul koi dil ki aankho ki yaa khataa hai	0	0
bhigaa bhigaa	0	0
tu ru ru, tu ru ru, tu ru ru, tu ru ru	0	0
sari sari rat teri yad sataye	0	0
haay re pipal chhaiya, baithi pal bhar	0	0
wo dekh dekh jale to jalne do 	0	0
aisa na ho ke bichhad jaye ham	0	0
jai ho ganga maiya	0	0
kya kahun tere liye maine ansu bhi piye	0	0
chanda ko lage grahan suraj ko lage grahan	0	0
tu bhi dil ki lagi ko bujha le	0	0
tum ek hasin ho lakho me, bhala pake tumhe koyi khota hai	0	0
hey abdul rehman abdul rehaman abdul rehaman	0	0
kitni akeli thi wo raahe ham jinpe ab tak akele chalte rahe	0	0
		0	0
dil ke aramaa aansuo me bah gaye	0	0
mera dil ab tera o saajna	0	0
deta na dashmalav bharat to 	0	0
ham mohabbat se mohabbat ka sila dete hai 	0	0
pyar ke jam na pite ham, khokar hosh na pate gam	0	0
gham se mohabbat hai	0	0
aage kuch na pucho ke aati mohe laaj hai	0	0
tim tim tim taaro ke dip jale	0	0
kya tumko sunau, me apna fasana haye	0	0
dar gaya vo kaise bazar me aise	0	0
gaye raja maharaja, ab sab tujha maajha	0	0
kabhi khwabo me chamakte hai muraado ke mahal 	0	0
puchho to is daulu se ye, kaise daulataram bana 	0	0
yahan chalati ko gaadi kahate hain pyare pam pam pam	0	0
o tum hamari zindagi ke baag ho	0	0
na bana chor tu marji se na bana mai sipahi 	0	0
o ye kyo dil pe hath hai	0	0
sharm ham se	0	0
ko_i aage na pichhe	0	0
tere mere pyar ka hoga gali gali me 	0	0
dadi tumhe hum to mana ke rahege	0	0
mai aai aai aai aai aa jaa	0	0
ye hoth aur ye bahe meri amanat hai	0	0
ha hame dekhana haay hame dekhana	0	0
oh sanam hum dono sath rahe janam janam	0	0
shabnam ke moti phulo pe bikhre 	0	0
o maajhi re 	0	0
khatra hai aman ka	0	0
kabhi dono tarasate hai, kabhi dono barsate hai	0	0
meri jaa kah de jara ha kah de	0	0
panchhi akela dekh mujhe ye jal bichaya hai	0	0
aap ab shokh se dede jo saza dete hai 	0	0
hariyali si, chha jati hai	0	0
ghame zindagi ke andhere me hamne	0	0
bola raat ki raani maan le mujhko jaani	0	0
is liye, ki sharma na jaaye phulo ke saaye	0	0
humne jo dekhe sapne, sach go gaye wo apne	0	0
khare ko bhi, khote ko bhi, mote ko bhi, patale ko bhi	0	0
mujhe apni sabhi aahe sabhi dard-o-alam de do	0	0
dekho wo gori-gori raahe 	0	0
hai sabki dekhi, hai sabki jaani, haath kisike na aayi	0	0
ho, raasto me mil gae hai    	0	0
sehara bandhta baza bazta mela lagta ghar aangan me	0	0
pyaar ki raaho me khoi rahun	0	0
saaraa usi kaa to qasur hai	0	0
tu kuchh kahe lagta hai ye tere dil me koyi aur hai	0	0
aisa lagta hai, mauj pyasi hai, apne dariya me	0	0
tere liye zamana tere liye aur tu mere liye	0	0
kuchh bhi ho muskil hai dur rahna	0	0
aayenge kyaa na laut kar 	0	0
chalaa daav pe lagaane	0	0
ek shrimati ki, kalawati ki, sewa kare jo pati ki	0	0
ek ye din hai tu jage sari-sari ratiyan	0	0
ek do teen char raju bada hosiyar	0	0
kya hai khataye meri aaj koi batlaye	0	0
palako se chun daalugi mai kaante teri paao ke	0	0
ham hi mile the kabhi jamuna kinare	0	0
surat kabhee toh dikhayega, pade hain ham bhee raaho me	0	0
jo pyar kiya toh pyar kiya, jo nafrat ki soh nafrat ki	0	0
o ho ho o ho ho aa ha ha aa haha	0	0
to phir kya hoga, to phir kya hoga  	0	0
humse mat puchho kaise, mandir tuta sapno ka	0	0
khoi-khoi aankhe hai udaas	0	0
utra jo nasha to hamne ye jana	0	0
vo aa gaya dekho dekho vo aa gaya, monica monica 	0	0
na to hai ek bhasha meri, na meri ek jati	0	0
hansate hansate jane kaise dil hi dil me tumako paya	0	0
o jana kaho pyar hai tumse, ja ja ja	0	0
ham rote dilo ko hasa de, dukh dadr ki aag bujha de	0	0
o kitni haseen ye raat hai kya ye meri barat hai	0	0
tumamen hai jo baat kisi mein ho	0	0
yahalla yahalla u ya allah, yahalla yahalla u ya allah	0	0
hai prit jaha ki rit sada, hai prit jaha ki rit sada	0	0
sote sote jindganee ghabara ke uthee hai jag	0	0
dulhan sa mujhe sajao dulhan sa mujhe sajao ri	0	0
main aaj yaha hu kuku, kal jaane kaha hu kuku	0	0
so ke bhi jaagte hi rahte hain jabaaj suno	0	0
kya kaha tujhe main bhul jau	0	0
bas ek baar mera kaha, maan lijiye	0	0
mana tu saare hasino se hasi hai	0	0
hoye hoye dhundhe tera pyar raste raste	0	0
haye tod diya	0	0
apne aangan naache gayenge chanda sitare	0	0
tum ho kahi aur ham kahi 	0	0
or piye cigartte baby	0	0
jiyo mere lal jiyo mere lal 	0	0
ruk jaa na jaa dil tod ke, e e	0	0
nadi mile sagar me	0	0
aisa na ho, aisa na ho, apne khuda se raat din	0	0
o meri jaan, bol meri jaan	0	0
o yaar hu hu shandar hai	0	0
mai to divana divana divana	0	0
apane dil ka horn bajao bich bazar na break lagao	0	0
aavaz de tu kon si nagari me chhupa hai	0	0
tu ho na ho aankho me rahti teri surat hai	0	0
teri galiyo ka me hu ek banjara 	0	0
bade bado ki maine kar di hai aisi taisi	0	0
ye bole jogi ka ektara ho	0	0
mausam dil ki dhadkan jaisa lagata hai 	0	0
apne ghar ke raaja tum chhedo man ka baaja tum	0	0
milega wahi jo maangoge jo dildaar se magar pyaar se	0	0
phir bhi takraar hai, hai 	0	0
nayi umangen sang laayega har din aanewala aanewala	0	0
mai chali mai chali 	0	0
pyaar me jaae jal, ham to pyaar me jaae jal, pal pal 	0	0
aa aa aa aa aa aa, aas milee armaan mila	0	0
ke tum mere kya ho, ke tum mere kya ho	0	0
wo kaun hai jo aakar khwabo pe chha gaya hai	0	0
kaha gaye mere bhagwaan	0	0
hey seth karodimal ki bibi ek rat ye boli	0	0
do kism ke neta hote hain, ik deta hai ik paata hai, ho ho	0	0
yak-b-yak yak-b-yak koi kahi 	0	0
janun to jaanun bas itana janun ki tujhe apana janun re	0	0
baarood agar ye chal jaaye	0	0
tera rasta dekhenge mere naina	0	0
kaise yaki aaye tujhe tu jo kahe main woh karu	0	0
jitna ji chaahe pukaaro, phir nahi aayenge ham	0	0
wo to har roj rulaate hai ghataao ki tarah	0	0
dekho mujhe sar se kadam tak sirf pyaar hun main	0	0
ithra ke na chal balkha ke na chal 	0	0
dunia se bhi takrana	0	0
munna, guddi, tiku, mili, shin shinaati babulaa bu	0	0
nazar ladi phisal padi topi topiwaalon ki nazar ladi phisal padi	0	0
dhundh laayaa hun vahi, git mai tere liye	0	0
phir toh bhatke raahi ko mil jayenge raste	0	0
ek badal udhar se chala jhum ke	0	0
anahoni ko honi kar de honi ko anahoni	0	0
everybody come on	0	0
ki khonaa bhi padataa hai paane ke pahale	0	0
ishq maasum hai ishq maasum hai 	0	0
dil ne hamse jo kaha, hamne vaisa hi kiya	0	0
ek saheli ka miya tha driver, miya tha driver, miya tha driver	0	0
kya mausam hai ai divane dil	0	0
itna toh asar kar jaye meri wafaye o bewafa	0	0
aa, mere piya jhume jiya jhume ye nazare	0	0
huwa kya, kisi se, kiya tha tumne pyar	0	0
ha ha ha ho ho ho hee ha ha ha	0	0
e,kyaa program hai aaj raat kaa	0	0
tota maina ki kahani 	0	0
dono ankhiya tori	0	0
ooei ooei aaja meri bvaho me	0	0
jo nakali hai kabhi usse	0	0
chhup na sake mere raaz, nagmo me dhalne lage	0	0
jhulat aaya sawan pyara	0	0
is liye,  ki vaade kiye aur kar ke nibhaaye	0	0
insan bhi hai 	0	0
dil ke bandhan itne sachche jitne ye din raat	0	0
ko aaya chain zara sa	0	0
milane ki yeh rut hai gori din hai hamare	0	0
jivan ke safar me tanhayi	0	0
kabhi kabhi tere ghar tirth samajh kar 	0	0
muskaaye ji jalaa_i ke	0	0
mera dil agar koyi dil nahi	0	0
khana bhi pakaaoge, pakaaunga	0	0
roz naye sapne dikhane wale, ha boom boom	0	0
aisi may bhi hai kahi	0	0
tu humko jo mil jaye to hal apna sunaye	0	0
kurta ye jali vala uspar motiyan ki mala	0	0
tu jo kahe mai woh kahu saya banu sang sang rahu	0	0
mai chhune lagun tu ud jae pariyo se tere par sajani	0	0
saike ye latka saike ye jhatka	0	0
dil ki ye aarazu thi koi dilarubaa mile	0	0
majdhaar me naiyaa dole,  to maajhi paar lagaaye	0	0
dil ke dware dil ke dware	0	0
it ki dukki paan kaa ikkaa	0	0
kabutar kabutar kabutar kabutar kabutar kabutar	0	0
laakh taraane, rahaa mai sunaaye	0	0
aa dil bole boom boom	0	0
aa ee u ae aa ee u ae 	0	0
ho  mujhe kehte hain kallu kavval kallu kavval	0	0
phir hai sajna ojhal kyo meri nigaho se	0	0
saj rahi gali meri maa chunari gote me	0	0
he tut ke rah gayo dank utar gayo bichhua	0	0
hontho pe dahkate angare	0	0
mere tan pe chhanv hai usi ki re	0	0
khudaya khudya mohabbat na hoti hum ban ke 	0	0
aise la la la, right, cha cha cha	0	0
aisa kyaa hai tum men jaa jhuthi	0	0
saanso ke taar par, dhadkan ki taal par	0	0
ye bas naam hi naam ki chiz hai, kam ki chiz hai	0	0
hum to deewane diljale	0	0
khayalo me dubi hu tere o babu	0	0
aai aai dekho dekho aai hansi aai re 	0	0
is daak khane me nahi, saare jamaane me nahi	0	0
barsii ghataa to jhuumkar 	0	0
ek taraf apne dube isharo ka gam	0	0
mai tera kya le jaungi kuch na kuch tohe de jaungi 	0	0
hamane bahut tujhako chhup chhupake dekhaa  	0	0
tum bin jaaun kahaan, ke duniya mein aake	0	0
joru teri sar ghumegi roz kahegi gadha dhechu dhechu	0	0
jo khil sake na wo phool ham hain	0	0
bhul gaye vo, tu bhi bhula de, pyar ki vo mulaqate	0	0
tod de dilo ki duri, aisi kya hai majaburi, dil dil se milane de	0	0
tumhaari aankh hai yaa, nashe kaa tod hai ye?	0	0
kya neta kya abhineta de janata ko jo dhokha	0	0
mahasus ye hota hai mujhako jaise mai tera dam bharati hun 	0	0
chupke rahe jaise champa ki dali	0	0
ke mai chal bhi nahi sakata hun aur tum daud jate ho 	0	0
ye kya samajhe pyar ko jinaka, sab kuchh chandi sona hai	0	0
ye to nache chham chham mera nikale hai dam	0	0
koi dekh le agar ghum na kar	0	0
tere nazrane hai tujh pe hi vaar du	0	0
isme chain nahi na karaar	0	0
jismo ke jismo se, sadiyo ke nate hai	0	0
dil ne phir yaad kiya	0	0
suno ji tum kya-kya kharidoge	0	0
kuchh der meraa man lahrayaa	0	0
pesh aayegi kisi ki zarurat kabhi-kabhi	0	0
oe aano naa sistar, bolo cheers	0	0
jaane kaise, saans ye aise, aa jaa rahi hai	0	0
hamne to samajha tha phul khile	0	0
devdaas mitva gaao, chandramukhi ke paas aao	0	0
tu meharban rahe to mera dil ye kahe	0	0
tere rag-rup ki chhaya tak na ravi pahunche na kavi pahunche	0	0
ho use kaun khilaaye	0	0
jiski khaatir ruk liye the mere kadam	0	0
unase mili nazar ke mere hosh ud gaye	0	0
to pyaar ka zamana kis kaam aaya	0	0
tum bhi ek din azma ke dekho to zara	0	0
hoga milan gulzaaro me	0	0
rasagulle si mithi baate inaki shaan niraali	0	0
tumhare khwab se dilkash 	0	0
badi mamta hai, bada pyar ma ki aankho me, ma ki aankho me 	0	0
pad jaayenge dhabbe kajal ke	0	0
o ho ho ho khoya khoya chand khula aasman	0	0
mausame gul ko hasana hi hamara kam hota	0	0
mujhe pal pal hai tadpaye	0	0
khudaya khudya mohabbat na hoti khudaya	0	0
isake pinese pataa hoti hai ke zindaadili	0	0
khel zara si khel zara si 	0	0
rachaao mere in hatho me mehadi 	0	0
hamako na ye gumaan thaa, o sagadil sanam	0	0
raahi matwaale tu chhed ik baar man ka sitaar 	0	0
kal kal kal kal kal kal	0	0
sochu to aata hai pasina, bap-re	0	0
apna bhi hal tere jaisa hai, kya kare ham bhi mausam aisa hai	0	0
are didi ko kasht na dunga kabhi bacho ko khud hi sambhalunga	0	0
aankho me bhige bhige se lamhe liye huye	0	0
jagaa ke ansuni si dhadkan	0	0
kahe kare roz-roz tu ye jhamela 	0	0
mat bandho zbardsti se mat bandho	0	0
zara sa sidho ho ja zaalima mhaaro jiyo bhatake	0	0
chanda jaisa mukhda kiran jaise haath	0	0
saari duniya meri ulfat ki tamasayi hai 	0	0
akhiyo me kajra, kalaiya me gajra	0	0
ho rab jhut na bulaye hay jhut na bulaye	0	0
kya dekhe us manzil ko jo chhod  chuke hai	0	0
mr john ya baba khan ya lala roshandaan	0	0
abke jo muh ko moda, abke jo dil ko toda	0	0
to to to to	0	0
achchha toh hum chalte hain	0	0
parachhaai bhi ho teri to thokar se maar de	0	0
hotho pe tere, kabhi pyaas aati nahi	0	0
mathe pe sinduri surat	0	0
kitne hi setho ki bhari jebe ho gayi khali	0	0
samjhe na tum haye samjhe na hum hoye 	0	0
he tu na mili to	0	0
maine kaha kaam to bataayiye, kaam, ha	0	0
baithe motar pe gori 	0	0
are kaam badal jaate hai	0	0
daalo si jhumati mai saajan se aa mila hun	0	0
ashkon kaa kaarvaan	0	0
har sitam yah sochakar ham sah gaye	0	0
garibon kaa pasina bah raha hai 	0	0
chandi ki 	0	0
los angeles bhadakila jaha hollywood hai ragila	0	0
phul se jyada najuk ho tum	0	0
dil ko toh khona hai khona hai kho jaye	0	0
sone ka chabutra uspe nache mor	0	0
us julf ke kurban lab-o-ruksar ke sadke	0	0
dekho mera hal dekhte ho na dekho na yar kya hua	0	0
mai yu hee mast nagme lutata rahu	0	0
samane mere sawariya	0	0
ek kali muskayi thi, man bhaure ko bhayi thi	0	0
dil ki bate  dil hi jane aankhe chhede sau afsane	0	0
dhanno ki aankho me hai raat kaa surmaa	0	0
mujhko bataa de mere habeeb	0	0
issaro ko ager samjho to raz ko raz ko rahne do	0	0
kah rahi hai nazar nazar se afasaane	0	0
to chhat par aaja goriye	0	0
aawaj du kisko koi tham le mujhko	0	0
aaja re, mai to kab se khadi is paar	0	0
ishq tera aag hai to isme jalte jaayenge	0	0
ho o ho o ho o	0	0
kaun na ab hogaa fidaa	0	0
jaha dil jhuka tha wahi sar jhuka	0	0
jitna aata hai aane de aane de jitna jata hai jane de	0	0
aaj ki taza khabar aao kaka ji idhar 	0	0
ban ke tamasha mele me aaya 	0	0
mere khabo ki shahazadi, mai hun aqabar ilahabadi	0	0
halka sa galo pe hai ek pimple	0	0
ik matavale ne haay mera dil luta 	0	0
chhed man ka sitaar raahi matwaale 	0	0
aaj somvaar hai, are baaba hai 	0	0
mere man ka ye darpan gaya hai nikhar	0	0
yeh vakt yeh jamana, jab naa lage suhana	0	0
ye kahin toot jayega, ye kahin phoot jayega	0	0
lagi nazariya tori jadu bhari ho	0	0
nahi nahin ke teri meri nahin nibhni	0	0
pyar manga hai tumhi se naa inkar karo	0	0
iss bairan birha ne jaane kitno ke dil tode	0	0
aandhi ne roka pani ne toka duniya ne hanskar pukara	0	0
ki chhaya teri dolti hai mere angana 	0	0
bada sarmayo hoti	0	0
kai sadiyo se, kai janamo se	0	0
main akela bahut der chalta raha 	0	0
gujaraati maa bole tane prem karu chhun, chhun, chhun	0	0
subah sham na hoti	0	0
hayya hayya ya ya ya tumne pyar se hamko ek bar 	0	0
baharo ne apna nashe man na jalta	0	0
tu bhi de gayi dhaka 	0	0
bol ri kathputli dori kaun sang bandhi	0	0
kyoki sifar pyar karne vale jane hai ki	0	0
kaisi na ho meri har bat adhuri, abhi hu adha divana	0	0
jaise mudat se yu hi sath raha ho apna	0	0
jo bhi ho meri is prem-kahani ka  	0	0
tere bina rat na jaye	0	0
kaisa sidha sada mai kaisa bhola bhala, han han	0	0
(bigade dil shahazaade) - 2	0	0
abb toh inhi nashe ke dhago, se dil sina sikh liya	0	0
ham donon do premi	0	0
thandi thandi hawa mein dil lalchaye	0	0
zindagi ek ehsas hai, tute dil ki koi aas hai 	0	0
naadaan yah dil meraa majbur hai	0	0
zinda hai jo izzat se vahi izzat se marega	0	0
aaj milane me naa ulajhan hai naa rusavayi hai	0	0
koi dil na degaa anaadi anajaan ko	0	0
nahi dil ke rogi hote hai	0	0
baqi jo hai sab nakli hai kaisi doli kya barati 	0	0
chhedo dhun matwaalon ki behki behki chaalon ki	0	0
pyaalo ke sine	0	0
ham vafaa karake bhi tanahaa rah gae	0	0
usaki jyot me thaa bal re sachchaai kaa	0	0
maanaa ho tum, behad hasi	0	0
kaha aavaaz de tumako kaha ho	0	0
teri ek bund ke pyase hum, teri ek bund ke pyase hum	0	0
agar mud ke idhar dekho mere masum katil	0	0
ek rasta aha aha do rahi aha aha, ek rasta	0	0
takkar thi bade zor ki dushman bhi tha dana	0	0
nach meri jan fata fat	0	0
deevana mastana mausam aaya hai  	0	0
na janu piya kisne churay liya	0	0
zaraa pi aur ji 	0	0
ye lo mai, ye lo mai	0	0
ho mere saajna	0	0
tumhari reshmi julfo me	0	0
mubarak ho sab ko sama ye suhana	0	0
chhod jag taro me pahunchi, wahan bhi yahi pukar	0	0
oye jeck and jill went up the hill	0	0
haay haay haay jhumka giraa re bareli ke bazaar me	0	0
dur dur gali gali abb toh baat phail chali	0	0
chor chor chor, bhaag pardesi baabu	0	0
kyu na jaha do dil milte hai, svarg vaha bas jaata hai	0	0
bachhe bhi khilaaoge, khilaaunga	0	0
mit gaya kajara mitne do, kahe ka dar hai bali umar hai	0	0
hohoho ab na koi dhukha hoga aur na koi pyasa	0	0
sadhe panch ko lekar gadi, tumse milne bhaga	0	0
chidiya jaisi udti firti kya mastani gudiya	0	0
chhupna hai bekar raste raste 	0	0
ab sochun nahi bhule, vo saavan ke jhule	0	0
kabhi dono hansate hai, kabhi dono rote hai 	0	0
pyar se pukaar lo jaha ho tum	0	0
munne ko manayenge hum dudh malai khayenge 	0	0
tera wajood hai ab	0	0
aaja re	0	0
mera suraj aisa rutha	0	0
mithi mithi batiyo me bhool ke na aana	0	0
tujhse bichhad ke bhi o bekhabar tere hi gham me jalte rahe	0	0
pagal pagal pagal pagal	0	0
gaalon mein gulaabipan aankhon mein sharabipan	0	0
suhag rat hai ghunghat utha raha hu mai	0	0
o musaafir tu jaayega kaha 	0	0
chamatkar dikhlaye	0	0
tod na dena sathi dil ki dor, jiwan me ek baar aana singapur	0	0
kitne mithe hai lab tere jan-e-gazal tu bura bhi kahe to lage hai bhala	0	0
wo jamana kah raha hai ke fasana	0	0
tumhe dekh ke maine mana, wo thik kaha karte the 	0	0
dil ki salami le le	0	0
bhool gayi sab bachan bidaa ke	0	0
insaan jab tak bachcha hai, tab tak samajho sachha hai	0	0
dekho kya khub jachi hai dulhe ki bholi surat	0	0
phire hai dar badar mara	0	0
kahta tha chahoon tujhko jee se	0	0
ek sukh paya maine sau dukh sehake, chup chup rah ke	0	0
ae dil jara sambhal ja shayad wo aa gaya hai	0	0
jisne yeh pahnaayi hai us dildar ke sadke	0	0
tumhaare liye hai tumhaare rahege	0	0
mai toh chala jidhar chale rasta ........	0	0
ho piya ghar aa re aa re aa re aa re aa re 	0	0
ae meri umar ke naujawano, dil naa lagana o deewano	0	0
mai ja ke khidki pe baithungi solah singar kar ke	0	0
har koi pap ke dhandhe me laga rahta hai 	0	0
yeh ghat too yeh bant kahi bhul naa jana	0	0
aai rut mastaani kab aayegi tu	0	0
tadapti huyi zindgani milegi	0	0
jane kahan le jaye dard bhara ye dil	0	0
ghayal si ek nar raste raste	0	0
aas milne ki tadapane lagi	0	0
ho ho ke behal balma ye satrangi chal	0	0
yaro ko to jine ka bahaana chaahiye	0	0
nam peh tere jayegee yek din dilabar mere	0	0
yaad karegee duniya, teraa meraa afsaana	0	0
ghughru ki chhmchhm, ban gayi dil ka gam	0	0
thahro thahro tumne bhi to mera chain churaya	0	0
na apna chain khokar aapka ham chain khoyege	0	0
kaliyo ne ghunghat khole har phul pe bhawra dole	0	0
moti na lunga hire na lunga	0	0
sangeet ka jo premi wo kismat waala hai 	0	0
us dwar se bhee dukh dur rahe, jis dwar se teraa dwar mile	0	0
ye sut mera dekho ye but mera dekho 	0	0
huye gulabi, lal sunhare rang dal badal ke	0	0
bin tere har raat udaasi, o 	0	0
husn pe to asar hone waala nahin 	0	0
boli jo shama 	0	0
jayegi dil mera lekar samajh ke anadi balama	0	0
nazani gulbadan ankhe hai maikhana	0	0
dil jo bhi kahega manege duniya me hamara dil hi to hai 	0	0
baithe the kinare pe maujo ke ishare pe	0	0
maine puchha chand se	0	0
pyaar par bas to nahi hai	0	0
dhat chaar sau bis, aavara	0	0
yad hai mujhko tune kaha tha	0	0
o o o chhod  do aanchal jamaana kya kahega	0	0
hai koyi najar vala, ra ra ra ra	0	0
naam abdul hai mera, kya, ha	0	0
aahaahaa  tum bhi dil deke jal jana sikho ji, kaise	0	0
har ek kasam dekho tut gayi	0	0
hoga masiha saamne tere, 	0	0
rimjhim rimjhim chhamchham gungun	0	0
pahachano anjano ko	0	0
kaise judiyo se ped ugaaye	0	0
inhi adao par to haye apna dil aaya hai	0	0
baanki adaye haay re ghazab	0	0
naino vali ne, bholi bhali ne, haay mera dil luta 	0	0
ho maine pyar kiya oy hoy kya jurm kiya	0	0
wo naa kahenge to khudkashi bhi kar jaunga main yaaro 	0	0
kabhi kisiko dil diya diya, maine bhi diya	0	0
mujhe matlab nahi hai chaman se	0	0
hote kahin hum aur tum, khwabo ki rangin vadi me gum	0	0
mera naam raju gharana anam	0	0
kaun hai apna kaun paraya	0	0
aaj sabar kaa bhee haath hamse chhutane laga	0	0
masti ki raho me, had se gujar jaye	0	0
duniyaa ne saath chhod aa	0	0
hoy hoy lagi huyi thi us mele mein	0	0
samazi jab ankho ne, anakhon ki baten	0	0
tere mere bich me kaisa hai yeh bandhan anjana	0	0
utri ho jaise koyi pari asman se	0	0
yeh waada haan waada ye waada raha	0	0
un raho ko hamne mod diya	0	0
jo dhunde wo paye phir bhi hath na aaye, ha	0	0
husn ki aag me khamosh jala karte hain	0	0
chalte chalte, chalte chalte	0	0
samay tu dhire dhire chal	0	0
mithi pyar ki bate, mithi pyar ki bate	0	0
lekin khaayi maat re 	0	0
lachakaaiye shaakh-e-badan, laharaaiye zulpho ki shaam	0	0
ambua ki dali pe gaye matavali koyaliya kali nirali	0	0
chij badee hai pyar mohabbat 	0	0
o jaao jaao jao mere dildar ko bulao	0	0
gul khilate hai apne milan se	0	0
do naino ki palki mere pyare dulha ki o mere raja dulha ki	0	0
jaate ho jaane jaana aakhri salaam lete jaana	0	0
maine dekha hai ki gaate huye jharno ke krib 	0	0
paayal baajegi, gori naachegi 	0	0
insaa ki chahat bhari kalpanane	0	0
lagta hai jaise sare sansaar ki shaadi hai	0	0
kya khub cha cha cha, oh great cha cha cha	0	0
tuti-phuti sahi chal jae thik hai	0	0
dhoka na khana	0	0
gaaon ko dhokha de aayi	0	0
waise mai bhi to waise mai bhi to karta hu tujhko pyar	0	0
tere mere bich me kaisa hai yeh bandhan anjana 	0	0
sau baar sambhala dil ko, par hoke raha bekabu	0	0
waqt wo aane wala	0	0
manzil paas aajayegi hooo	0	0
pyar mohabbat kya samjhaye isko ram aur shyam	0	0
safar ke wakt me palak pe motiyo ko taulti	0	0
de dungi jan juda mat hona re	0	0
ek ek din ab lagta hai ek sal, tere bina ab mera bhi hai yahi hal	0	0
log sunte hain sare ahista ahista	0	0
mujh ko sab manzur hai phir dilli kya dur hai	0	0
dekh jara matwali	0	0
jhilmil jhilmil hilmil hilmil 	0	0
mili mujhako jannat toh, jannat ke badale	0	0
baithe rahe tasawwur-e-jaana kiye huye	0	0
humka, ke humka, ke hamka 	0	0
in sab ka kya kam waha jaha shyam ne bansi bajai re 	0	0
is dil ka bura ho jis ne 	0	0
maine to qismat, maine to qismat	0	0
manzil apni paayenge jiwan ke taraane mil ke	0	0
chahane valo ko kabhi, tune sitam bhi na diya 	0	0
tere bina zindagi se koi, shikava to nahi 	0	0
jaise ke jal me lagi ho agan	0	0
aankho me basalo surme kaa kya kam hai	0	0
ho chal baithen church ke pichhe	0	0
shikava nahi shikva nahi, shikava nahi	0	0
jiine de chaahe tu maar daale	0	0
tujhse milake zidagani hay kitani suhani ho gayi	0	0
phulo ke mausam me, phulo ke mausam me	0	0
bhul koi humse na ho jaaye	0	0
ek pal mein ho gaye	0	0
aaj to, kuchh naya, rag hai apaka	0	0
nind nahi kya aayi nind meri aap ne churayi	0	0
are, kahe ki sharam hai kudiye, jaldi karana	0	0
o mr. benjo ishara to samjho	0	0
ho ho aah ha	0	0
chal tu meraa anchal thaam ke, ajane raste is gaav ke	0	0
jinke darshno ko duniya tarasti hain 	0	0
achchi teri meri jodi ki lut gaye dono ho fas gaye dono	0	0
phir oo sathiya, arey bin tere rahungi kya	0	0
moko moko nadekhe jara tikde ye 	0	0
sag sag chale mere, mare age pichhe fere, samajhun mai tere irade	0	0
aa rahi hai ye sada 	0	0
kuch kah le kuch kar le ye sansar hum premi hai hum to karenge pyar	0	0
har koyee insan har koyee insan	0	0
dharati kahe pukar ke, bij bichha le pyar ke	0	0
is dil ke dhokhe me rah lo, kuchh bhi sun lo kuchh bhi kah lo	0	0
lagu jhumne me surur aa na jaye 	0	0
khud chun le ye jeevansathi shadi se pehle karti hai 	0	0
ye banane na de meri salma ko meri dulhan	0	0
kar de sharaabi jise chaahe jise chaahe	0	0
tu bhi muskura le ma	0	0
i am sorry, i am sorry	0	0
kisi pal aaye yahi aas lagaye	0	0
gusse me jo ulajhi hai aao to wo lat main sulajha du	0	0
tu phul bane patzad ka tujhpe bahar na aaye kabhi	0	0
matlab hai tera ban ke jogan, sat fero me tere bandhan	0	0
pyar ka suraj dil ka ujala	0	0
tu jidhar kaa rukh karegaa, meraa saayaa, saath hogaa 	0	0
dhadkan ko chheda naa dil se hi khele, kash aaj rat ham hote akele	0	0
kisi ki ho chuki badnaam aabaru na kar	0	0
mujhko chume, dil to jhume, aankh magar jhuk jaye	0	0
pipal ka ye patta nahi, kaagaj ka ye tukda nahi	0	0
chup ke duniya fir kyu na mil jaye hum	0	0
pyar kiya hai pyar ko janu	0	0
usne to kaha har bat ko ishare mein	0	0
yaara o yaara ishq ne maara	0	0
nikaalo paise nikaalo	0	0
ho gayi are ho gayi bgawat sadko pe, aaye kyamat ladko pe 	0	0
e chitavan ke gori maane to samjhaa jaa re	0	0
aa tu ban jaa raja	0	0
lijie ye daaman pasina zara pochhiye	0	0
kisi ko apna bana ke chhod de, aisa koyi nahi karta	0	0
itna ruk ruk	0	0
na mai sindhi, na mai marathi, na mai hu gujarati	0	0
yeh toh vahashi hai tumhin hosh me aao logo	0	0
ke jahaan meraa yaar basta	0	0
khilte rahe hotho ke gulab aur jyada	0	0
   aisaa sudar sapanaa apanaa jivan hogaa	0	0
mil gaya hamko sathi mil gaya	0	0
aayengi bahare to abke unhe kehna jara itna sune	0	0
mai to bhul chali babul ka des 	0	0
lekin jhalak mere khwaabo me hogi	0	0
ji ha jara yeh bhi kahiye, aag laga ke chali ho o 	0	0
la: mai raahi meri mazil hai tu	0	0
mere jivan sathi	0	0
naukar ho yaa maalik, lidar ho yaa pabalik	0	0
ab jo milna achchha ji 	0	0
jab pyar kiya to darana kya	0	0
o tumpe hajaro ki aankhe, chahiye tumko sahara ho	0	0
milane do saya, tapate badan ko	0	0
ek sharth rakh lo, mango javani de de	0	0
chocolate, biscuit, toffee khate aur pite duddu	0	0
dil men jo pyar ho to, aag bhi phul hai	0	0
koi kya jaane kaha hai seema, uljhan aan padi	0	0
ye rut pyaar ki judaai mein hi guzar jaayegi 	0	0
dil me rakh lenaa ise haatho se ye chhute na kahi	0	0
mera dil to chaahe aaj ki raat milan ki raat ho	0	0
baazi praan ki baazi praan ki	0	0
are maut aani hai aayegi ik din	0	0
bistar pe litado	0	0
khuda ka vasta dekar manalun dur hun lekin 	0	0
jaan ki kasam sach kehte hai 	0	0
o mere man ki ye doli meri sundar dulhan ki	0	0
najr oki pyas bujha mera bichada yar mila	0	0
rang hai nashila, ang ang hai nasila	0	0
rangi ko naarangi kahe, bane dudh ko khoya	0	0
yar bina koi yaha kaise jiye kaise jiye 	0	0
dar ke bijli se achaanak wo lipatna uska	0	0
aye ri mohe to tu lagati hai koi saheli bachpan ki	0	0
yaad me roti rahungi teri dinaraat balam	0	0
dhdakane lage dil ki taaro ki duniyan	0	0
kya sama hai tu kah hai	0	0
per na bole tum bedardi, tumpe ulfat ki maar	0	0
agar jal kar kisi majbur ne fariyaad kar daali	0	0
bajne do ek taara kholo zara fawwara	0	0
baz dil wale bhi kamzor hua karte hai	0	0
	tu hai to har 	0	0
itne me banduk chali bhai gaaw me aaye daku	0	0
jab jab jhum ke nikale ham, jaan ke pad jaye lale	0	0
chamka chamka subah ka tara   	0	0
style se uthe qadam, sina zyaada to pet kam	0	0
isako budhaa bhi jo pile to javaani aaye	0	0
ke mausam hai deewana 	0	0
aapki nazro ne samjha	0	0
tum to basi ho gori man me humare	0	0
suna hain ke too bewafa ho gaya	0	0
na mit sake nasibo ke kalam ki shyahi 	0	0
hairan hu ki aapko is khat me kya likhu 	0	0
meri adat hai, aksar mai bhul jata hu	0	0
chhota safar ho lamba safar ho sooni dagar ho ya mela	0	0
aaj main aazaad hu duniya ki chaman me	0	0
sapno key pas pahunchake sapno se duree, aisa naa ho sang kisee key	0	0
bade hain dil ke kale 	0	0
chhodo diwanapan, aji janab man kaha	0	0
he mera kya nam hai, anajana	0	0
is saagar ki laharo jaisi duniya aani-jaani hai	0	0
meri duniyaa ye nazare hai	0	0
log kare badnami, kaise ye duniya vale	0	0
main bhi sehara baandh ke baithu bich bhari mehfil ke	0	0
ni:	o noori noori	0	0
lipat ke kitne bhi pao se, ye puchhate ho kaha chale	0	0
kuchh le ke jaayege ho kuchh de ke jaayege	0	0
apane aage sabhi jhuke hai, kyaa raajaa kyaa sainik 	0	0
pyar to thik hai shadi se darte hai	0	0
dekhte hi rah gaye hum yaaro	0	0
alright i teach you something else	0	0
yaari hai! 	0	0
dil ki yeh saugat laye hai, laye hai	0	0
ye kahengi hare kanch ki chudiya 	0	0
ye raat ye dagiye ye insan ye mahina	0	0
diwane hai diwaano ko na ghar chahiye na dar chaahiye	0	0
karavate badalate rahe saari raat ham	0	0
yeh toh hai tera diwana, mai karu kya	0	0
aabad ho dil ka virana	0	0
vaqt hai phulo ki sej vaqt hai kaanto kaa taaj	0	0
dhul me na pheke kisi aisi bhul ko	0	0
ye bahki fizaaye, ye jhulti havaayen 	0	0
mano na tum to paas aake dekhlo	0	0
daavaa nahi hai koi zor nahi hai	0	0
kaha mai gayi thi, mai to gayi thi karne ser gali me	0	0
dil me jab tak hai pyar tera	0	0
chahe lakh karo tum puja tirath karo hajar	0	0
jaam uthaale, aa aa, munh se lagaale, aa aa	0	0
andar aa jaao sardi badi hai	0	0
kabhi ham tum bhi milte the	0	0
ik chiz mangate hai hum tumse pahli baar	0	0
 tere binaa mai na rahun	0	0
dushman hai hazaro yaha jaan ke, jara milna najar pehchanke 	0	0
naa kuchh fikr naa koi dar	0	0
dil kaa hameshaa se hai dushman zamaanaa	0	0
ya radha hai ya seeta hai ya jhansi ki rani	0	0
raushni chali gayi rah gayaa dhuaan dhuaan	0	0
kitna madhur safar hai tu mera hamsafar hai	0	0
bhahar ki chori tu to lage chor lafanga 	0	0
tu jaha aaya hai vo tera - ghar nahi, gaanv nahi	0	0
tu kaha, mai kaha hai yahi mujhko ghum	0	0
zindagi ek safar hai suhana	0	0
kyaa rah gayaa hai is zindagi me	0	0
jhumka giraa re haay	0	0
saiya ghayal kiya re tune mora jigar	0	0
ban jate hai sab majnu	0	0
hum nahi hamare saye the	0	0
phul si khil ke, paas aa dil ke	0	0
prabhu ke patho me pado chand sitaro	0	0
chalo chale mann sapano ke ganv me	0	0
apni amma aur apni joru ki sar pe hath rakhke	0	0
kahi apni ummido ka koi phul na murajhaaye	0	0
ithalaate huye lehraate huye tarsate huye	0	0
jisko abhi sadiyo tak ye khel rachana hai	0	0
buddhi ke chakkar me tu kayeko kayeko kayeko padela	0	0
dhani chunari pahan	0	0
bolo subah sham hare krishna hare ram	0	0
apni mehki huyi zulfo ka sahara de de	0	0
ankhiyo me rainaa gayi nindiyaa na aai	0	0
apani jaan bachaa lo baabu varanaa dibbaa gul hai	0	0
dil tute ho sath chhute phir bhi tu pichhe aaye, ha	0	0
ek dil aur sau afsane, haye mohabbat haye zamane	0	0
sunke teri pukar, sang chalae ko tere koi ho na ho taiyar 	0	0
macha diya shor	0	0
aaj jo sar ko jhukaayaa to mujhe yaad aayaa	0	0
aa jayenge jab apni par taaro ko tod ke layenge	0	0
jin aankho me paani na ho	0	0
daftar me chhuti ho to mat hona gum se bojhal  	0	0
sabki udaye khilli sohar bahar sher bane par	0	0
ngamo ki masti hai meri jawani me	0	0
dhire se jana khatiyan o khatmal 	0	0
hakumat hai meri dariya samundar or kinaro par	0	0
na daregi na rukegi, dekhe kya ho kaha dil ne	0	0
yahi neeli si ankhon wale	0	0
kabhi aar kabhi paar laga tir-e-najar	0	0
re mit na milaa re man kaa	0	0
aate hi mast bahaaro ke dulhan ki tarah har khet saje,	0	0
ja re ja footpath pe tujhko ho ho 	0	0
muthukodi kawadi hada amma 	0	0
sakta ek din to pachhatana hai	0	0
phir bhi yeh naam honthon pe na ho	0	0
inkaa bholaapan miltaa hai, sabko baanh pasaare	0	0
koi patthar se naa mare mere divane ko	0	0
koi shahar is naam ka	0	0
han han ji maine dekha dekha ji maine dekha	0	0
off ho chhodo na jamana to hai noakr biwi ka	0	0
jaise kaali ghata baharo me	0	0
mere sajna teri zindgani rahe, zindgani rahe	0	0
ek do teen char raju dada ke chele hoshiyar	0	0
oye hoye	0	0
ek rupaiya bhada, paisenjar itna jada 	0	0
pyaar ki qasam, sag rahege ham nil gagan ki chhaanv me	0	0
kitna badal gaya inasan 	0	0
lakh ladi main apne jee se 	0	0
ek tu hi man ko hai bhayi sajana	0	0
kahte hai ki gaalib ka hai andaaz-e-bayan aur	0	0
jhume laharae, nayana mil jaye nain se	0	0
	0	0
