Song lyrics	Mood	Offensive
tujhko agar ho koyi shanka 	0	0
jara paas aayo toh chain aa jaaye	0	0
use ek khubsurat mod dekar, chhod na achchha	0	0
kabhi to hasaaye, kabhi ye rulaaye 	0	0
are balle balle, bach ke kahi, dube na ye kashti	0	0
mujhko bana diya hai gunaho ka devata	0	0
are suno suno, o bhaiyo, bahano	0	0
mera yar mujhse juda ho gaya	0	0
mujhe too dala de, yeh mumkin nahee	0	0
tu aaya to mahfil me ujala ho gaya	0	0
achchha, age kya likhun, age 	0	0
are bada maza aae hay suno meri bat	0	0
jakhm-e-dil hamne sunaya to bura man gaye	0	0
meri dushman hai ye, meri uljhan hai ye	0	0
jahan mile do jawaan nazar hoti taqraar vahin hai	0	0
na tum meri taraf dekho, galat andaz nazro se	0	0
meri aankho mei aakhe to dal aanhke to dal	0	0
kaun love l o v e mama miya mama miya 	0	0
ham pyaar ka sauda karte hain ek baar	0	0
dil tute to, ye ruthe to tauba kaha phir maanati hai 	0	0
raam na kare mere desh ko, raam na kare mere desh ko	0	0
hai koyi najar vala	0	0
phir ye dhadkan si, char su kya hai	0	0
kabhi to hasaaye, kabhi ye rulaaye	0	0
are pyar huwa hai jab se mujhko nahi chain aata	0	0
kaisa kaisa	0	0
to har rata ko chandani raat kar dun	0	0
kash phir kal rat jaisi barsat ho	0	0
mai samajhaa nahi ae mere hamanashi 	0	0
jab yaad kisi ki aati hai janeman, sach	0	0
kya khabar thi tabhi is dil ki ye halat hogi, ye halat hogi	0	0
ishq jab duniya ka nishana bana aaha	0	0
ghat ghat ka, are pani pike	0	0
rokane se nahi rukate tino, sun le dilabar jaani	0	0
bas aankh mili aur baat badhi	0	0
charo chand ki chanchal chitwan bin badra barse saawan 	0	0
sanson ki sargam dhadkan ki beena sapnon ki geetanjali tu	0	0
muft me ho jayege badnaam kya hoga	0	0
daru ki botal chhodo re anari sharabi 	0	0
tadapti shokiya de du machalta baankpan de du, hay	0	0
chaahe tu aaye na aaye, ham karenge intejaar	0	0
mai ghabraau, dar dar jaau, aaye vo na aaye 	0	0
he diwane ye jawani, koi sajmajaye kya 	0	0
chalate chalate main kisi rah pe mud jaunga	0	0
gaadhi, subhaashh, taigor, tilak, aise hai aman ke phul yahaan	0	0
ya meri aankho ke maikhane se pi	0	0
ab chhupaa lun mai tujhe baaho me	0	0
mera bachpan nahi rutha	0	0
kaun se gaanv me jayega tu	0	0
zindagi bewafa hai to kya, apne ruthe hai humse to kya 	0	0
to balo me gajara hai, ankho me kajara hai	0	0
aap kee yeh pareshaniya dekh kar	0	0
are paise ka khel hai khela, are paise ka khel hai khela 	0	0
chhora gaga kinare vala, chhora gaga kinare vala	0	0
tulati hai kahi dinaro me, bikti hai kahi bazaro me 	0	0
banke aaina tujhe ai janeman	0	0
udi baba, udi baba, udi baba 	0	0
tu pagla naa badlaa	0	0
wallah kamal hai are wallah kamal hai	0	0
kar du pagal	0	0
saari duniya jal jaaye, to phir uske baad	0	0
paas vo aai badi ada se, haa	0	0
tumhare dar pe aayenge, tadapaoge tadapa lo	0	0
mol kya mere dil kaa chukaye	0	0
bhula do mohabbat me hum tum mile the	0	0
ina mina dika, dai damonika	0	0
sar ko jhukaye tu, baitha kya hai yaar	0	0
la ra la la la ra la la ra la la la ra la	0	0
raat ko khao piyo, din ko aram karo 	0	0
beta nahi, beti nahi, tu nahi	0	0
bhi nahi abhi nahi nahi nahi nahi nahi	0	0
aa baiya me aaja milan to ho pura	0	0
dhire se tera ye muskana	0	0
cha cha cha, cross do cha cha cha	0	0
koi sun lega chupke-chupke bate karna	0	0
na a na a na a na a	0	0
chand chura ke laya hu, chal baithe church ke pichhe	0	0
ai chori-chori chupke-chupke, tere mere bin is kamre me aur kaun hai	0	0
ibtedaye ishk me ham	0	0
mera tu, meri tu, mera tu, meri tu	0	0
yaad karoge bar bar yaad karoge mujhe bar bar 	0	0
dil mera tut ke	0	0
jitani tum pyar se ji loge utni hi zindagi	0	0
aayenge jab sajan, aayenge jab sajan	0	0
darbar me upar wale ke andher nahi par dher hai	0	0
kano ko lage hai awaz tumhari	0	0
qayaamat se pahle qayaamat na hoti	0	0
utne rahe pyase hum jitni bhi pee humne	0	0
teen char ho gaya pyar mai to chala jaise bahar	0	0
ik teri jhalki chali aaye pal me meri manzile mere aage	0	0
aa mai teree yad me, sab ko bhula du	0	0
to izhar karne ki jarurat na hoti to izhar 	0	0
aaj nashe me saara jahaan hai	0	0
baksh do iss ko baksh do iss ko mai taiyar hu mit jane ko	0	0
in aankho ki madira pile, chhod ne wala has kar jile	0	0
pawan ke sang sang dole jiyara	0	0
tum aahe bharo aur shikve karo ye bat hame manjur nahi	0	0
toot gaya jab dil to jeene se kya kaam	0	0
ho use kaun bujhaaye	0	0
man ki baat nayan me aaye mukh se kahi na jaaye	0	0
piyege ha piyege all the people we love	0	0
leke tuta huya dil kidhar jaungi 	0	0
jaisa maine socha tha	0	0
raam me kyun tune raavan ko dekhaa    	0	0
jindgi hai aaj pariksha	0	0
ek yahee bat na bhulee, julie julie loves u	0	0
o manachali kahaan chali, o manachali kahaan chali	0	0
taref ke kabil hai tu, ek hasin katil hai tu	0	0
koi aansu roke kaise jab beti doli mein baithe	0	0
dev puje pir sahi devaki ne	0	0
main arab ki huur	0	0
kaise jata hai dam ko dekh le	0	0
mai aau na mai aau aa ja	0	0
abodana dhudhate hai ek ashiyana dhudhate hai	0	0
agrezi me kahate hai ke i love you	0	0
shamma ke paravano ko is ghar ke mehamano ko	0	0
ye ghadi na jaye beet	0	0
gesu khule to shaam ke dil se dhuan uthe	0	0
aaja aaja shadi ka irada hai, kya, kya	0	0
o aaj mohabbat kismat se takara gayi hai 	0	0
aur zara si de de saaki aur zara si	0	0
narmi se toh kaudi bhi yah sansar naa dega	0	0
hamase silasilaa chale	0	0
ghir ke aayengee	0	0
is jivan pe sabako haq hai apana hai ye nara	0	0
tujhe dil dhundh raha hai	0	0
mitegi naa lekin mohabbat hamari	0	0
dharm chhod akar, dhyan chhod akar pap nahi apanayenge	0	0
ke jaise farishta koi so raha hai	0	0
hoy oy oy oy oy	0	0
jhuk gaye chanchal naina ek jhalaki dikhalake	0	0
jab hum jawan honge	0	0
chhod  maza hath mala pine de	0	0
madhuban khushbu deta hai	0	0
dil aisa kisi ne mera toda	0	0
javaani tere kis kaam ki 	0	0
aankh jisaki hai billi naam usakaa hai lilli	0	0
hota hai karab gussa, na na na, na na na, na na na   	0	0
soyi hai rajkumari dekh rahi mithe sapne	0	0
nazar tujh bin machalti hai, mohabbat hath malti hai	0	0
saaz-e-dil ko unhi geeto ka sahara de de	0	0
bhul se mai ek baar teri gali aa gayi	0	0
abb naa tute yeh pyaar ke rishte, abb yeh rishte sanbhaalane honge	0	0
nam hamara hota gablu bablu	0	0
mere pyaar ki jaane kahaan hogi manzil	0	0
madhuban khushbu deta hai, sagar sawan deta hai	0	0
sitaaro ki ujali kataare hanse	0	0
ho ude jab jab julfen teree	0	0
chal baith ja, baith gayi, khadi ho ja khadi	0	0
teri yaad satati hai, nid nahi aati hai, raato me 	0	0
hai paanv tere	0	0
waise main bhi tere dil ke paas hu	0	0
phoolo ki doli me hogi tu rukhsat	0	0
jo kuchh bhi daramiyaan hai, ud jaayega dhuwan hai	0	0
ho gai haar ho gai haar maan bhi lo sarkaar	0	0
to phir kya hoga, to phir kya hoga	0	0
rakhta hu maal achchha, hai koyi najar vala	0	0
jate huye kadamo se aate huye kadamo se	0	0
ha vah meri biwi hai aur ye mai hun	0	0
dubli patli sawal gori pichha chhod  ke kaha ho gori 	0	0
ham us desh ke vasi hai jis desh me ganga bahti hai	0	0
cheti-cheti aaja channa le ke barat	0	0
rama ho rama rama ho rama rama ho rama rama ho rama	0	0
chal baith ja, baith gayi, chal khadi ho ja	0	0
wafa dusman ne umid ka naata joda umid ka	0	0
o pakada gaya, o pakada gaya	0	0
ye din kyo nikalata hai, ye raat kyo hoti hai 	0	0
jab chhaye mera jadu, koi bachh na paye hai ha	0	0
ankhiyo se baat kar baiya na tham are lag ja tu aaj mere sine se	0	0
sharifo ka zamane me aji bas hal vo dekha	0	0
hasino se ahad-e-vafaa chaahate ho	0	0
mai kuchh bhi hu, mai kuchh bhi hu	0	0
ye zamin chup hai, aasmaan chup hai	0	0
aaj tu prem kaa sadesh barsaa re	0	0
ramata jogi behta paani vaqt ki raam-kahaani hai	0	0
saat saheliya khadi-khadi fariyad sunaye ghadi-ghadi	0	0
sawan ki bundo me chanchal ishare hai	0	0
jine ka sahara dekho ji chor lutere daku 	0	0
umar bhi nahi meri	0	0
maari aankh maari aankh gaya bhaag	0	0
phenka daanv phenka daanv bola daanv	0	0
taane hazaar sahte hai	0	0
dekha kona kona, sab the sans khiche 	0	0
kajra mohabbat vala ankhiyo me aisa dala	0	0
na raho aise tan-tan ke 	0	0
suno duniya ki khabar	0	0
kaise nadan hai, sholo ko hava dete hai 	0	0
o mere mitava, mere mit re	0	0
o haay-haay re mar gai koi utaaro bichhua	0	0
lakho hai iske jaise lakho me ek tu rani	0	0
hamane duniya me a kar vo rup dhara zinda hui 	0	0
mar ke amar hai sahagal usaka	0	0
mere dil kee yeh duwa hai, kabhee dur too naa jaaye	0	0
bahon mein bahein dale	0	0
koi dushman thes lagaaye, to meet jiyaa behlaaye	0	0
tujh bin koi nahi hai mohan bharat ka rakhawala re	0	0
hum ko jagaa ke ye so jaati hai	0	0
   naino ko teraa hi darshan hogaa	0	0
ye sabhi ittafaaq hai, ye sabhi ittafaaq hai	0	0
chhup gaye sare nazare oye kya bat ho gai 	0	0
hai isi me pyar kee aabru	0	0
kah nahi sakte, kiska armaan hai	0	0
iss rog ka nahi hai ilaaj duniya me aur koi	0	0
dil hamara bhi dekho machalne laga	0	0
bach na saka koi aaye kitne, lambe hai mere hath itne	0	0
haay dil ko churaakar le gaya	0	0
jo koi karega inhe puri	0	0
din rat tadpate hai bhware tab ek kali khilti hai	0	0
mubaarak gair ko khushiyaan mujhe	0	0
ab to nigahein mila lo sanam	0	0
l: teri aankho se saaraa sasaar mai dekhungi	0	0
moraa goraa ang la_i le	0	0
ye chhup chhhup humse chale ho kaha sainya	0	0
mai bhi hun galiyo ki parachhai kabhi yahan kabhi vahan	0	0
hahahahaha oho hoho ho	0	0
mujhe teri bahut zarurat hai	0	0
ghadi aai usake bhi imtehaan ki	0	0
kaisa hoga desh piya ka jagi hai chinta man me	0	0
more jau mar jau	0	0
aavaaz me pad gai daraare 	0	0
bade achchhe lagate hai ye dharati ye nadiyaa ye rainaa	0	0
mere mehboob	0	0
prit ki dor jab bandhi prit ki dor	0	0
jindagi tujh bin ras na aaye, ras aaye na	0	0
is jahan ki, rit nirali 	0	0
kahaani koi pyaar ki to jod jaayege	0	0
vahi pe mele, laga jaye tu dekhe jaha palat ke	0	0
aati hai ek hi awaz  jab mohabbat ki baat	0	0
kahete hain pyar jise, dariya hai aag ka	0	0
sima pe sipahi baitha hai zara bol dhima dhima	0	0
naye nam nit roop dhar main aayi chali gayi	0	0
nadan hai jaha, samajhega kaha, ham naujavan ke ishare 	0	0
raat ki rut me bandh jaae din	0	0
dadi-amma dadi-amma man jao	0	0
naa pocket me maal hai baabu	0	0
haay dil lekar mujhako naa bahalaanaa	0	0
﻿help me please to find the locker find the locker	0	0
daal-roti khao prabhu ke gun gao	0	0
aaj ki taza khabar, aao kaka ji idhar	0	0
ye ishare, ye adaye may ki botal jaisi baahe	0	0
dushman ke chakke chuda de jo	0	0
bolo bolo prit nahi, rit nahi, dori	0	0
are oh sanam hum dono sath  rahe janam janam	0	0
mera kala daftar se sida ghar aaye	0	0
phir bhi sachchai ke	0	0
ye dil tujhe de jaayenge	0	0
jo babu hai wo behra hai jo afsar hai wo behra hai	0	0
pyaare pyaare ye nazaare nikhare hai har kahi	0	0
usi ke hi sine me bhokata kataar hai	0	0
zindagi bhar ke liye	0	0
lo aaya pyaar ka mausam gul-o-gulzaar ka mausam	0	0
ghunghata utarte	0	0
me ye maangu    (2)	0	0
suni-suni raahe, sahami-sahami baahe	0	0
aaj mohabbat kismat se takara gayi hai 	0	0
aha ha ha aha ha ha ha	0	0
lag jaaye aag pyaar ki	0	0
sar patak-patak, pag jhatak-jhatak	0	0
kal kaa darna kal kee chinta, do tan hai mann ek humare	0	0
kya ho jab tadap ke dil dil ko pukare	0	0
banakar nath kagan karadhaniya ghungharu jhumake jhumar sajani	0	0
jhalke badan ki lali lali	0	0
mala nako re nako re nako re 	0	0
kaisi pyari lagti hai, abla naari lagti hai	0	0
apani jafaye o bewafa roye tu hansi ko tarse	0	0
aa jaa ke adhuraa hai apnaa milan	0	0
jisane dastur banaya	0	0
chhodo aachl meri yoba, mujko wapis gar jane do	0	0
karunga sari umar nokari mahun mahun mahun	0	0
dukh de ke jo dukhiyo se na insaaf karegaa	0	0
reshmi dupatta phenka peeng ke hulare mein	0	0
aadhee rehne do mann kee abhilaasha	0	0
manane ki aadat kahan pad gayi	0	0
jo apanon ko thukaraye, aur gairon se pyar kare 	0	0
maine khwabo me barso tarasha jise	0	0
sham tak tha ek bhavra phul par mandla raha	0	0
pran de ve vohi aur vohi pran le,	0	0
aao na pyar kare hum aur tum nach kare	0	0
duniya chhute, par na tute ye kaisa bandhan hai	0	0
apane raaja ki baahon mein so jaayegi	0	0
parda hai parda, parda hai parda	0	0
wo sikandar kyaa thaa jisane julm se jeetaa jahaan	0	0
naye jindagi ke tarane banenge	0	0
khila gulab kee tarha meraa badan	0	0
ai mere dilbar idhar najar kar na ja bichhad kar	0	0
shan se, shan se	0	0
sabr kaise karu kyu kisi se daru	0	0
dil ye chahe aaj to baadal ban ud jau main	0	0
koi patthar se naa mare mere divane ko	0	0
taj pehne baraf kaa yeh jagmagatee chotiya	0	0
vaqt se bhare agar, mil gaye kahi	0	0
chacha toh tere pehle se hi gol hai dabba 	0	0
mere saamane hi koi begaana	0	0
galiyo me chaubaro me baago me bahaaro me ho	0	0
aa ek do kahne bhi do teen char ho gaya pyar	0	0
trishnaa bujhii kahaan	0	0
are bistar pe litado gade ka kya kam hai	0	0
kya bataye tumhe hum shamma ki kismat kya hai	0	0
ghir ke aayengee ghatayein barse sawan kee	0	0
daya re daya iski chaal to dekho 	0	0
samjhne valo samjh lo isme bhi ek raz hai 	0	0
tim tim tim 	0	0
mai to divana divana divana 	0	0
isilie to kaha hai ki, us badanam ka 	0	0
aise bure, ham bhi nahi	0	0
mera dil o jaan-e-jaa chura ke chali kaha 	0	0
luta chain karar	0	0
mai chhod  du ye jivan bhi tere liye	0	0
bin tere tere bin sajana sans me sans aaye na	0	0
tumhari yade mera sahara udas jivan ke har safar me  	0	0
baatein hain baato ka kya	0	0
budhaapaa dekh kar royaa	0	0
aanchal me kya ji, ajab si halachal	0	0
saiyaan aaye nain jhukaaye ghar me chori chori	0	0
hamse pyaar hamse pyaar hamse pyaar karo  	0	0
kapde ki kisi ko silaai maar gayi 	0	0
nit ghan barase, nit mann pyasa	0	0
ek dil ki lagi ek dil se bujhi ab gum kya hai gum kya hai	0	0
chalaa jaaye sapno se aage kahaan	0	0
holiday holiday holiday holiday	0	0
isee khushee ko dhundh rahe the, yahee aaj tak nahee milee	0	0
chand jaise mukhade pe bindiya sitara	0	0
chaudahavi ka chaand ho	0	0
sunake teri nazar dabadaba jaegi	0	0
ye suraj chand or tare chale mere isharo par	0	0
bholi janta bole ishwar 	0	0
ke rup ka nazaara le gaya 	0	0
mera kajara ki mach gayi dhum re	0	0
hamen kaash tumse mohabbat na hoti	0	0
ho rama, ho rama, ho rama	0	0
bada purana ek marathi, naya naya haryani	0	0
is me merii kataa kuch nahii hai	0	0
rang laa rahi hai pyaar ki jawaniyan	0	0
dil thaam ke aise baithe hain	0	0
naa mai sadhu sanyasi naa jogi na vanavasi	0	0
ye kis or le jaye padh na pau lekh lekha vidhi ka	0	0
salli ji salli ji jab mai pyaar sikhalaaun 	0	0
raam ki lila rang laayi ahahaha	0	0
disco eighty two disco eighty two disco eighty two 	0	0
ladki ke aramano ko mota seth tarazu me tole 	0	0
na kisi ki dil ki hu aarju	0	0
lagta nahi hai dil yaha, lagta nahi hai dil yaha	0	0
sapno se mujhe, na yun bahlaa	0	0
fasal-e-bahar hai mere liye	0	0
dafali vale dafali vale	0	0
o janewale ho sake toh laut ke aana	0	0
kal sapne me phir aayi thi, ham dono the tanhaayi thi	0	0
kahe to koi luta, hain ghar kiska 	0	0
jalate hai jisake liye	0	0
sachha hai pyaar ke jhuta, yeh hai mujhe aajmana ho 	0	0
ka dushman de dana-dan	0	0
main pahne phirta hu jo, wo janjire kaise banti hain	0	0
wo din jindagee kaa aakharee din hoga	0	0
phulo ne jawab tera dhundha	0	0
jaisa jo karega yahan vaisa hi bharega	0	0
duniya ki imarat ka kacha ik sutun hai	0	0
katil tumhe pukaru ke jaan-e-wafa kahu	0	0
ho dhar ke gagariya haay re haay re	0	0
ke mithe se nashtar chubhone lagi hai	0	0
yaad karegee duniya teraa meraa afsaana	0	0
hai naa bolo bolo, hai naa bolo bolo	0	0
door bhi jaaye na paas bhi aaye na paas bhi aaye na 	0	0
jaha raam abhi tak hain nar me, nari me abhi tak sita hai	0	0
sukun dil ko mila aa ke teri baaho me	0	0
parem ke dukh me parem ke dukh me 	0	0
ye vadiya ye fizaye bula rahi hai tumhe	0	0
zarurat kya tumhe talvar ki tiro ki khazar ki 	0	0
kyun hota hai aise kyun hota hai aise 	0	0
majburi ke aankh me aasu 	0	0
taki ho taki taki taki re, jabse mai aankho me jhanki	0	0
bato me inaki na aana 	0	0
dharti hu mai aur tu hai gagan, hoga kaha tera mera milan	0	0
tu mera sath na de rah-ye-mohabbat mein sanam	0	0
kaha maan mere payar mere dildaar	0	0
mai teri is murat ko aise pujti hu jaise mai koi 	0	0
rang me pighale sona, ang se yu ras chhalake	0	0
ham shamaa jalaana bhool gaye	0	0
aankho me lahrayi jati hai jati hai	0	0
jaise seth mara hai waise sare mare jayenge 	0	0
laut rahi hai meri sadaye diwaron se sar takara ke 	0	0
tut dalee se phul tut dalee se phul	0	0
do naina seedhe saade hain	0	0
judkar kahin dil jod dein toote to dil tod jaate hain ye	0	0
jisne jo faramaaya jo maanga mai laaya	0	0
raat bhar mua sone na de ta ta thaiyaa karave ghadi-ghadi	0	0
ab tak to jo bhi dost mile bevafaa mile	0	0
har jaan ki kimat janate hai 	0	0
teri ulafat se nahi aaj bhi inkar muze	0	0
apne dil ki bato se, aap ka dil bahlata hu	0	0
maein jhoomta paimana	0	0
mujhe roke na koi, mai chali mai chali	0	0
fir bhi tu ruthha re, piya, wah re pyar wah re wah	0	0
ek maasum kali se mere gulzar ki shaadi hai	0	0
mai is haath ko thaamanaa chaahataa hu, vafaa	0	0
hoti hai kya bolo pyaar ki nishaani 	0	0
ki bole re 	0	0
meree jindagee me palat ke na aaye	0	0
tumhi ho bandhu sakha tumhi ho	0	0
vo saaz na do, aavaaz na do	0	0
kaun hame phir rokega	0	0
boli muskati maiya lalan ko bataya	0	0
ghane jangalo se guzarata hua kahi ja raha tha	0	0
sath kaajal ke jo bah nikle to phir	0	0
yadi phir bhi na mile tujhe aaram	0	0
ye masti ke dhaare ubalte hue	0	0
isiliye duniya ne shehjada mana	0	0
tohe raahu laage bairi	0	0
mai aur tu mehbuba ae mehbuba mehbuba ae mehbuba 	0	0
vaah vaah vaah vaah vaah vaah vaah vaah vaah vaah vaah	0	0
suno meri ek bat manoge manoge na tumhe andhere me 	0	0
jite ji chhod ungi saiyya na dagariya tori	0	0
are ga rahe hai sang tere sajna	0	0
mai ek raaja hu, tu ek rani hai	0	0
kahi jokar kahi sattaa hai	0	0
kitne jalwe fijao me bikhare magar	0	0
ab diye kaa bhi dil lagaa kaanpane	0	0
jis naam se jo chahe jo chahe mujhe bulaaye	0	0
chhedne wale tumko aur bhi hai	0	0
ganga meri ma kaa nam, baap ka nam himala	0	0
lut gayi khuda ki bas khudayi	0	0
tod de, tod de, parade ka chalan aaj ki rat	0	0
bachna hai mushkil piya jaadugar se 	0	0
apna to bana kar dekho 	0	0
han kar lege waha koi, naya karobar shuru	0	0
yun to hamane laakh hasi dekhe hai	0	0
kya jano hum is bheja me 	0	0
jagi aasha ui jagi aasha le ja pyar jara	0	0
mujhe gher lete, hai baaho ke saaye	0	0
behki behki chaalon ki sheher se door	0	0
ham kya kare, aur koi kya kare	0	0
mathe pe lat hai latki latki si patali kamar bhi hai	0	0
jiska miya kala vo kale ke gun gaye	0	0
mohabbat ki jhuthi kahani pe roye kahani pe roye	0	0
yu na ab sharmaiye, yu na ab tarsaiye	0	0
dil ke shole bhala kaise ho kam	0	0
mai nit nit, mai nit nit shish jhukaata hoo	0	0
aaja piya tohe pyar dun gori baiyaa tope vyar dun	0	0
lekin iss dil pe, arre kabu kis ka	0	0
gaali huzur ki to lagati duaao jaisi	0	0
pighal jaaye jo mujhe dekhe	0	0
mehandiyan sabke haatho mein rachati rahe	0	0
tera daman, tera daman, tera daman, daman, daman	0	0
sapne sach kar ke dikhla de	0	0
aati hai jo dekh ke, ham us dagar pe hai kabse khade 	0	0
aaja teri service kare o phir kismat ki thaili bhare	0	0
jijaji jijaji hone vali jijaji	0	0
sara din tadapti hu sari raat jagti hu	0	0
laakh gahraa ho saagar to kyaa	0	0
rahe na rahe ham mahka karenge	0	0
zara samne to aao chhaliye chhup chhup chhalne me kya raz hai 	0	0
phir oo sathiya, payal pehan teri hi dhun gaungi	0	0
bol sakata hu zubaan, band magar rakhta hu	0	0
rahe tujhse hamesha pare pare tu chhod de daulat ka chakkar	0	0
mausam koi ho is chaman me	0	0
tumko dayaalu apnaa samajhke maine aaj pukaaraa	0	0
dekha hi nahi tujhko, surat bhi na pahachani	0	0
yaaro hai wo kismat wala, prem rog jise lag jata hai	0	0
nadiyo kaa chamakata hai darpan	0	0
na hai dil ki ye chhoti na hai pyar ki ye khoti 	0	0
hamhi badh gaye ishq mein hadd se aage	0	0
aadi-tirachhi chala-chala ke jhum	0	0
tujh bin kaliyan chunane ko	0	0
patjhad jo baag ujaade, vo baag bahaar khilaaye	0	0
jo baat hum mein tum me thi wo baat aam ban gayi	0	0
la :	naa mile sasaar 	0	0
happy birthday to you	0	0
r: jhilamil sitaaro kaa aangan hogaa	0	0
chain milataa hai to saaqi tere maikhaane me	0	0
sheetal pavan ye lagaye agan	0	0
mil gaya ek sahaara, ha ha ha ha	0	0
le gayi dil kudiya japaan ki	0	0
koi nahi mai koi nahi mai koi nahi mai tere sajan ki	0	0
wo mukaddar kaa sikandar, jaana-ye-man kahalaayegaa	0	0
pyasi badali sawan ki 	0	0
din ka woh suraj hoga, raato ka chaand sitaara	0	0
zu zu 	0	0
barbaadi ke afasaane kahaan jaate	0	0
shekh saahab ki nasihat se bagaavat kar le	0	0
ye gori nadiyo kaa chalanaa uchhalakar 	0	0
koi nahi mai, koi nahi mai, koi nahi mai tere sajan ki 	0	0
baat kare to ras barsaye	0	0
...o	0	0
to ham ye saare jahan se kah de, huzurevaala	0	0
mora ghunghta najariyo se tod gayo re	0	0
aaja karib aake mulakate bite rate	0	0
hokar rahega jindagi me pyar ek bar	0	0
chhal or kapat ke hatho apna bech raha iman 	0	0
yah yahaan hai, tu kahaan hai	0	0
badi chot khai javani pe roye javani pe roye 	0	0
banai de thandi nahar ke kinare	0	0
tadapyegi hame	0	0
badi mastani hai meri mahabuba	0	0
o manachali kahaan chali, o manachali kahaan chali 	0	0
ye payam salam rahe naa rahe	0	0
haay haay	0	0
aaj mere yaar ki shaadi hai	0	0
lage tose naina, to naina na lage	0	0
mere tan-badan me mohabbat jaga di	0	0
ajab adaa se koi aaj pahli baar mila	0	0
lena hoga janam humein kayi kayi baar	0	0
ye khushi ki sham, sham-e-inteqam ban gayi	0	0
ke mere dil pe padaa thaa koi gam kaa saayaa 	0	0
phul pankhudiyo par muskaye	0	0
tu mungda, mungda mai gud ki dali	0	0
ha mera sang sang chalna	0	0
chal kahi dur nikal jaye, achchha hai sambhal jaye	0	0
dulhan jaise ho koi choro ki barat me	0	0
kal ki hasin mulaqaat ke liye aaj rat ke liye	0	0
jo raat aai to sitaare ban gae	0	0
koyal boli duniya doli, koyal boli duniya doli	0	0
hame is tarah na thukra zalim aashiq hai ham tere naam ke	0	0
abhee to meree zindagee hai pareshaan	0	0
aap yaha aaye kisliye	0	0
koyi kahe preet hai ye koyi kahe pyaar hai	0	0
mohabbat hai kya chiz 	0	0
aye gulbadan, aye gulbadan	0	0
ye dil valo ki basti hai ye basate-basate basati hai	0	0
kal bahon ka har mila tha, aaj ashako ka har pukare  	0	0
ragin javaani ki ghadiyaan	0	0
rah me chhod akar, mera dil todakar	0	0
mai ghar se nikala sab mera nam pukare	0	0
tumhari sunega garibo ki suno wo	0	0
na jane un dono ka anjaam kya hoga	0	0
o mere sona re sona re sona re	0	0
toh aao paas baithe pal do pal	0	0
gadi ko dekh, kaisi hai nek, achchhaa bura na dekhe	0	0
ari sun rup wati nam santjati kisi 	0	0
tab se aise ibaadat mai karne laga	0	0
aa dil kya mehfil hai tere 	0	0
kisko khabar pahle mile the hum dono kaha	0	0
aa aa aa aa aa aa  	0	0
aise jaise koi	0	0
thi kabhi chaand tak apni udaan, apni udaan	0	0
yu naa dekho jag jaaye pyaar kee angdayee	0	0
pyar mujhe tu sacha de de	0	0
are khaddar ki chhaaya me bhaarat jaaga hai	0	0
pada huwa tha ek saaya bade aaraam se	0	0
nam iska chamal jaise ganne ki fasal	0	0
o tum bhi jale ham bhi jale, khil to gayi dil ki kali	0	0
chhalki padti hai dekho haseenon ki hansi	0	0
o asali hai kaun bhaiya, nakali hai kaun bhaiya	0	0
kitni hasin hai rat dulhan bani hai rat	0	0
isharo ko ager samjho to raz ko raz ko rahne do	0	0
kisane dekhaa kal, are kisane dekhaa kal, pal pal 	0	0
ke kam se kam aaj to khulke milo jara humse	0	0
sawan ane ka kuchh matalab hoga	0	0
panghat se yu chali aa rahi thi wo	0	0
ye meri jakhmi jawani 	0	0
likhe jo khat tujhe vo teri yaad me	0	0
badara ho badara chhaye ki jhume parvat hay	0	0
ye manjile hai kaun see naa wo samajh sake naa ham	0	0
tum jo kah do to aaj ki raat, chand dubega nahi 	0	0
bechaini ki is dhimi dhimi is aanch me	0	0
madhur milan gavat aaj, guiya	0	0
jivan taal mai bhatak raha re tera hansa 	0	0
mera nam rita christina ai ai ai ai ya	0	0
bhagavaan bhi usako na kabhi maaf karegaa	0	0
mujhe dil lagaane ki kyaa tune sazaa di	0	0
aa mil jaen aise sagar nadiya jaise	0	0
pyar kahte hai jise vo khushi aj bhi hai	0	0
uthate hai dekho naye raaste	0	0
dil se jaaoge are o dilwalo	0	0
zulfon me chaiyya, mukhde pe dhoop hai 	0	0
jon jani jnardan tara-ram-pam-pam-pam-pam 	0	0
mai tere dar pe aaya hu	0	0
nahi re nahi mai nahi jaungi tere sath tera hath tham ke	0	0
yeh toh ik bahaana hai, waapas ghar bhi jaana hai	0	0
tuta tara tha ye man mera	0	0
karu pyar ko namaskaram 	0	0
gunj uthi chham-chham chham, meri payal ki jhakar	0	0
mera juta hai jaapaani, ye patalun ingalistaani	0	0
kaam ki baat bata di are comedy gaana gaa ke	0	0
kaise bat matalab ki samajhaun divano ko	0	0
zulfon ke ghoonghat mein mukhda chhupati na	0	0
khol ke ghunghat sanam ab, chandni barsaiye	0	0
dukh mera dulha hain, biraha hain doli	0	0
sab dur andhera, musaafir jaayega kaha 	0	0
kheto pe chhayi jawaniya	0	0
pal do pal ka saath hamara pal do pal ke yarane hai	0	0
kyu na is dil pe kurban jaye sah liye jisne gam bhi khushi se 	0	0
sagar me zindgi ko utare chale gaye, ham	0	0
chahane valo ke aaj duniya me, chahane vale aa gae	0	0
jhum, jhum, jhum	0	0
sone ka chabutra uspe nache mor 	0	0
tera dil to machalta hoga tu bhi to mujhe milne ko 	0	0
yeh soch ke mai itraata hoo	0	0
aashiq hun main tere dil me rahata hun 	0	0
hire kaa bhav hire kaa bhav gir jaye	0	0
ab hai tumhaara ab hai tumhaara 	0	0
aane se hai majboor 	0	0
is janam bhi tumko pa hi liya	0	0
andhi aaye ya tufan yar khade hai sina tan	0	0
bachcho ke liye jo dharti ma sadiyo se sabhi kuch sahti hai	0	0
pyar apni manjil pyar hi apni mehfil 	0	0
kamal kali si teri kaya 	0	0
tujhako kyaa batalaau mai	0	0
maine chalna sikha hai dariya ke behte dharo se	0	0
piya tu ab to aaja shola sa man dahke aake bujha ja	0	0
hasina kya chaahe, yahi to maalum nahi hai, hamse suno	0	0
kitane sawan bit gaye	0	0
dekha hai chand mulaqato me dhoka hai yaar teri baato me	0	0
mai albeli chhori	0	0
kab chodta hai ye rog ji ko	0	0
samajho sonio	0	0
o aaja mere sath, chal aaja mere saath 	0	0
babu ji tum kya-kya kharidoge	0	0
mera mahabub aaya hai mera mahabub aaya hai 	0	0
par ye namak haraam nahin	0	0
naate hain naato ka kya	0	0
ab tum khud hu faisla kar lo, mai kis jube wala	0	0
kabhi dono hansate hai, kabhi dono rote hai	0	0
o jate rahi o banke rahi, meri baaho ko inn raaho ko	0	0
chamka hain insaf ka suraj phaila hain ujala	0	0
o ho dulhaniya tujhe nachaye	0	0
ham tum ik kamre me band ho aur chabhi kho jaaye	0	0
pyaar yahaan hai tu kaha hai	0	0
dil bada nazuk hai ye tut na jaye kahin	0	0
mera chana hai apni marzi ka marzi ka bhai marzi ka	0	0
badi natkhat hai fauj kahi aayi jo mauj	0	0
mithi hai mosambi to kadva hai karela	0	0
mera jis ka nam hai hindustan	0	0
aisi madira kahan milegi pi le o mastane	0	0
kavaariyo kaa dil machle	0	0
are, rah jayenge, rah jayenge, paise-vaale dekhate rah jayenge	0	0
na na karate pyaar tumhin se kar baithe	0	0
kaisee jadugaree kee aare jadugar	0	0
kuch samjha aur kuch samajh na paya	0	0
nikale the ham dil ki jholi liye, duniya ne kate hi kate diye	0	0
pyar me uske dhadake mera dil jalta hai sina, dhak dhak dhak	0	0
nahin nahin koyi tum saa haseen	0	0
agar hote sabhi apane, to begaane kahaan jaate	0	0
ye bal in ke dekho ke gaal in ke dekho	0	0
aa jaaye woh din gale milke bite javaani	0	0
main kis galii tumako chaah ke 	0	0
ab kya karu mai jatan, dhadake jiya jaise, pachhi ude 	0	0
unn hu hu aa ha ha ha	0	0
he sambhal are log mujhe kyun dete hai tana	0	0
aaya savan ho jhum ke, aaya savan ho jhum ke	0	0
bhrati ho ke karanaila karanail singh ban baitha	0	0
disco dancer, disco dancer	0	0
rahe na rahe ham	0	0
nazron mein ikraar sa hai nazron mein ikraar sa hai 	0	0
meraa sar jhukaa hai jhukaa hi rahega	0	0
ke aaye kaun disha se hum, ke aaye kaun disha se hum 	0	0
phul bane man ke angare 	0	0
teri hire jaise aankhe, aankho me hai laakho baate	0	0
samjha tha aayega lekar barat	0	0
ki gal hai, koyi nahi, aji ki gal hai, koyi nahi	0	0
aapki nazro ne samjha, pyar ke kabil mujhe	0	0
mere naghmo mei jo basti hai wo tasveer thi wo	0	0
is mod se jaate hai is mod se jaate hai	0	0
dil bole boom boom	0	0
nam dono ka zamane me bahut badnam ho, aha haha haha	0	0
thamle hath mera chodna sath mera	0	0
prem jagat hai prem hi jivan, mat kar tu apaman prem ka 	0	0
sada aazad rahte the hame malum hi kya tha	0	0
ab chaahe ghar chhute ya sakhiya	0	0
karu jo ek ishara jhuke zamaana saara	0	0
kho to na jaaunga, mai laut aaunga	0	0
ha ha ha chhod  do aanchal jamaana kya kahega	0	0
mujhe duniya valo, sharaabi na samajho	0	0
samajh gaya mai, vahi purana, tera bahana 	0	0
chad ke dar par ja pahucha hai aaj zamana	0	0
jyot ka pyasa pyas bujhaye	0	0
aag me aag lagaataa hai	0	0
aise mein tune dil ko tarasaya hai 	0	0
aise kajare ki dhaar, jaise tikhi talavaar	0	0
aayegi jarur chithi mere nam ki sab dekhna 	0	0
naino se hoti rahegi yuhi barsat balam	0	0
reh naa jaye teree meree baat aadhee, mulaakaat aadhee	0	0
zahar hai pyar ka 	0	0
likha hai teri ankho me, kisaka afasana	0	0
jawaani bhi daaman chhudaane lage	0	0
tum jaano, na jaano, maine to jaana hai	0	0
nahi chhedo aisi waisi baat	0	0
tune mohe chheda, mai tujh ko sataungi	0	0
kayi saaz chhede kayi geet gaaye	0	0
le to aaye ho hume sapno ke gaanv me	0	0
hu uuo ab na koi naukar hoga aur na koi aaka	0	0
dosto se pyar kiya dushmano se badla liya	0	0
maine chhod a zamana tere sath ho gai	0	0
maang ke saath tumhaara	0	0
jo barso se chupi dil me use hotho pe aane do	0	0
maanga na koi takht na to taj hi liya	0	0
kahee dil na meraa ye tarif sun kar 	0	0
koyee dekhne waala aashik to ho	0	0
mai pyaasaa hun tu saavan hai	0	0
kuchh nahi yaha, aaja jara	0	0
sar kafan bandh ke nikla haidiwana hai ye pagla hai	0	0
sathi bana jae, rasta kat jaye chain se	0	0
adhura hu mai afsana jo yaad aau chale aana	0	0
diwane ho tum sab ko diwana banate ho	0	0
jayenge par kidhar hai kise ye khabar	0	0
pagali a pagali	0	0
tum kali toh jarur ho, par badi mashahur ho	0	0
phir bhi hai kuchh kam, bas tera itazar hai	0	0
tabiyat thik thi ha tabiyat thik thi 	0	0
kuchh kahate hue bhi darataa hun 	0	0
rup badal ke aaye	0	0
dil ke jharoke me tujhko bithakar 	0	0
mujhe tumse mohabbat hai magar mai kah nahi sakta	0	0
soche na baat, din ho ke raat, signal huaa ke nikali	0	0
waah waah cha cha cha, bahut khub cha cha cha	0	0
chhoti suyi se badi	0	0
maine puchha chand se	0	0
kaise ho tum ghanshyam	0	0
o laila, a ha, a ha, a ha	0	0
mujhpe dharo kuchh dhyaan prabhuji 	0	0
muflish ka sahara dil hi to hai duniya me hamara dil hi to hai 	0	0
aise ghabarao nahi, kabhi to kahi na kahi, badal ye barasege	0	0
aaj ussi ke man mein chhaya, kyun gham ka andhiyara	0	0
tera daman na chhod unga	0	0
mail hai maayaa jaal	0	0
nibhegi yahaa kaise ulfat ki rasme	0	0
disco eighty two disco eighty two	0	0
ik musafir jo tujhko pa jaye	0	0
to kya ho, baarat ho	0	0
o maan maan maan, meri jaan meraa kahna	0	0
ab ghar jaane do	0	0
tera pyaar satata hai, chain nahi aata hai, raato me 	0	0
rok rahaa hai humko zamaana	0	0
juda sabhi rasmo se tera har rivaaz hai	0	0
na khayal tumhe, na khayal hame	0	0
ho dil ki kitab kori kori hi rahne do	0	0
koi ansu bahata hai, to koi muskurata hai	0	0
reshama jawan ho gayi, reshama jawan ho gayi	0	0
chand chura ke laya hu	0	0
to baki raha kya, to baki raha kya ho bolo meri gulbdaniya	0	0
zamana gam nahin gam nahi koi aaye	0	0
vo saaz na do, aavaaz na do	0	0
hay rama, hay rama, hay rama	0	0
tik-tik tik-tik chalti jaaye 	0	0
uthe sabke kadam, tara ram-pam-pam	0	0
bagiyaa me balmaa ne meri lat ulajhi suljhaai	0	0
ye chirag bujh rahe hai ye chirag bujh rahe hai 	0	0
ooh hoo hoo hoo	0	0
sar pe khada pal judayi ka	0	0
sach sapne kal ke, sach sapne kal ke 	0	0
vo ambuva ka jhulna, vo pipal ki chhaanv	0	0
rukega na ruka hai	0	0
la:	aa jaa re o dilabar jaaniyaa	0	0
bachche man ke sachche	0	0
sadiyo se jag me ata raha mai 	0	0
din raat ye dukhda rehta hai	0	0
ab tak to jo bhi dost mile bevafaa mile   	0	0
pyaas bhadki hai sare shaam se jalta hai badan	0	0
kaise aaun jamuna ke tir re	0	0
ho mai kaise kar lu pyar	0	0
kahegi ma dulhan la beta ghar suna suna hai	0	0
are kuch nahi, kuch nahi, are kuch nahi, kuch nahi	0	0
sansaar ki har shay ka itna hi fasana hai	0	0
dekhiye ek din pyar ho jayega	0	0
baho me chale aao	0	0
gajab bhayo rama, julam bhayo re	0	0
dil khilate jate hai, lab gun-gunate hai	0	0
kajra naa beh jaye rote rote	0	0
yeh bahar yeh sama keh raha pyar kar	0	0
fir kahengi hare kanch ki chudiya 	0	0
meri aawaz suno	0	0
kaliyo ke pichhe nahi bhaguga mai	0	0
dulhan ke jaisi nayi zindagi ka	0	0
kaisa kude phande	0	0
panchava nambar julm kaa dushman 	0	0
hamko to mohabbat hai zalim 	0	0
mai dukhiyo kaa sathi	0	0
kabhi main tumhe chhuunga kabhi tum mujhe chhuna	0	0
tumhare aur kitne thikane hai	0	0
ganga ki laharo jaisi	0	0
chamaka sham ka pahala tara	0	0
koyal ki ek kuk se sabke, man mein huk uthata hu	0	0
me mohobbat kee raho se anjan hu	0	0
baat jab pine ki aajaaye to daranaa kaisaa	0	0
soi mohobbat jagata hai, raato ki ninde udata hai	0	0
tere liye mai hu tu hai mere liye mere liye	0	0
baaho ki in zanjiro me yu na jakdo, ham jakadege	0	0
mili chabhi par mila hai nahi humko taala	0	0
na jala aa aa achchha nahi dur rehna tera	0	0
ham teri gali se kyaa lete	0	0
tere daman talak hum to kya aayenge	0	0
khata bakhsh do gar khata ho gayi	0	0
chori chori hoy hoy chori chori	0	0
tujhako kyaa batalaau mai 	0	0
ek laaj roke paiyaan	0	0
ye zid na chhod e mere dil ko tode	0	0
java dhadkano ke ishare hanse  	0	0
ban gaya mit ja ke tera	0	0
dekhu tujhe ya dekhu zamana	0	0
saiya, bainya me bainya daal ke aise	0	0
agar mujh se muhabbat hai	0	0
sacche yaro ki bat mat puchho ji 	0	0
hum unke khayaalon mein khoye rahe	0	0
mujhe mere hal pe chhod do	0	0
kuchh baat nahi aisi koi, ye ek suro ka jadu hai	0	0
lal mehanat ke bina roti kis ghar me paki 	0	0
jiyaa meraa ghabaraataa hai	0	0
ye mast nazar teri, mere hosh udati hai	0	0
har ek phul ne shahanaai si bajaai thi	0	0
chhodo kaale dhandhe, safed kaam karo	0	0
hogi tanhai to ake teri yade 	0	0
kaho saath doge kahaan tak meraa	0	0
bolo gori kya rakha hai palako me chhupake	0	0
aadhe chhalke nayan, aadhe chhalke nayan	0	0
mehke huye phulon ko saanson mein rachaaya hai	0	0
tu daal daal wo paat paat lagta hai dur hai sath sath	0	0
ye rut bhigi-bhigi bhigone lagi hai	0	0
hasate hue aisi shaan se, divaane jal jaayege	0	0
ki misri ki daliya haay misri ki daliya	0	0
hontho pe aayi hai aag pyaar ki	0	0
sune mahal me naach rahi hai	0	0
ke jaise alhad chale pi se milakar	0	0
jo svarg ne di dharati ko 	0	0
sharma ke munh na pher, nazar ke sawaal par	0	0
jab koyi saheli bat tumhe samajhaye kabhi toh mat rona	0	0
aakhir koyi to aayega naino ke daanv me	0	0
hamaari pakdi gayi hai bas chori, achchha	0	0
nahi mumkin magar muskil hai	0	0
niyat tori re tori khoti niyat tori	0	0
chain na aaye yahi soch sataye	0	0
samjhe na kuch bhi vo kitna samjhau mai	0	0
zamee ki tum nahi lagti kaha se aayi ho bolo	0	0
ye dori na chhute, ye bandhan na tute	0	0
khilen hain gagan me taaro ke jo phool	0	0
jar atikde ye chhod  maza hath mala pine de	0	0
mujh pe na gire ye bijle kahe	0	0
raah me ho ke gum, jaaoge chhup ke tum, kaha	0	0
mai benaam ho gaya, ho gaya, mai benaam ho gaya	0	0
aaye jindagee ke rahee, kis bat kee hain deree	0	0
hai paanv tere phir bhi tu aane se hai majboor 	0	0
shaukh kaliyo ke ghunghat sarkane lage hai	0	0
aaj tere sehare ne bhaiya mujhpe kayamat todi	0	0
unaki taraf dil khichane laga	0	0
mehki mehki sanse baat hai tarane	0	0
jahan nahi bandhan na koyi riwaaz	0	0
kyo dhup jalaye dukho ki kyo gam ki ghata barase	0	0
havaa har nadi kaa badan chumati hai 	0	0
kisi ne dekha to nahi tumhe aate	0	0
hain unhi aankho ki nishani	0	0
chingari ke khel me jal jayega	0	0
ab chaahe ghar chhute ya sakhiya yaara maine to ha kar li	0	0
aankho ne jo hai dekhaa dil kis tarah bhulaa de	0	0
zulfe gaalo ko chum rahi thi, ik ghata si jhum rahi thi	0	0
chup ri apne jijaa ji se laaj tujhe na aae	0	0
lahraau dali si tere gulzar ki	0	0
haay, kitni maasum lag rahi ho tum	0	0
tere jaisa yaar kaha, kaha aisa yaraana	0	0
kaliyo ne ghunghat khole har phul pe bhawra dole	0	0
han kya samajhe tum nicha	0	0
kya kaha mai yaha hu mujhe ye hosh nahi 	0	0
o o mere raaja, o o meri rani	0	0
dharti aur chaand ki duri ka 	0	0
rimajhim chhayen ghatayen oye kya bat ho gai 	0	0
ye bhi karishma dekh idhar hai 	0	0
bhini bhini khushbu se saagar chhalke 	0	0
radha kyo gori mai kyo kala	0	0
mai tere naj uthata ho, tujhe bag ki sair karata	0	0
ik dhanavan ki beti ne, nirdhan ka daman tod diya	0	0
aap abb hai kya majburi ha kam tha ek jaruri	0	0
gulmohar agar tumhara nam hota	0	0
aag dil me lagi hai mere paas tu na a	0	0
taali gaj ki jhil pe baabu aa_e rup ke daas	0	0
hai dil me pyar zuban chup jhuki jhuki nazre	0	0
lamba-choda uska thana sabko ek din wahi hai jana	0	0
behki behki chaalon ki sheher se doornashe mein choor	0	0
piya yad rakhoge ke bhul jaoge, yad rakhoge ke bhul jaoge	0	0
tumhi dekho karo koi baat ke hamko neend nahi aati	0	0
tum to basi ho gori man me hamare	0	0
suno sunaaye ek kahani	0	0
hava nahi, ghata aa ha, dhua nahi, yad	0	0
he he he, aisa ho to kho jane do 	0	0
dir dir taani, taa ni ni da, ni da pa ma, pa ma ma ga	0	0
mai to bhula prabhu, mai to bhula prabhu sudh budh sari	0	0
(beghar ko aawara yaha kehte has has	0	0
aye yeh aaj tumhe kya ho gaya hai uff to apne dil ko samjao na	0	0
jab deep jale aana, jab shaam dhale aana	0	0
aaun na main teri baaton mein saiya 	0	0
makanaka makanaka chika pika rola rika	0	0
maine kaha haye haye haye 	0	0
dekh tamasha le ja pyar jara lui shamasha	0	0
aage ya pichhe sabako jana hai par	0	0
nazar bhar ke jise tum dekh lo wo khud hi mar jaye	0	0
koi bhi achchha karm nahi, to phir uske baad	0	0
na ham jo kah de kah na sakogi	0	0
koi chabi ka tattu	0	0
phir pyar mein nazar jab takarayegi 	0	0
har hal me jisne sath diya wo ek bechara dil hi to hai	0	0
thehri tu hai jawan toh mai bhi sajila kuchh kam nahi	0	0
udi baba, udi baba, udi baba	0	0
ab chaahe maa ruthe ya baaba	0	0
surat ek albele ki teri aankhiyo me rahti hai	0	0
hamaare jaisaa dil kahaan milegaa	0	0
mere armano ke pankh laga ke, kaha ud chali 	0	0
parde me hansi ke chup kar rote hai mohabbat vale	0	0
chhede bhi ja tu saz ko thodi, abhi baki hai rain	0	0
jisne man ka dip jalaya 	0	0
dariya kinare ik bangalo go pori jayi jo jayi	0	0
haso aur hasaaya karo	0	0
dekho dekho aya makhan chor	0	0
jaha par hain teri baahe, meri jannat bhi wahi hain	0	0
aate jate khubsurat aawara sadko pe kabhi kabhi itefak se	0	0
aaja meri saanso mai mahak raha re tera gajra	0	0
ab zara tu bhi ho ja, ho ja yar shuru	0	0
koyi kadmo se lipat baitha to phir	0	0
pyaar ki race jo tum jeetoge dedoongi main jo tum mangoge	0	0
ho tujhko shayad dhokha ho gaya, sun e hasin mai woh nahi	0	0
are deewano mujhe pahchano	0	0
ye bolo ke hamse tumhe kya milega akad ke	0	0
aisa kya janab gussa, pyar ka javab gussa 	0	0
rishtedaar hai tommy ka	0	0
mai aur tu mehbuba ae mehbuba	0	0
mai thodi der ji to lun, nashe ke ghunt pi to lun	0	0
aankhen mili hain haye haye	0	0
dekho maine dekha hai yah ik sapna	0	0
vah fakire! vah fakire sut pahan kar 	0	0
do sitare hil mil chale tere pyar ka diya	0	0
chale hai jaise kahin shishe pe aari	0	0
dekh jaa kis tarah aaj tanahaa hai ham	0	0
ise mere hi tu naam laga de 	0	0
jo sach sach bola to sachchaayi maar gayi	0	0
mann dole mera tan dole, mere dil ka gaya karaar re	0	0
arey hari nam ko jap ke gangajal pi lena	0	0
dadi-amma dadi-amma man jao 	0	0
mujh sa badanasib na ho koi jahan me	0	0
ke tum mere sahare ho 	0	0
palko ke kinare kajrare	0	0
badi nakhre waaliyaan hoti hai, tange waliyan 	0	0
kabutar kabutar kabutar kabutar	0	0
is umar me kyu na, manmani kar jaye	0	0
tera mayakhana salamat rahe aye jana-ye-wafa	0	0
yado ki barat nikali hai aaj dil ke dware dil ke dware	0	0
barkha ko dhundata hu	0	0
dil se mil mil ke dil khil jata hai yak-b-yak	0	0
hooo ye kya hua, samjhe na	0	0
mera naam raju	0	0
tere jaisa yaar kaha, kaha aisa yaaraana	0	0
teri surat jaisi hoti hai	0	0
tarsaaye saavan ki jhadi, tere bin suna jag saanvariya	0	0
jane bhee do kaha maano meraa	0	0
likhane wale ne likh dale milne ke saath nichode	0	0
hum janam janam ke sathi hain	0	0
main kya karu ram mujhe buddha mil gaya	0	0
aaj kaa din meri mutthi me hai	0	0
aaj se pehle aaj se jyada, khushee aaj tak nahee milee	0	0
bhesh majnu ka liya maine jo laila ho kar	0	0
man soch ke ghabaraaye, yahi soch ke ghabarayae	0	0
ruk gaye jaha is dil ne roka chal diye jis taraf dil pukara	0	0
dard hi bhar diya dil ke har tar me 	0	0
re kajarari badariya ko chum re	0	0
soch le mere bina tera kya hai jina baba	0	0
main main main main cartoon 	0	0
mat pucho ham par kya guzari, bijali si giri aur dil pe padi	0	0
woh har shay jo tumhe dukh de mujhe mere sanam de do	0	0
kisi ne bhed ye mamta na jani	0	0
hamne bandha prit ka dhaga	0	0
anhoni path me kante lakh bichhaye	0	0
ek rasta do rahi 	0	0
zindagi ik tez rau tufan hai, iska jo pichha kare nadaan hai	0	0
tu aake chali chham se, jyu dhup ke bin pani	0	0
maachis me bhi aag nahin hai kaisa zamana	0	0
ghanghor ghhataao ko zulfon mein basaaya hai	0	0
matwaali naar thumak thumak chali jaye	0	0
o dekho re dekho re dekho utar gayo bichhua	0	0
pal bhar ke liye koi hame pyaar kar le jhuthaa hi sahi	0	0
shor tere mere pyar ka hoga gali gali me shor	0	0
tera kya nam hain, tera kya nam hain, sulatana	0	0
mann meraa ek mahal ho jaise, tu isame rahatee hai aise	0	0
dono ban jaye prem pujari dono ban jaye prem pujari	0	0
naam magar kar jaunga badanam tera 	0	0
zamaane bhar ke aage haath 	0	0
pyar yahi hai preet yahi hai, mera aakhiri geet yahi hai	0	0
iss rog ka nahi hai ilaaj, duniya me aur koi	0	0
mil naa jaye naina	0	0
mar bhi gayaa to hogaa pyaar nahi kam	0	0
na ja na ja, ai meri topi palat ke aa	0	0
baat kuchh ban hi gayi	0	0
sudar sapano ki hai mazil kadam ke niche	0	0
phul badan mukhda yu damke	0	0
to wo hi kahe ke mai kya karu	0	0
aurat ne janam diya mardo ko	0	0
jate jate bhi ye nazrana diye jata hai	0	0
fir kalyug me abhiman	0	0
nahin nahin koyi tum saa haseen, ho	0	0
dil lgaya to dil ki khushi mit gayi	0	0
santo pe daag lagaye	0	0
man meraa dharati par, aur kabhi ambar me	0	0
ye jaat dharam ke jhagade 	0	0
mujhse tum takrana na, aake yaha pachhatana na	0	0
badaa ahasaan farmaayaa	0	0
teri hi amanat har dhadkhan hai	0	0
e baba kukuruku	0	0
magar yeh musafir duwa mangta hai	0	0
us dil ko kabhi ka tod diya haye tod diya	0	0
nain so nain nahi milao nain nain so nain	0	0
mar ke jeene kee adaa jo duniyaan ko sikhalaayegaa	0	0
saz pe dhadkan ke gati hai gati hai	0	0
koyi mane ya na mane mere dil ki mehbuba ne	0	0
dete hain maal khota unchi dukaan vaale	0	0
tu na mili to han	0	0
wahi tham ke rah gayi hai 	0	0
lui shamasha ui lui shamasha ui 	0	0
anchal ko hawa me uda ke chal  	0	0
mushkil hai jina, dede o hasina	0	0
jo tum muskuraa do	0	0
aapke sar pe bhi, ulfat ka taaj hai	0	0
haay kyaa din the wo bhii kyaa din the	0	0
ham khoe jate hai	0	0
bambai se aaya mera dost, dost ko salam karo 	0	0
wo ladki shandar hai	0	0
nayi teri zindgani	0	0
hawaao ke paro par meraa ashiana	0	0
adami musafir hai, aata hai jaata hai	0	0
jab-jab unko dekhu aane lage angdayi	0	0
dil se mile dil, dil se mile dil 	0	0
manwa jaye jhum 	0	0
aji ruth kar ab	0	0
main ashko se khelu, main ashko se khelu	0	0
badnam na ho pyar mera	0	0
kaun jaane baansuriyaa kisako bulaae	0	0
mera bapu sath mere jaranail singh ban baitha	0	0
o father apna aisa huva hai ghotaala	0	0
vasant rut hai aaaa	0	0
jay jay santoshi mata jay jay ma	0	0
dil jal jayega aa aa aa	0	0
ho tera kya kahna	0	0
ruk na pau mai khichatee aau mai, dil ko jab dildar pukare	0	0
chhod o, chhod o, dekho dekho gore gore kale kale badal	0	0
jaago jaago mohan payare	0	0
hamko chehre se hatna gavara nahee	0	0
jee me aata hai, tere daman me 	0	0
gulbadan khaadim ke haatha se 	0	0
mar to nahi jaaege ham	0	0
naajo se tujhe pala maine, kaliyo kee tarah phulon kee tarah	0	0
sada sath nibhau, kahi aur na jau	0	0
dil ke lutne ki kisse shikayat karu	0	0
is duniya ko geet sikha de	0	0
kaha chal diye	0	0
ham kya kare, aur koi kya kare	0	0
dil ne kisi ko kabhi, apana to mana na tha	0	0
mujhe dosh na dena jag walo 	0	0
lailaa ki hir ki kitaab me dekhaa hai	0	0
kabhi to milegi, kahi to milegi 	0	0
	0	0
