Song lyrics	Mood	Offensive
i want a chance baby	0	0
hamara hamara, do pal pal do pal ka saath hamara hamara	0	0
bachpan apna hota to na karte dhenchu-dhenchu	0	0
ab kadam piche hatne na paaye pyar par koi tohmat na aaye	0	0
kahe ko tu mujhse jalti hai, kahe ko tu mujhse jalti hai	0	0
tum kya karoge dekhen, ulafat ke vaste	0	0
ui ui 	0	0
us din se mujhe kuch ho gaya	0	0
aafat ke chal dekhe so lut jaye	0	0
ho mere saajna	0	0
ae pyaar	0	0
kaisa hai kathor ye	0	0
jo jindagi kee raah me bane the mere hamsafar	0	0
main zameen par sitaare bichhata rahun 	0	0
abhi nahi abhi nahi abhi nahi	0	0
jaadugar saiyaa 	0	0
aayegi bandh ke payal too honth dabaye badan ko churaye	0	0
dosto ki inayat na hoti	0	0
ban gaya chand hoke tera	0	0
ghabra gayi haye haye haye	0	0
shan yahiin par gunji thi	0	0
din raat phir tumko mai yaad aaunga	0	0
raat ki aas gayi, din ka sahara bhi gaya	0	0
chalta nahi hai dil deke yaaro, iss dil pe jor koi	0	0
chhote dil ka maalik hai	0	0
apna ye daman bol bhi gata,  kon kisi ke pyar me yu khota	0	0
laaj tujhe na aae devi ji devi ji 	0	0
vaqt se pahale qisamat se jyada kisi ko mila hai na kisi ko milega	0	0
tumhari is shararat se na jaane kis ki maut aaye	0	0
ye kisne kaha hai ki darte hai ham	0	0
aise kyo khoye hue ho jaage ho ki soye hue ho	0	0
jungal me more nacha kise dekha	0	0
zindagi ek mehman hai, chhod  sansar jana padega 	0	0
pa pa pa pa pa pa dha ma re	0	0
zarurat hai zarurat hai, sakht zarurat hai	0	0
aage kya bolu yaara mai paapi dil pe haara	0	0
ye hua na jo ab hui gava re	0	0
ram base hanuman ke dil mein 	0	0
hotho me aisi baat mai dabaake chali aai	0	0
mai dekhata hun jidhar, log bhi udhar dekhe	0	0
paakar tujhe haay mujhe kuchh hone laga hai	0	0
yeh pyar agar sapna bankar, tadpaye kabhi toh mat rona	0	0
dil ne dil se kya kaha yeh kya pata	0	0
kaali raat se kaali uski aankh	0	0
hui tihari sang chaloji	0	0
dil ek mandir hai dil ek mandir hai	0	0
or waqt ki hera feri hai	0	0
tum maan jaonge mai ruth jaungi	0	0
dil ki baato kaa matalab na puchho	0	0
	dil ki pyaar bujhaa jaa re ) -2	0	0
kahin na jawaain ko nazar lag jaaye	0	0
ban ke kali ban ke saba bage vafa me 	0	0
tum bhi gaao 	0	0
shayad wo sawan bhi aaye, jo bahna ka rang na laye	0	0
ek janwar aisa jiske dum par paisa	0	0
surat hai bandar ki lekin lagti hai alabeli 	0	0
jab rain pade nahi chain pade	0	0
mujhe kya khabar thi mai khud hi bandh jaungi	0	0
jab jab tera bigul baja javan chal pade	0	0
hansi na chhupao zara aankhe to milao	0	0
aayiye aapko mai apne bangle ki sair karau	0	0
main jo bolu-bolu kya, has dun mujhko kuchh na sujhe	0	0
sune naa sune koyi teri pukar	0	0
dhundhe tera pyar raste raste 	0	0
papi sansar ne sajan bhi mora chhin liya	0	0
om shanti om, om shanti om	0	0
khul gaye raaz ka_i	0	0
hamara naam, banarasi babu ham hai banarasi babu	0	0
yu hi tarsa tarsa kar surt dikhate ho 	0	0
meree aankho se jara aankhe to mila de ha 	0	0
chhodo ji ye gusa zara hans ke dikhaao	0	0
are are naachege sab milake, jija ho ya saala 	0	0
aye dilruba, dil ki gali, shahar-e-wafa	0	0
kash ttue na wo arzu ne meri khwab jo hai bune	0	0
gali gali dekhaa nayan uthaaye	0	0
ye rang lai hai sagat tumhari	0	0
in adaao pe aur pyaar aata hai	0	0
ghar jaaun kaise	0	0
naino ki is doli me chal mujhe bitha le saki	0	0
rahungi mai kuwaari umr saari	0	0
dosto zindagi hasin hai, magar sirf unake lie	0	0
bin badal ki barkha hai ye, jane kha se tapka hai ye	0	0
sukh me jo na khele hum hi to hai, sukh me jo na khele hum hi to hai  	0	0
mere gam ki tu davaa re, davaa re	0	0
rang rangile koi aaya koi aaya aane bhi de	0	0
ham tum tum ham gumsum gumsum 	0	0
jab tak ye bahar yar pyar kiye ja	0	0
aise meri bharpur jawani, aag se jaise lipta pani	0	0
prithviputram raajakapuram shammikapuram shashikapuram	0	0
vo nahi aayegaa, maan nahi paaun	0	0
kothe chadh ke tainu pukara sun le mere balam	0	0
kare jo sitam vo haseen aur honge	0	0
nazaro se puchho mera fasana, fasana 	0	0
teri aavaaz hai havaao me	0	0
mujhe jine de jine de tujhe meri kasam	0	0
par ye dekh nahi sakta ye bin dekhe hai likhta	0	0
o o o o o, a a a a aa - (2)	0	0
jamuna ke tat ki or o chala nikla	0	0
hamne manjil dhundhi thi, lekin kismat ruthi thi	0	0
i love you, i love you, i love you	0	0
phool ne kaha aaja mere paas	0	0
idhar dekhiye najar phenkiye	0	0
dhum machi hai, aa aa, maikaane me, aa aa	0	0
meri baat talte-talte	0	0
arey, hosh me aaja dhyan kidhar hai	0	0
na jaane kaun sapera aaya	0	0
ho lat bikharaae chunariya bichhae	0	0
tham ke tham ke	0	0
(puchhen raah vatan ki) - 2	0	0
chauraste pe jaise musaafir path puchhe ghabaraaye	0	0
hasino ko pasina	0	0
nakali hai kaun, ho maama	0	0
jo bhee mere paas tha woh sab le gaya	0	0
humse jo bhul huyi maf karo ma 	0	0
daale hue hai, raat ki chaadar 	0	0
dil se dil ki pahachan hui jagi muhabbat gane lagi zindagi	0	0
jab yad aate hai dil par bas tir chal jate hai	0	0
dosto me raha dushmano ki tarah	0	0
wo thik kaha karte the 	0	0
har mausam hai pyaar ka mausam hoga ki nahi	0	0
behri janta behra neta sab hai kohlu ke bail	0	0
la la la la la la la la ho	0	0
binaa soche samajhe dil ki duniyaa jalaa di	0	0
teri adaaye tera hi jalwa	0	0
ah ha hah hahaa ah ha hah hahaa	0	0
bahut qarib se maine tumhe pukara hai	0	0
raat din har ghadi ek sawaal, ek sawaal	0	0
mujhko jamana	0	0
jab andhera hota hai aadhi rat ke bad 	0	0
jharno ke sath bahte hai	0	0
chand tare meri raho me bichhe jate hai	0	0
ke ik ho jaye ham, ke ik ho jaye ham	0	0
anjaam khuda jaane	0	0
kurbani kurbani kurbani, allah ko pyari hai kurbani	0	0
kareeb-e-aashana, itane kareeb ho 	0	0
mujhe dekh kar aapka muskurana 	0	0
he gurudev ye main kya dekh rahi hun 	0	0
meri umar ke naujawano la la la la la la la la	0	0
phaulad se bana hai, har naujavan hamara	0	0
bhukhe ki bhuk mittao, duniya me naam kamao	0	0
gardan hai ek jhuki hui daali gulab ki	0	0
sunaa sunaa hai jahaa, ab jaaun mai kahaan	0	0
wo hath mera tham le, to kya bat hai	0	0
bichhad ke ek pal bhi jiye	0	0
tum yad bahut aate ho tum yad bahut aate ho	0	0
ke ban jaye koyee afasana dil ka	0	0
o dekho gori ham tum chale hai haste gaate	0	0
na phir tu ji sakega aur na tujhko maut aayegi	0	0
janamo ke mit hai	0	0
kar haye sayiya ghat re 	0	0
phul mile ya angare, sach ki raho pe chalta chal	0	0
kahe kisko tu mera	0	0
ye raaz koyi raahi samajha hai na jaana hai	0	0
pal do pal ka mela hai aao 	0	0
ho tujhpe hai qurban meri jaan mera dil mera iman	0	0
kahee daka, kahee phaka, kahee thokar, kahee thes) - (2)	0	0
meraa na koi jahan meraa na koi jahan	0	0
too meraa milna samjh lena ik sapna tha	0	0
rahane ko ghar nahi hai, sara jahan hamara	0	0
tere baiya ke jhule me saiya baabi jhul jaaye	0	0
mujhko apni baaho me sone do	0	0
pyar chahiye ke paisa chahiye	0	0
jag me rah jayege, pyare tere bol	0	0
kaisi uljhan hai, kyo ye uljhan hai	0	0
dhadakan tumare dilaki, ulajhi hamaari lat me	0	0
me kaha rahunga o bolo kaha rahuga 	0	0
ye muskil hai mera dil hai, nahi koi khilona	0	0
pyar ke rang mein rang jayenge sab apne begane	0	0
o ho	0	0
muhabbat ki daasta aaj suno ye muhabbat ki dasta suno	0	0
bhulne vaale koi jiye to kaise jiye	0	0
teri meri prit hain, prit hain, prit apni reet hai	0	0
jo meri tarah jeeya karte hain kab marte hain	0	0
sikhaao ji	0	0
mera habib tu hai, mera nasib tu hai	0	0
koi bulbul hai koi titli koi shola hai koi bijli hai	0	0
chhodo rahane bhi do ye jhuuthe afasaane	0	0
you idiot, mai nahi tu hai idiot baby	0	0
o ek chaman se dekho aaj bahaar ki shaadi hai	0	0
ooei ooei sapno ki barate ho	0	0
badhiya ho ya ghatiya 	0	0
fir jaye jo uss par kabhi laut ke naa aaye	0	0
hiro se, hiro se jokar ban jaana padta hai, e bhaai	0	0
mujhe maar kar besharam kha gaya 	0	0
ro kar dikhaungi tumko manaungi	0	0
hari om, hari om, hari om 	0	0
nain aadhe khile honth aadhe mile	0	0
o gaanv me do premi rahte hai	0	0
hamane to bichhadte dekhe kitno ke pyare	0	0
wahi mila aaj yaka yak achanak 	0	0
mujhe mar dalega bas ye gum	0	0
kasam se kisi ko nahi mai janati acha	0	0
aur phir jaise hi zara sa usko chhuan toh 	0	0
tumhi mere mandir, tumhi meri puja 	0	0
amma teri jannat me hai aur jel me abba	0	0
chandi ki	0	0
ke teri meri ke teri meri nahin nibhni	0	0
mere dil ki rani mere nawabo ki rani	0	0
surat bhee kya khubasurat hai meree	0	0
chauthi ye khuda ki khudaai maar gayi 	0	0
pahale pahale pyar ki, mulakate yad hai	0	0
are yu hi jara muskara ke kahungi anadi sajana 	0	0
tere kvaabo me kahi meraa guzar hai ke nahi	0	0
tum kya jaano ke bhatakata phira	0	0
zamaane se koyi shikaayat na hoti	0	0
jiske karan sab kuch choda usne mere dil ko toda	0	0
ager ghughat utha du, to mai aankh lada du	0	0
bas chup hi rahna, ab phir na kahna	0	0
vahaan tak jahaan aasama jhuk rahaa	0	0
tab se soti hu jaagati hu leke uska nam	0	0
tere pyaar kaa aasaraa chaahataa hu	0	0
koi roke na mujhe, mai chali mai chali	0	0
apas me takarana kaisa gao milakar sath mere	0	0
lut ke dil ko mere kyu andher kare	0	0
jaha ham aake pahunche	0	0
jaane kab barsat ho, jaane kab baarat ho	0	0
pyaar se kuchh bhi gahraa nahi	0	0
are aankho me basalo surme kaa kya kam hai	0	0
aayega re ud ke mera hans paradesi	0	0
nayaa koi gul khilaayegi	0	0
tadaptaa huaa jab koyi chhod  de	0	0
aa aa aa aa aa - (2)	0	0
husn hai aur shabaab hai zindagi qaamayaab hai	0	0
udti chidiya pinjre me band kar li	0	0
husn walo ke muqabil kabhi aaya na karo	0	0
dil bole boom boom, aa boom boom	0	0
tujhe dekhke kehta hai meraa mann	0	0
shadi kaa irada hai, shadi kaa irada hai	0	0
ui ma thoda to duniya se dar le	0	0
dono: rimajhim sitaaro kaasaavan hogaa	0	0
to kibla maaro mantar dainty ban kar niklo waqt-e-shaam	0	0
kal tumse juda ho jaunga wo aaj tumhara hisa hu	0	0
muskura muskura in raho me dil duba dil duba 	0	0
kahan chale ji zara hal suno kisi dilavale ka saval suno	0	0
bada sharmilaa dilabar hai, chala jaye na sharama kar	0	0
na phulo ki tamanna hai na chahat hai sitaro ki	0	0
tarah-tarah naach kar dikhana yaha padta hai	0	0
mere do nayan, chor nahi sajan, tumase hi khoya hoga kahi tumhara man	0	0
aaye vo na aaye 	0	0
chal chameli chameli baag me panchhi dikhaunga	0	0
kismat se jo huwa hai us didar ke sadke	0	0
hansataa huaa nuraani cheharaa 	0	0
	tu hai to har	0	0
kabhee dal idhar bhee phera	0	0
rahega amar taj haradam yaha	0	0
dard se tere, koi na tadpa, aankh kisi ki na royi	0	0
roj aate nahi din aise mastane 	0	0
jiyo to aise jiyo jaise sab tumhara hai	0	0
jahaa me hamari kahaani rahe	0	0
mai kaun hu	0	0
dhundhati hai kafir ankhe kisaka nisha	0	0
aisi koi murat kya hogi	0	0
bahut raat biti chalo mai sula du	0	0
to ye subah ye sham rahe naa rahe	0	0
aayi aayi aayi aayi teri yad aayi	0	0
hoga masiha ...	0	0
saanso ki dor se piya mala ka kaam du	0	0
tere haatho me pehna ke chudiya 	0	0
aaj main aazad hu duniya ki chaman me	0	0
hote hain chhote dil ke lambi zubaan vaale	0	0
aayi mai tere dvar liye man ka sansar	0	0
khud piya dekho tum haal mere, tumse main kya kahu	0	0
bin taale ki chabhi lekar phirte maare-maare	0	0
are, hatho me mere tu apana hatha dharana	0	0
mai mura tho saath saath raha murgayi	0	0
naino vaali ne, haay mera dil luta 	0	0
kyunki meri lottery lag jaane e waali hai	0	0
jo ye kehta hai dil wo kehna hai mushkil	0	0
ye gana hai na bajana hai	0	0
gore gale me woh muffler tha kis hasin kaa	0	0
main saanson ke har taar mein chhup rahaa hoon	0	0
sajana sajana sajana ho rama ho rama	0	0
qadarat-e-mai se tere chehare pe nur aajaaye	0	0
mohabbat ki jhuthi kahani pe roye kahani pe roye	0	0
ek to ye mausam hai bada suhana	0	0
o, zamane se kaho, akele nahi hum	0	0
tanhaai me agar kahi aa jaaye wo nazar kahi	0	0
kaise rahun chup ke maine pi hi kya hai hosh abhi tak hai baaki	0	0
dekha ghata ko josh mein aaye 	0	0
baitha hu jigar ko thame huye 	0	0
naach uthi hai zindgani o meri jaan	0	0
ye tino naam hai mere  	0	0
bachati bachaati, o o	0	0
takdir mujhpe meherban hai jis shaukh ki yeh dastan hai	0	0
payaliya gori kahe machave shor	0	0
parbhu ko kya pahchane	0	0
kal tak ye sab apna tha	0	0
har chot ubhar aayi hai, har zakhm hara hai	0	0
dil ki dhadakan kya hoti hai, pyar kare to jane 	0	0
achhi si kahani koi humko sunao	0	0
aah aah aaja, aa e e aaja 	0	0
chal baith ja, baith gayi, ab khadi ho ja, khadi ho gayi	0	0
bhulaa huaa hai raahi, tu raastaa dikhaa jaa	0	0
dekho na sadiyo se tera mera tha intjar	0	0
are aaika ho aaika	0	0
diye kee tarah se naa hum ko jalaao	0	0
wahan pe milega mera rajkumar	0	0
phul bhi ho darmiyaa to faasale hue	0	0
kal tak mere dil ke liye ye ishq ek raaz tha	0	0
jisaki biwi gori uska bhi bara nam hai, jisaki biwi gori	0	0
hari-bhari in khetiyo ki raam kare rakhvaali	0	0
pattharon ko bhi vafa phul bana sakati hai	0	0
taro me saj ke, apne suraj se, 	0	0
dil insaf ka ek tarazu ye insaf ko tole	0	0
jane nahi paye, mere karuna nidhan	0	0
aramano ke, khule dariche aaja zara simatake	0	0
suraj ki zarurat kya hogi	0	0
chhedati hai ye hawa to kya hua	0	0
aisa kyu kartayi julm kyu dha tayi, kya nakhre dikha tayi	0	0
jisko dekhe dekhe hi jaye	0	0
shyaam ne bansi bajayi aaa aaa	0	0
hamsafar, hamraaz ho	0	0
hame yad rakhna	0	0
mai to ek mahine se 	0	0
oo jhuthi phan le pyar ki ye anguthi ho	0	0
sab se teri bate tere bad karenge, tujhe yad karenge	0	0
kitne bhi tu kar le sitam hans hans ke sahenge hum 	0	0
hote kahin hum aur tum, khwabo ki rangin vadi me gum 	0	0
yug-yug se mai bahati aayi neel gagan ke niche 	0	0
liye sapane nigaho me, chala hun teri raho me	0	0
ke duniya me kuchh karna ho to mano meri baat	0	0
na meri bat talo na meri bat talo	0	0
sab milake naacho gaao, chhutti hai mauj manaao	0	0
mai tulsi tere aangan ki mai tulsi	0	0
topi isako mat kaho ji sar pe taaj hai	0	0
hum tum jag me jeevan saathi bankar	0	0
nach raha nar ho kar nanga 	0	0
dede bas ek bacha dede o dont be see shut up	0	0
mohabbat ki kasam mohabbat ki kasam	0	0
sun jaa karun bainaa jab mile chainaa 	0	0
gora rang na kisi ka hoye	0	0
mai peeke nahi aaya mai peeke nahi aaya	0	0
pehali mulakat ki toba wo pehali najar	0	0
mera badan pighla sona, jaan bhi jaaye khabar ho na	0	0
masha allah kehna to maana ban gaya bigda jamana	0	0
pi kar phir aaram se jani jug jug ji lena	0	0
mai ek raaja hu, tu ek rani hai	0	0
tu jo kahe jivan bhar, tere liye mai gaaun,	0	0
chain nahi baahar, chain nahi ghar me	0	0
hum to chale pardes, hum pardesi ho gaye	0	0
to kal se main tauba kar lu haay kar lu	0	0
ho, tum se achchha kaun hai, dil lo jigar lo jaan lo	0	0
udata havaao me, badal ke chhanv me	0	0
koyi nahi apna kaisi ghadi hai	0	0
ye khidki	0	0
duniya ki har chiz usi ki sholon pe jo khele	0	0
duriyaan ab kaisi, are shaam jaa rahi hai	0	0
tere gharwaale na kar de inkaar	0	0
hone ko kuch bhi hota par, ye sundar sansar na hota	0	0
mai shaayar to nahi	0	0
sikh liya hai pyar me hamane, mitakar zinda rahana	0	0
ye jindagi to khawab hai jina bhi hai nasha	0	0
kuchh yad reh jate hain kuchh yad reh jate hain	0	0
chhalakaae jaam	0	0
maiya kanhaiya ho maiya kanhaiya	0	0
ye miti ka khilona hai	0	0
maama maama maama maama	0	0
gaddi turadiye te tur jaaye	0	0
jisaka dar tha bedardi wahi bat ho gai	0	0
tumape kaise nazar koi dale	0	0
dhim ta na na na dir dir taanum	0	0
vahi raah mujhako dikhayi gayi hai	0	0
chhaliya anjaana, pagla kahi kaa	0	0
dhire dhire machal aye dil-e-bekrar, koi aata hai	0	0
madhuban me radhika madhuban me radhika nache re	0	0
jame lale lale motiyan ki latake mala 	0	0
ham pe aalao, ham nibaah laao	0	0
mausam bita jaye, mausam bita jaye	0	0
jagat-narayan ki jay-jay bolo-bolo, nagad-narayan ko chhodo re	0	0
bindas bawari jawani, dil pyase milte hai	0	0
vaqt inasaan pe aisaa bhi kabhi aataa hai	0	0
phir mujhe nargisi aankhon ka sahara de de	0	0
kal meraa intjaar tha tujhako, aaj mai intjaar karatee hoo	0	0
jage jage arma bheega bheega mausam	0	0
rakhati hai kab se chhupa chhupa ke, kya	0	0
koi aaya koi aaya aane bhi de	0	0
inhi logo ne inhi logo ne inhi logo ne 	0	0
mere is shaam ka hai savera nahi 	0	0
mai tulsi tere aangan ki, mai tulsi	0	0
harjaayi hogaa	0	0
tujhe itna hi kahta hu ki mujhko tumse pyaar hai 	0	0
kahi meri najar na lage chasme badhhu	0	0
rok rahi hai raahe meri nainaa tikhe tikhe	0	0
dekho idhar hum yahi hai, humsa kaun hai	0	0
hai zara si baat aur chhalke hai pyaale	0	0
tu jal{}di se haan kara de 	0	0
tere bina meri	0	0
aahaahaa  tum bhi dil deke ye gaana sikho ji, kya	0	0
mat bhul mere dar se tu gaya tha janab	0	0
subah ka sathi chhut na jaye	0	0
laut ke ana hai yahi tumako	0	0
pyar kiya koi chori nahi ki chhup chhup ahe bharana kya	0	0
tu agar mere raste se hat jayega	0	0
pyaar bhee khoyaa maine, sab kuchh haar ke	0	0
main hun sanam teri tujhko kasam meri	0	0
ab tak ho jati teri sadi, tera ghunghta uthata	0	0
ke chaand bairee chhip jaane de	0	0
kahi phulo ke mausam me	0	0
pyaar ke albele yah hamasafar	0	0
naino vali ne, haay mera dil luta	0	0
o badi der bhai nandalala teri rah take brajabala	0	0
jane kaun ghadi me pad gaya padhe-likho se pala	0	0
yaari hai meri imaan mera yaar meri zindagi 	0	0
pal-pal manavaa roe chhalake naino ki gagariyaa	0	0
aur nambar das das aur nambar das das	0	0
isilie to kaha hai ki, to daulataram ka 	0	0
tu kadam rakhe jaha par, dil mera jhuke waha par	0	0
ek baras tak ho jayega marna bhi duswar	0	0
ho rakkasa mera naam ae sahib sabko salam	0	0
shaam hi se prem dipak, mai jalaaun	0	0
ke pag pag dip jalaye, meri dosti mera pyar	0	0
dil ko dil, badan ko badan 	0	0
are premapujaari devaanandam, rupapujaari aayi is jauharam	0	0
pyaar mila hamen yaar mila, ek naya sansaar mila - (2)	0	0
sach ke gale me padi mala, jhutho ka to munh hua kala	0	0
aasamaa par ye kadam jhum ke rakhanaa chaahaa	0	0
kisi nazanina ko isme basa de 	0	0
bees baras tak sath me rahkar 	0	0
ab aaye ho ab na aate to hum jaan se jate	0	0
ek hame aankh ki ladaai maar gayi 	0	0
hoy, mera salam le ja, dil ka payam le ja	0	0
kisi ne pure kiye aaj pyar ke waade	0	0
lakhon pahare lagaye	0	0
kahe ka jhagda baalam, nai nai prit re	0	0
dil lene vaalo, dil dena sikho ji	0	0
gapochi gapochi gum gum	0	0
kisko pata ab is nagri me kab ho tera aana	0	0
aasmaan pe aaj dekho saat rang chhaaye	0	0
dakkhin ja kar, dakkhin ja kar sikha maine 	0	0
dekhti rah gayi main toh jiya tera ho gaya	0	0
nazar ban gayi hai zubaan pyaar me	0	0
mere dil me kasak si hoti hai tere rah se jab mai guzarati hun 	0	0
laut ke aa laut ke aa laut ke aa 	0	0
dhire se god me fir aayi ek ladki	0	0
main shokh kali hu kuku, chanchal titli hu kuku	0	0
nach meri jan ae fata fat	0	0
badale duniyaa saari, tum na badalanaa	0	0
aag hai lagi huyi	0	0
aap munh maangi dua ham anasuni fariyaad hai	0	0
aayi jivan ki shaam	0	0
o chaliye ko chalane wali, phul khila to tuti daali	0	0
chahe koyee mujhe junglee kahe	0	0
mera dil hai teri mehfil zara dekh le aa kar parvane	0	0
jane kis birahan ka man tarasa ke pani barasa	0	0
tum jo pakad lo haath meraa, duniyaa badal sakataa hun mai	0	0
dekh ke tarse laakh yeh bhawre, aur inhe tarsaaungi	0	0
chhinkar naino se kajal na ja re na ja roko koi	0	0
kabhi-kabhi to pulis ko ulte dikhlau hathkadi	0	0
khil khil gayi yeh dil ki kali	0	0
mai rishte jodu dil ke mujhe hi manzil pe	0	0
tere bina zindagi bhi lekin, zindagi to nahi	0	0
kahe luk chhup ke khel me chhede tu prem ki batiya	0	0
purava_iyaa ke aage, chale naa koi zor	0	0
aaja re pardesi, mai to kab se khadi is paar	0	0
jag ujiyara chhaye man ka andhera jaye 	0	0
chalo sajanaa jahaan tak ghataa chale	0	0
do naino ki palki mere pyare dulha ki	0	0
chale hi jana hai najar chura ke yu	0	0
banarasi babu ham hai banarasi babu	0	0
ye andhi aur barasat me garibo ki suno	0	0
socha hai ek din mai usase milake	0	0
ye rang-o-bu ke	0	0
teri mast najar kaa jawab nahi 	0	0
hamaari thodi si bevafaai 	0	0
ek baar waqt se lamha gira kahi	0	0
tere milne se dhadkan ne angdaayi li	0	0
tote se boli maina bujurgon ka hai, kahana pyare sach hai na bol 	0	0
ham kaa koi bataa_i de	0	0
main ne diya hai tum ko mohabbat ka waasta	0	0
bahut milte julte, hai in vaadiyo se 	0	0
hazaro mil lambe raste tujhko bulate	0	0
tu ne na jana mai hu divana	0	0
anchal hawao ne joda saraka diya	0	0
sun champa sun tara koi jita koi hara	0	0
tumhe jisne bhi dekha hai judayi sah nahi sakta	0	0
		0	0
rote huye aate hain sab  hasataa huaa jo jaayegaa	0	0
apne hi khyaalo kaa saya	0	0
aa aa aa aa, aa aa aa aa	0	0
ho ho khoya khoya chand ho ho ho ho ho ho	0	0
shabab pe mai zara si sharab phaikunga	0	0
tumko nach nacha dungi kasam se mai gin gin lungi badla	0	0
jiyo to aise jiyo 	0	0
dil me hai tasavir yar ki laya hu vo dikhalane	0	0
na jahir ho tumhari kashmkash ka, raz nazro se	0	0
sasar me bas laj hi nari ka dharm hai	0	0
sawan ki ghata barsaye khushi ab gum kya hai gum kya hai	0	0
duniya me mardo ki aadat buri	0	0
taine pal me hay taine pal me bhasam kar dari	0	0
haay dayyaa kisako dansegaa ye sama	0	0
yaari mein yaaro gham nahi	0	0
shadi ke liye rajamand kar li, 	0	0
abhi se hal hua hai muskil ho gaya jina	0	0
gulabi dekho gaal gulabi	0	0
kadchha hai na khamcha hai	0	0
lambe isake hath sahi taakat isake sath sahi	0	0
yeh mat bhulo aise hi divano ke	0	0
mast hawa ne baat koi	0	0
haseen jawaan aur dilkash nazaare le aau	0	0
aur insaan yah - maal jis ka khaata hai	0	0
mud jaayegi meri kalayi haath na pakdo, ham pakadege	0	0
kaha hai mere pyar ki manji	0	0
kahan tang fansai, mai to suli pe chadh gaya hay hay	0	0
hansegi hansegi hansegi meri pyari	0	0
dekho na, tere mere milan ki ye raina	0	0
apno se nata jodega gairo ke sar ko phodega	0	0
bade zor se tufaan, aayaa bharataa udaan	0	0
itane bade jahan me, koyee toh mit hoga	0	0
jab ji chaha masla kuchla, jab ji chaha dutkar diya 	0	0
banu rakhavala, kara de, mere havale tu	0	0
ki zindagi ki ghutan zindagi ki qatil hai	0	0
apnon se yoon bichde hain jo	0	0
naache har mod pe jawani 	0	0
are lafda na karo, kabhi jhagda naa karo kabhi	0	0
papa se mai bolungi mammi ko ghar le aaye	0	0
mai wo gul hu jo na khila kabhi	0	0
naina barse rimjhim rimjhim, piya tore aavan ki aas	0	0
nirbal se ladaai balavaan ki	0	0
aur? aur tum aur? aur tum	0	0
main surki ka rang ban ke 	0	0
khoyi hui kya rahat milegi	0	0
mai kaun hu mai kaha hu mujhe ye hosh nahi	0	0
ho humse sanam kya parda	0	0
jara hat key jara bach key, yeh hai bombay meree jan	0	0
maine kya zurm kiya, ap khafa ho baithe 	0	0
vo kaun hai vo kaun hai jo aisi hoti hai	0	0
kahate hai teri shan me jo koi unche bol nahi	0	0
hansti kami, gaate kadam, chalte nazare, chalte jo hum	0	0
hasi hajaro bhi ho khade, magar usi par najar pade 	0	0
chor chor chor, ye nahi hai maalodhar ke	0	0
kaise aaun jamuna ke tir	0	0
tumane chori kar li kaman, kaise maru prit ka ban guiya 	0	0
aapase pehale kahin, hamane dekha hi nahi	0	0
lag jaa gale se, rut hai suhaani	0	0
tere dil se mera dil mil jaye 	0	0
haay jiyra moh liya ho	0	0
shyam ladki shandar hai	0	0
ki tum husn ko pujanaa chaahate ho, bade 	0	0
hotel nahi ho to picture le chalo	0	0
ye mausam ye raat chup hai ye hontho ki baat chup hai 	0	0
dekh ye ghadi phir na aayegi	0	0
waah waah cha cha cha, haan haan cha cha cha	0	0
jitani bhi bildinge thi, setho ne bant li hai	0	0
koi na jaye kunj galin me tujh bin kaliyan chunane ko	0	0
aisi karunga mai divani mastani, o jaani 	0	0
ya rab vo na samajhe hai na samajhenge meri baat	0	0
dil me tufan uthha hain hothho pe nagma, aakho me aansu khushee key	0	0
hoy, mera salaam le ja, dil ka payam le ja	0	0
ek ne jivan sambhala	0	0
aankho me thi khawabo me thi barso se surat teri	0	0
kya karu hotho pe is dil ke fasane aa gaye, ha ha ha ha ha ha	0	0
mitwa mere yar, tujhko bar bar aawaj mai naa dunga	0	0
maashuk tere andar tu tu tu bahar khadela	0	0
jo mere dil me thi wo baat kahi hai tumne	0	0
mujhe ate dekh sadak pe bhag jati na	0	0
na jane dhun kya hai	0	0
dil pe jalta hua ek teer sa chhoda usne	0	0
ik chiz mangte hai hum tumse pahli baar	0	0
ek khushabu si ude	0	0
maut vohi jo duniya dekhe ghut ghut kar yun marana kya	0	0
aisi hi rat bhigi si rat, aisi hi rat bhigi si rat 	0	0
kehta hai joker	0	0
vaqt hai soch le, jaan le, dekh le	0	0
aur koi insaf na manu ho	0	0
aandhi me ek dip jalaya, aur pani me aag lagayi	0	0
ot dariya kinare ik bangalo go pori jayi jo jayi	0	0
pyar jo kiya hain to bhulana na mujhe 	0	0
je ham tum chori se bandhe ek dori se	0	0
copy me likhlo yaaro	0	0
apane hotho me piya tera nam	0	0
mir ki ghazal kahu tujhe mai	0	0
mai sapano ki raani hu mai koi diwaani hu	0	0
tum hi tum ho, tum hi tum ho	0	0
agar mai kahu jo dekha nahi tha woh koyi kwaab	0	0
is manzil par hai milne vale 	0	0
banda hun mai to sidha sada, karata hun tumase mai ye vada	0	0
main danda lekar aaunga 	0	0
yu bhi jaaoge aakhir kaha hoke hamare	0	0
ek saval mai karu ek saval tum karo	0	0
hasino ko salaamee hasino ko salaamee	0	0
pyar se pyar karo ye umr pyar ki hai, ye umr pyar ki hai 	0	0
dulhan banke gori khadhi hai	0	0
dur dur dur koyi mujhko bulaaye, mujhko bulaaye	0	0
bada hasin mere dil ka raazdaar mila	0	0
dil ko jalane vale dil ka karar mangu	0	0
dekhe sara ye jahan fata fatfat 	0	0
kaise rahun chup ki maine pi hi kya hai hosh abhi tak hai baaki	0	0
maayusiyo kaa 	0	0
jane kis dunia se jane kyu aaye ho	0	0
nain mile chain kaha, dil hain wahi tu hain jaha	0	0
main hoon ghoda, ye hai gadi, meri riksha sab se nirali 	0	0
kehte hai ye duniya ke raaste	0	0
ham ham ham ham haa haa haa haa haa	0	0
kyon na dekhu mai barambar ma ki aankho me	0	0
tan kya hai maine man rang liya	0	0
chaar pal mile jo aaj, pyaar me guzaar de	0	0
dekho baate waate kar lo jaldi jaldi	0	0
hazaaro rag ke nazaare ban gae	0	0
ye baalti uthaao dholak isse banaao	0	0
ummmidon par naubaharein hai, jahan taka ye sans baki hai	0	0
ye tere pyaar ki hai jaadugari	0	0
yun chhup na sakega paramatma meri atma ki ye aawaz hai	0	0
o khaike pan banaras vala 	0	0
shahzaade talavaar se khele 	0	0
ho, dil tere naam laayi	0	0
iski baaton mein na aayio 	0	0
kayi kayi baar	0	0
mehefil pe jawaani chhaa gayi, chhaa gayi yaari hai!	0	0
nahi, kabhi nahi	0	0
wo sukhee hai wo sukhee hai	0	0
kahan gaya kaise gaya sab the paresha 	0	0
dil kee tarah se hath mile hain	0	0
na ja na ja	0	0
chal kahi dur nikal jaye, achchha hai sambhal jaye	0	0
mach raha hai daar-daar pachhiyo ka shor	0	0
bol kahu mai khare khare jaati hai kyu pare pare	0	0
ho uss dharti pe maine janam liya, yeh soch	0	0
inhi ki kali kartuto se hua ye mulk mashan 	0	0
tum agar mujhko apna samajhane lago	0	0
hai vafaa kyaa,  is jahaan ko	0	0
haay chhede jo julfe teree uss shokh hawa ko rukva du	0	0
aankho ki roshni hardam ye samjhaye	0	0
chup chup chup kyu baithi ho 	0	0
meri duniya me na purab hain na paschim koi	0	0
kahi khud ki najar na lage chasme badhhu	0	0
baith ja khadi ho ja	0	0
aaj hain sunee sunee, dil kee ye galiyaan	0	0
aap manaane ko lo jaati hai	0	0
aisa apna pyar	0	0
kya karne hai ghode hathi kya karne hai barati	0	0
o bandhu re hasate hasate bite har ghadi har pal	0	0
soorat buri ho bura nahi dil mera	0	0
kuchh chaahat kaa asar kuchh mausam kaa asar	0	0
tumhare liye har qasam tod dalu	0	0
zulfo ki ghataa phir na chhaayegi	0	0
tum sar se lekar panv talak lagti ho mujhe raat 	0	0
duniya hanse hansti rahe	0	0
tumhare sath bhi, gujri hui rato ke saye hai	0	0
mujhe kehne de kehne de tujhe meri kasam	0	0
dharati pe bahana rani panv na dharegi	0	0
attention	0	0
ha ha thodi der me tera dulhe raja aayega	0	0
mai tarasataa rahun tum gair ki baaho me raho	0	0
gi: ab na vo zor hai, ab na vo shor hai	0	0
tujhape meri nazar hai, mujhase tu bekabar hai	0	0
pyar to nibhaoge, nibhaungaa hmm	0	0
prit bhare man ki ye duniya haye na jane pir	0	0
yeah yeh din toh aata hai ek din jawani me	0	0
premapaheli puchho aiji kuchh bhi puchho	0	0
dhire dhire bol koyi sun na le, sun na le koyi sun na le	0	0
o hare kheto me gaaye koi lahara 	0	0
o tumko mujhse pyaar hai 	0	0
hath na lagayenge hath na lagayenge 	0	0
ab tak to sab ne thukaraya koi to pas bithayega	0	0
ham us desh ke vasi hai jis desh me ganga bahti hai 	0	0
dhup ka mukh pe dale sunhara sa aanchal	0	0
mai chali mai chali	0	0
ta qayaamat    (2)	0	0
na jaane kaise pal me badal jaate hain	0	0
is tarah taaj kaa jagamagaya nisha	0	0
pahle janami hai jahaan pe kalaa 	0	0
maine ha maine macha diya shor	0	0
har jagah shabab tera dhundha	0	0
tu jaye jaha saiya main saath tere ho lu	0	0
jaam kab humne peeya	0	0
ibtedaye ishk me ham sari rat jage	0	0
ke nayi nayi mulaakaat hai	0	0
tu pyaar ka saagar hai, tu pyaar ka saagar hai	0	0
yaar ki gunje sada	0	0
aankh jhuki jaaye saans ruki jaaye	0	0
mein hoon kaun, mein hoon kaun	0	0
phir na kabhi kahana dil todane vali bat	0	0
haay aise naa aanhe bharaa kijiye	0	0
pyar karam pyar dua, pyar sitam pyar vafa 	0	0
kuch samjha aur kuch samajh na paya, dil wale ka dil bhar aaya	0	0
hasina kya chaahe hamse suno	0	0
dil duba oh mehbuba ae mehbuba	0	0
ye waqt ki hera feri hai ye wakt ki hera feri hai	0	0
firti hai toli koi samjhe na boli	0	0
chaudahavi ka chaand ho	0	0
main to mar jaaunga lekar naam tera 	0	0
mere dil me kasak si hoti hai, mere dil me	0	0
mai pal do pal ka shayar hu	0	0
jis dharati ka mai beta hu, us ke mausam char	0	0
yahi to hai sanam pyar ka thikana	0	0
aji do pal ruk jaana ke hansega ye zamaana	0	0
vardi uski badi nirali kabhi nazar na aane wali 	0	0
pata hai tumko raaz kya hai mere is suroor ka	0	0
jaan ki kasam sach kehte hai hum 	0	0
dil jo lagaya chain na paya, sare jaha ka iljam uthaya	0	0
mujhe dekh kar aapka muskurana	0	0
sikho kartab naye-naye fashion ke dhang naye-naye	0	0
kahe lagaya bairi ankhiyo me kajra 	0	0
apana to ye dil bhi hai divana	0	0
aangan me utari hai chandani rate	0	0
saari umar tune yu hi gujari saari umar tune yu hi gujari	0	0
hamari khushamad pe majabur kyon ho	0	0
rahun judaa ye majaal kahaan	0	0
mai boli naa naa naa baba, naa kar joraa-jori	0	0
aate rahe hain aate rahenge	0	0
nis din sapno me dekha karta hu	0	0
umarr me kya rakha hai pyare	0	0
haiya o ganga maiya, haiya o ganga maiya  	0	0
tum bhi hasi rut bhi hasi	0	0
ye daulat chhod  di maine	0	0
ghar se nikal ke, raste pe chal ke	0	0
niche se upar ko, upar se niche ko aana-jaana padta hai 	0	0
rahi no vo kal vali duniya	0	0
diwane hai diwano ko na ghar chahiye na dar chahiye	0	0
buri ghadi me kyo har koi dekh ke bhi qataraye	0	0
aaj kal phool bhi dilwale hua karte hai	0	0
dhila-dhaala libaas kyu, resham pahno kapaas kyu	0	0
man me jhum kahunga main 	0	0
sukh me duba, tan man us ka	0	0
chunari gote me rupahali gote me	0	0
kaha hai sara maal, kaha hai sara maal	0	0
do divane shahar me, rat me aur dopahar me	0	0
magar yeh diwana jane dil ka fasana	0	0
julf hai ke raat ki kahani	0	0
bikhar gaye bachpan ke sapne, armaao ki shaam dhale	0	0
aj vo apane sukh ki khatir, ho gai ik begane ki	0	0
rail ki patri par so jaayen mil jaaye chhutkaara	0	0
baat todi bhi nahi tumane nibhaai bhi nahi	0	0
ganje sir vale hote hai paise vale hote hai paise vale	0	0
prem hai nam prabhu ka bada hi pavan	0	0
chota piye to kya hai kharabi	0	0
kahi inka ye sath na chhut jaye	0	0
dard anokhe haye, de gayaa pyaar ke	0	0
oye gore-gore gaal gaal pe uljhe uljhe baal 	0	0
tum bhi dekho bachkar rehna chakkar me na aana, ichak dana	0	0
nashili hai rat hatho me hath	0	0
joh hai nam wala	0	0
tune kisi ko chhod a hai, tujhe bhi koi chhod ega	0	0
saree duniya yeh dekh-dekh jali re	0	0
dekhiye tamasa dayia, sare aankhe marte 	0	0
dekhkar jo mujhe, phool sa khil gaya	0	0
bhuli thi mai, haay kya thi khabar lutegi yun mujhe unaki nazar	0	0
dard ab jaa ke uthaa chot lage der hui	0	0
silayi shandar nahi yaar	0	0
neet sanjh savere milate hai unhe dekh ke taare khilate hai 	0	0
dil ka bhanvra tum par nisaar	0	0
raat kaali naagan si hui hai java	0	0
aahon se ishq mein lete hain, aashiq zubaan ka kaam	0	0
ada se tairte phirte hai ham to dharo par	0	0
o hamaka bhi sang liye jana piya jab jana bidesava re 	0	0
haal kaisa hai janab ka kya khayal hai aap ka 	0	0
ek to balam teri yad jalaye duje chanda aag lagaye 	0	0
hota hai pyar kaisa kahte hai pyar kisko	0	0
raat hone par kamal ki pankhudi me band tha	0	0
duniya-e-husn-o-ishq ka tum hi shabab ho	0	0
naye hai nazare, naye hai ishare	0	0
haryali or rasta	0	0
darzi ki biwi na banana kabhi, na banana kabhi	0	0
bit jayegi yuhi sari umariya mori	0	0
sur aadha hai shyaam ne saadha	0	0
tu masiha muhabbat ke maro ka hai	0	0
tum pari toh jarur ho, par badi mashahur ho	0	0
ye awaz lagayi ke aaja teri yaad aayi	0	0
dil ka sitar hai, nagma hai pyar hai	0	0
kitna sataaya paale uska hisaab do	0	0
vaadaa teraa vaadaa, vaadaa teraa vaadaa - (2)	0	0
kuchh le ke jaayege, kuchh de ke jaayege	0	0
khudaya khudya mohabbat ki baat chalti hai 	0	0
ik desh ko lut ke khata hai, ik desh pe jaan lutata hai, ho ho	0	0
are kaahe ko tu phire akela, dekh zara maujo ka mela	0	0
muddat se hum tarse sanam	0	0
do salone vachan	0	0
chali hawa udi ghata lambi zulfonwaalon ki	0	0
ik duje ke ho jae ham khatm na ho din-rate	0	0
ek ne tujhko janm diya 	0	0
hay jisne mujhe banaya hai	0	0
mere unn bina kaha uska chand nam hota	0	0
haay ho gai haathaapaayi	0	0
bhataki hui hai naiyaa saahil ise dikhaa de	0	0
bachche man ke sachche 	0	0
dhadkan ka bandhan to dhadkan se hai	0	0
jisake lahu se aur bhi chamakaa rag tumhaare lab kaa	0	0
gar koyi mel ho sake aankho ka khel ho sake	0	0
o mere mitava 	0	0
maine dekha, maine dekha ,maine dekha 	0	0
shaukh najar kaa tir tune mara dil huwa ghayal	0	0
kasme na uthhaaye zamaana	0	0
gaanv me mele me, raah me akele me	0	0
be par ke udte hai ye bal in ke dekho	0	0
rok naa meri raaho ko	0	0
magar rote rote hansi aa gayi hai	0	0
jiyo to aise jiyo	0	0
mohabbat hai kya chiz	0	0
phul aise bhi hai jo khile hi nahi	0	0
mera naam raju gharana anam bahti hai ganga jahaan mera dhaam	0	0
ye buri hai mardo ki chal	0	0
mai chandan mai chandan mai chandan hubahu hu	0	0
shadi se pehle karti hai aksar prem kuwariya	0	0
abhi to hamko mile hue hua na ek mahina	0	0
kahi ye tara tut na jaye	0	0
parde ke pichhe baithi sawal gori	0	0
dil mera ek asa ka panchhi	0	0
o mere mitava	0	0
badi lambi hai zami, milenge laakh hasi	0	0
yahan to har chiz bikti hai	0	0
dekho mai gali dungi	0	0
wo jispe karam kar de woh saahida kismat hai	0	0
yaahu ki yaahu burrr	0	0
dono mai koi pyaasa raha to dono ki 	0	0
kuchh khwab bhul jate hain	0	0
husn wale tera jawab nahi	0	0
jungal me more nacha kisne dekha	0	0
dont stop let the whole world know  	0	0
dil ki baate dilwaale nazron se hi pehchaante 	0	0
gauri shandar hai	0	0
chaye kuch karle jamana	0	0
nahi nahi yeh jindgi toh mehnato kaa nam hai 	0	0
gam ko hamane git bana kar is duniya ka dil bahalaya	0	0
o jiya o, jiya o jiya kuchh bol do, are o dil ka parda khol do	0	0
nach ke badale kamar nachana 	0	0
chaudahavi ka chaand ho ya aafatab ho	0	0
mohabbat kaa ab kuchh bhi anjam ho	0	0
thik tum char baje ghar chale aana	0	0
kabhi dekho man nahi jaage	0	0
lo zara apni khabar bhi	0	0
aaa aaa	0	0
ta thaiya ta ta thaiya, dekho jhum ke nach uthi hai	0	0
ab dil ke bachaneki, ummid kam hai	0	0
chand ke mathe dag hai phir bhi chand ko laj na aaye	0	0
yu hi sada ham tum, baithe rahe gumsum	0	0
koi kaam nahi hai jyada, le ke jaana adha adha	0	0
mangta hai to aaja rasiya nahi to mai ye chali	0	0
dil sulagne lagaa ashq bahne lage	0	0
come on mister, ye pakado brother 	0	0
khade khidaki pe  e e e e e e	0	0
rivaazo ko tum todanaa chaahate ho, bade 	0	0
ke tak tak nain thak gaye	0	0
pehanungi me tere hatho se kangna 	0	0
pyar ka pahla, darpan dekha	0	0
baata nahi karte ham haidaraabaadi	0	0
do din ke liye koi iqaraar kar le jhuthaa hi sahi	0	0
dekhenge dekha hai, jadu kya aaisa hai	0	0
tuu mahke jaise raat ki rani	0	0
mai naachu tum naacho jitani tum pyar se jiyoge 	0	0
mujhe na hath lagao ke mar chuka hu mai	0	0
ankhiya mila na hamse chaliya sambhal ke	0	0
ye tab ki baat hai jab kisi se pyaar na tha	0	0
cham chama cham cham chama cham hai ha aa ha aa	0	0
ye pyar na hoga kam sanam teri kasam	0	0
chupke chupke rat din ansu bahana yad hai 	0	0
kathputali ka khel ye duniya, sajan hai us paar	0	0
tune dekha hui khil ke bahar	0	0
jhutha, bolun na, bolun na, bolun, bolun re	0	0
phulega ek phul khilega pyaar hamara	0	0
hai wallah jawaab tumhaara nahee hai	0	0
hansi khushi ka chhedo tarana	0	0
thahariye, to sahi, kahiye kya nam hai	0	0
dil lena khel hai...  	0	0
tune dekha na hoga ye sama, tune dekha na hoga ye samma	0	0
aap munh maangi dua ham anasuni fariyaad hai 	0	0
dil lena dena achchha ho pyar hamara hai sachcha	0	0
aakaash me pachhi flaa_ig	0	0
fire hai awara kahi luta kahi mara nahi	0	0
tu kaha gayi thi tera mar jaye sawariya	0	0
jan-e-bahar husn tera bemisal hai	0	0
hai meree yeh najar	0	0
baithe baithe mahfil se hota hai, kaise koi gam 	0	0
jane kya hoga baho me jo aaye haye	0	0
kash mujh par aisa dil aapka bhi aaye	0	0
le le hamko bhi sharan me	0	0
koda jo paisa hai, koda jo qismat hai	0	0
around the world in eight dollars	0	0
in sab ka kya kam waha jaha shyam ne bansi bajai re	0	0
chal chameli baag mein, mewa khayenge	0	0
ye kaise aag hoti hai, pighalati hai ye shama kyo	0	0
vo baat bhi mujhko qubul hai o sanam	0	0
ye tu mera mai teri ye to jane dunia sari	0	0
ye roshnee ke sath kyu dhuan utha chirag se	0	0
mai tere dil me piya	0	0
vo kya hai, ek parbat hai	0	0
ek din mahfil se uth jaoge 	0	0
koyi shokhi pe utar aayi to phir	0	0
karishna kans ka todega 	0	0
oh god mr naidu	0	0
zindagi ko bahut pyar hamane kiya	0	0
toot ke yeh waada reh jaaye	0	0
tere kam ayege pyare tere arama tere sapane 	0	0
koi aaye koi aaye koi aaye koi	0	0
kuhu kuhu gatee koyaliya ko phulo kaa gehna du	0	0
pyar zindagi hai, pyar bandagi hai, bandagi hai 	0	0
darvaje par baithe the sab jab mai pahuncha ghar pe	0	0
chilaman se aa nikal kar, mere hasin dilabar	0	0
barbadi ki taraf aisa moda	0	0
kahee aaj kisise mohabbat naa ho jaaye	0	0
yaad aane se, tere jaane se, jaan ja rahi hai	0	0
jis din se lade tere dar pe pade	0	0
aashiq hu baharo kaa, tere mere sapne 	0	0
aao mama ji idhar suno duniya ki khabar	0	0
dil me tere jo bhi hai mujhko khabar hai	0	0
janeman janeman janeman	0	0
santon ki batein maan bhi le is mein hi bhalayi teri hai	0	0
ghir ke aaya hain tufan aisa	0	0
phul jaise tan ke jalave, ye rang-o-bu ke	0	0
berlin ka badalta chehra aur rome ka rang sunhara	0	0
tune toda hai aisa moda hai ho gayi main nayi 	0	0
mai tulsi tere aangan ki	0	0
abhi tumko meri zaroorat nahin	0	0
ammi ko ai hasi hansake vo kahane lagi 	0	0
koi na aaye yaha ye mazar mera hai	0	0
kitabo me chhapate hai chaahat ke kise	0	0
mardo ke liye har aish ka haq, aurat ke liye jina bhi saza	0	0
magar ye kaun hai, ye ye teri saut hai	0	0
dil ke najdik bajti hai shahnaiya	0	0
bahon mein bahein dale ni nina nina nina nina nina nina	0	0
jannat yahi hai mujhko yakin hai 	0	0
ban gayee kaante meree, khushiyon kee kaliyaan	0	0
mein hoon mein hoon mein hoon kaun	0	0
us chhote se diye kaa bal maapane	0	0
sajake ayenge dulhe raja o	0	0
chhoti si chhokari laalbayi naam hai	0	0
bhawra bada nadan	0	0
aa honey, lets do the up beat	0	0
apane mehaman par ek ehasan kar	0	0
sajna o sajna	0	0
chalti hai kya 	0	0
phool ne kaha tera jaana hai bekaar	0	0
ja ja jawani kabse kabse kabse bula rahi hai	0	0
taane din tandaana tandaana tandaana	0	0
palko pe gum ka badal chane laga hai chane laga hai	0	0
chand sitare tere liye 	0	0
rup ka ras yan hai sara jamana	0	0
aisa hi hota hai jab do dil milte hai 	0	0
phir bhi ye gaa rahi hai, nagme suna rahi hai	0	0
manjur to haath pe haath dharo	0	0
teri aankho ne jaane kya jaadu kiya	0	0
khelen pyar wala khel, leke dil ka khilona	0	0
tu dil ke paas hai itni tujhe apna mai samajhunga	0	0
nahi ya hum nahi hum nahi koi aaye koi	0	0
aa mere hamjoli aa khele aankh michauli aa	0	0
na kuchh tere bas me julie, na kuchh mere bas me	0	0
thokar me hai meri sara zamana	0	0
koi to rakhe re meri aan	0	0
kali raat se jivan ko abb mil gayi ujali chhaya	0	0
kaise karoon main jora jori le gayi re dil mera 	0	0
aag se naataa, naari se rishtaa	0	0
hamne ganv ke panghat pe bhai hamne ganv ke panghat pe 	0	0
teri rab ne bana di jodi teri rab ne	0	0
julfo ko gira lo galo par	0	0
kya hukumat kya samaj 	0	0
ho o o gir jaoongi main mar jaoongi	0	0
dil bhi tumhara hai, kya kahne	0	0
mukhde pe lali hai piya tere pyar ki	0	0
tujhako kyaa batalaau mai	0	0
ki na tujhse bhi inayat hogi 	0	0
mai bhi actor ban jaaun 	0	0
pyaar karane vaale, pyaar karate hai shaan se	0	0
dil ne hamse jo kaha, hamne vaisa hi kiya 	0	0
phoolon ke rang se dil ki kalam se tujhko likhi roz paati	0	0
bijliyan kali ghatao me chhupi hoti hai	0	0
khatre bade hai in raho me ho aaja aaja meri baho me	0	0
mai peeke nahi aaya mai peeke nahi aaya	0	0
julfo ke rismi saye me, sapno ki sej sajaane do	0	0
ruk jaa na jaa dil tod ke	0	0
saal sattara sambhaala ise maine 	0	0
khamoshiyo ki sadaye bula rahi hai tumhe 	0	0
tujhe dekhke kehta hai meraa mann	0	0
koyal boli duniya doli, samajho dil ki boli	0	0
ammi ko uske bina kuchh bhi achchha na lage 	0	0
kya hai karishma, kaisa khilavaad hai	0	0
kya kya baate karte rahte hai wo ab jane	0	0
ham bhi agar bachche hote	0	0
bikhara ke zulfe, jhuk jao mujhape	0	0
sabhi amir bano, garibi dur karo	0	0
phir kyu khali meri gaagar	0	0
tin kanastar pit pit kar 	0	0
teri surat ne ghazab dhaaya hai	0	0
saaranga teri yaad me	0	0
tum tum taram taram tum tum taram taram	0	0
bhagvaan ko lagte pyaare	0	0
pal do pal meri hasti hai pal do pal meri jawani hai	0	0
mann me hai baat kuchh aisi kahate huye sharamaau	0	0
yahin rah jaayenge saare	0	0
hota hai meraa nam tumhare hee nam se	0	0
shariq-e-jindagi hona tera ehsan ho gaya	0	0
dekhte dekhte anjaan bhi ho jaati hai	0	0
jo tu nahi toh, kuchh bhi nahi hain	0	0
sach hai duniyavalo ki ham hai anadi	0	0
ye kaun hai, ye ye meri maut hai	0	0
hoga koyee meraa bhee sathee	0	0
aurat sansaar ki qismat hai, fir bhi taqdir ki heti hai 	0	0
tumhare kayalon me kho jaye, tumhare kayalon me kho jaye	0	0
duniya ki bahare tere liye	0	0
aage ho ghanghor andhera, pichhe koi daaku lutera	0	0
koi lut jata hai koi lut jata hai 	0	0
dil hi diya hain, kisi ka kya liya hain 	0	0
o bangali mera hoja, kahti hain miss pille	0	0
jane ada jane ada jane vafa	0	0
main madrashi chhokri, mujhe tumse pyaram 	0	0
dil machalne laga yuhi dhalne laga	0	0
main hu prem rogi meri dava to karao	0	0
sari umar ko phir rona padta hai	0	0
mujhako vo din na dikhaanaa tumhe apani hi qasam	0	0
ab laut ke jana mushkil hai maine chhod  diya hai jag sara	0	0
main solah baras ki, main satrah baras ka	0	0
hamne aapka dil bahalaya	0	0
ho.. baat pyar ki bahakti 	0	0
preet aur preet ka geet rahe kabhi lut saka na koi ye khazana	0	0
assa hunn tur jaan aaye din reh gaye thode	0	0
umr ka rishta jodne vaale	0	0
ye saja tum bhul na jana 	0	0
yaaro kaa chalan hao ghulaamee dete hain 	0	0
lekin woh juda honewaale 	0	0
are bad mutthi lakh ki aur khule to pyare khak ki	0	0
pichhe pichhe mere aap aatee hai kyon	0	0
mohabbat ka hasil hai diwanagi	0	0
ho to mera naam jaao, samjha	0	0
g o a t goat, goat maane bakri, l i o n lion, lion maane sher	0	0
is ajuman me aapako, is ajuman me aapako	0	0
jhum jab tak dhadakno me jaan hai, jhumna hi zindagi ki shaan hai	0	0
gesuon ka daal dijiye hamape monsoon	0	0
utare na niche	0	0
dhundo dhundo re sajana dhundo re sajana more kan ka bala	0	0
lao wapas dedo ye maal paraya hai	0	0
motee motee aakhiyo me aansu de gaya	0	0
aaj husn ka jalava de-de 	0	0
jal rahi hai ye zamin, jal raha hai aasman	0	0
gi: chalate ho jhum ke, badali hai chal bhi	0	0
gair ke dil ko saraahogi, to mushkil	0	0
shaadiya to nasib se hoti hai	0	0
kabhi to hasaaye, kabhi ye rulaaye	0	0
aur chaand kaa chumma	0	0
aa aa aa aa aa, aa aa aa aa aa	0	0
maine to haay ye bhi na jaana kab din duba kab raat dhali	0	0
karavate badalate rahe saari raat ham 	0	0
mujhe dard rehta hai dil me dard rehta 	0	0
teraa ho rag koi, teraa ho rup koi	0	0
o laali phul ki mehandi lagaa in gore haatho me	0	0
rokti hai meri raahe may ki botal jaisi baahe	0	0
pakde jane se pehale to hum bhaag jaayenge	0	0
tujhe itna satata jina muskil ho jata	0	0
tadap is dil ki thodi si mujhe mere sanam de do	0	0
mera kaha na suno dil ki baat to sun lo 	0	0
hoy hua anokha pyar ho anokha pyar	0	0
aaj adami bana lafanga 	0	0
raat ki rok lo raat ki baat hai	0	0
	0	0
