Song lyrics	Mood	Offensive
tum hasi ho, tumhe sab pyaar hi karate hoge	0	0
kaun rota hai kisi aur ki khatir ai dost	0	0
jhumta mausam mast mahina, chand si gori ek hasina	0	0
utha dheere dheere wo chaand pyara pyara	0	0
khuda ki kasam aaj paise vasul paise vasul	0	0
are kasturi ko khojata phirata hai yeh banjara	0	0
dil pahuncha vahan	0	0
hath jodta hu tere paw padta hu chal mere bhai chal	0	0
pyar me ho jate hai apane dard paraye	0	0
yeh paani rang laayega, yeh paani rang laayega	0	0
jis dil me basa tha pyar tera	0	0
akele hai chale aao jaha ho	0	0
hamne bhi dekho aaj, hans hans ke pahne	0	0
main bhi tumhaari santaan prabhuji 	0	0
haan mera sasura badha paise waala	0	0
husn pe to asar hone waala nahin	0	0
e bhaai, zara dekhke chalo, aage hi nahi pichhe bhi	0	0
dekha na karo tum ayina 	0	0
har tale ki chabi rakhe har chabi ka tala 	0	0
jab tujhe maine dekha tu bhaayi main usi waqt kadmo me aayi	0	0
aur chabhi kho jaaye, aur chabhi kho jaaye	0	0
tere liye rone ko bahut umar padi hai	0	0
mohe panghat haan	0	0
mithi yade sunder sapne 	0	0
haq na paraaya kabhi khaayege, sasur-ji	0	0
darwaza khatkhataayalagta hai koyi aaya, 	0	0
are ha ha, are ha ha, are ha ha, are wah wah	0	0
bhagavan ke pas bhi mata tere pyar ka mol nahi	0	0
lut gayi are lut gayi shrafat sadko pe, aaye kyamat ladko pe	0	0
matwali aankhowale o alabele dilwale	0	0
yeh husn-o-isk ka ye jehan, yeh shokhiya yeh mastiya	0	0
aye come here not here up there in the sky	0	0
aapke kamre me koyi rehta hai, ta ra ra ra	0	0
kahta hi tumse dil ka ye mor, jiwan me ek baar aana singapur	0	0
kahi chataki kali koi mai 	0	0
taarif karu kya uski, jisne tumhe banaya	0	0
haan jaake, baabul se, nazren milaaun kaise,	0	0
yari ho gayi yar sey, lak tunu tunu	0	0
usha ne aanchal phailaya	0	0
mai shaayar to nahi	0	0
manjil meri	0	0
mai to har mod par tujhko dunga sada	0	0
musaafir mai tu mazil hai 	0	0
pehale se hi dil mai bitha lo tum thak jaoge	0	0
itni si chhoti si hoti hai ek chingari	0	0
akele hai chale aao jaha ho 	0	0
sau baar jhilmilaye shama aaftab ki	0	0
duniya me pyar ki ek hai boli	0	0
le baiya tham gori gulabi	0	0
mushkil nahi hai kuchh bhi agar than lijiye	0	0
main jo bolu aisa lutera	0	0
shyam ne bansi bajayi ahahaha	0	0
nind bhi churai tune dil bhi churaya	0	0
do pal ko raahi, are mil jaye bahal jaye	0	0
sabhi se jawani me 	0	0
ye sabaka dil bahalaaye mai inka dil bahalaaun 	0	0
dil ki in bato ko mushkil hai samjhana	0	0
are yaha to koi bhi nahi hai bhai, koi bhi nahi hai	0	0
o maajhi re,  apanaa kinaaraa,  nadiyaa ki dhaaraa hai	0	0
raah me chhod ake saayaa bhi chalaa jaataa hai	0	0
jis husn ke jalwo par dil hamne lutaaya hai	0	0
chiz vo nazuk badi hai tut jati hai	0	0
apne dil me rakh loon tumko duniya se chupaun	0	0
karta hai sabko deewana 	0	0
manzil pe aaye koyi naina milaye koyi	0	0
mere aangan barat leke saajan tu jis raat aayega	0	0
hum intzaar karenge	0	0
aadha jawan re aadha jawan re	0	0
disco diwane disco diwane aahan aahan	0	0
chhodo hato, jaao pakdo na baiya 	0	0
ek divana shahar me	0	0
ghar ho tera ghar ho tera jis nagari me chaahe jo ho tera naam re	0	0
kahi bite na ye raate, kahi bite na ye din 	0	0
chum na le kahi paanv tere, o kheto ki raani	0	0
bhaiya mere	0	0
agaye zaval ye lajo nako, agaye zaval ye lajo nako	0	0
kitna sambhala bairi do naino me kho gaya	0	0
pata puchhti hai sabse tihare gam ka	0	0
mangta hai to, mangta hai to	0	0
aapase pehale kahin, hamane dekha hi nahi	0	0
mujhe sooli chadha do ya sholon pe jala do	0	0
jo badnami ka dar tha to phir pyar kyon kiya	0	0
ganga jal se praan	0	0
kudi shandar hai	0	0
kal kya ho kya jane jane ye tumhari bala	0	0
ghar wale ab hum ko khud lene aayenge	0	0
sar pe khada manjhadhar ho	0	0
o phir bhi mare hamko kode phir bhi mare hamko kode	0	0
dhire-dhire aakhir band kali muskayi	0	0
kaise mujhse nazar milaoge	0	0
nazaro ka fizao ka isharo ka, mai mastana musafir hun	0	0
bade hain dil ke kale ha 	0	0
bebas manjhi chhute jaye patavar ho, haiyya re haiyya	0	0
pilayi hain tumne jo pyase ka shabnam	0	0
chakori, o gori, tu kahaan chali 	0	0
ho~ o~	0	0
inhi andaaz ne maar daala hame na tumhaari khata na hamaari khata	0	0
mere jivan saathi bata, dil kyo dhadke rah rah kar	0	0
jo tune na sunaaye, to dil machale 	0	0
magar jo ek din mai gujri gali me sarkaar ki	0	0
aankh me kajal muh pe pasina	0	0
chaand ka dola saje dhum taaro me mache	0	0
jaise natak me ho raja hota hai, rani hoti hai	0	0
chota sa jivan, lambi judayi	0	0
mukhde se hata do aanchal, ho jaye dur andhere 	0	0
o lete rahiye mausam hai suhaana	0	0
hai to, hai to rukh rangeen ho jaati hai 	0	0
taare ginata mai rahata hun, jagata rahata hun, raato me 	0	0
rishte kabhi toote kahan jo toot jaaye wo rishte nahin	0	0
hari thi man bhari thi, lakh moti jadi thi	0	0
ukhsaar karishma hai raftaar kayaamat hai	0	0
sab jo gaye baag mera buddha bhi chala gaya	0	0
pandit na shehnai re in sab ka kya kam waha 	0	0
itani thi bas khabar,itani thi bas khabar	0	0
aa mohabbat ki basti basayenge hum	0	0
mere mukh par chup ka tala mai aisa faryadi 	0	0
(apana seena taane) - 2	0	0
koi ae kahi se yu pukaro baharo 	0	0
dont be shy you and i mai aur tu	0	0
mat kar ae insan	0	0
tu nahi aur sahi, aur nahi aur sahi	0	0
mai qaafir to nahi	0	0
laga todane ek beri se ber mere saamne aa gaya ek sher 	0	0
na shikwe hain na waade hain	0	0
ilam nahi tha itni jaldi katam fasane ho jayenge 	0	0
mai wo phul hu jo udas ho	0	0
sat dino me ho gaya jaise sat janam ka pyar	0	0
aaj to mujhpe na jane kaisi hai ye bekhudi	0	0
come with me i want to fly	0	0
milega sacha pyar mushkil se	0	0
tu sundarta ki murat hai	0	0
kabhi kabhi ko aavaz dekar mujhko jagaya khwabo ne	0	0
duniyaa ko ho auro ki dhun, hamako to hai saaqi se kaam	0	0
apni kahani	0	0
ek saheli ka miya tha darzi, miya tha darzi, miya tha darzi	0	0
mere dildaar ka baankpan haay baankpan hoy baankpan allah allah	0	0
baithe hai chhupaye huye, ashqo me tera gam	0	0
samay ki bahati dhaar kahati jaati hai pukaar	0	0
meri haalat pe rahe jo tera karam	0	0
aise gumsum tu hai kyu khamoshi tod de	0	0
ruk ja	0	0
mai kya buri aisi janu kya mai pardesi haye haye fir ye dil dhadka 	0	0
dil pe rahta hai aise me kab ikhtiyar, koi aata hai	0	0
tu pi aur ji, tu ji he he, aur pi 	0	0
pita apne balak se bichhud ke sukh se kabhi na so sakta 	0	0
tasveer ho tumhi jannat ke khwab ki	0	0
to vo kya hai, vo sagar hai	0	0
dil tumako hi chaahe to kyaa kijiye	0	0
ho, pile pile pile inke baal hai niraale	0	0
chute mata pita	0	0
o o sharabi  	0	0
tadapu idhar udhar ke mere hosh ud gaye	0	0
jaise mai koi pyasa badal barkha ko dhundata hu	0	0
o ho ho 	0	0
gulshan me gul khilte hai jab sehra me milte hai	0	0
hum bane tum bane ek duje ke liye 	0	0
lagan liye mai pal pal dekhu	0	0
are kuchh darane ki bat nahi	0	0
chalana jivan ki kahaani, rukana maut ki nishaani	0	0
are bate kare jo ishare me wo, chhup si khadi hai us kinare me wo	0	0
aashiyaan bana to aayin ghir ke bijaliyaan	0	0
turn to cha cha cha, du ru sabake saath	0	0
mana apani jagah pe tu bhi qatil hai 	0	0
mujhko mar dale na, apne bajun mein kaske	0	0
ankho hi aankho mai saari raat jayengi	0	0
tum to machal gaye, ho ho ho yunhi fisal gaye, ha ha ha	0	0
ta thaiya ta thaiya o o, ta thaiya ta thaiya o o  	0	0
kee tum ispe ho itharaten 	0	0
sajaao koi kajaraa laao gajaraa	0	0
mujarim ko parada chhupa na payega	0	0
virano se rishta jod diya haye jod diya	0	0
o sambhal ke tu chalna teri raho me bhi kate	0	0
pyar se juda to yaha koi nahi koi nahi 	0	0
jab dharm nahi aur sharm nahi	0	0
mai duniya se kah na sakunga, chal chal tu	0	0
ho o o gir jaoongi main mar jaoongi 	0	0
phir bhi inkaar hai, haan hai 	0	0
khushi mein hamari bhi, awaz sunna	0	0
aa jaye ek bar yaha jo jayega phir kaise	0	0
dhanavano ki is duniya me, dil to ek khilauna hai	0	0
are aa gaya mai dekho permisson le lo	0	0
maanaa ki bahut badanaam hai ye, chhu	0	0
ek soorat bholi bhali hai	0	0
rakkasa mera naam aye saahib sabko salaam	0	0
kal karna baki bat roz kaha aise rate yu mat dekho aanchal chodo	0	0
le jayenge, le jayenge, tere baag ki bulbul le jayenge	0	0
shaadi aur byaahe rishta ek baar ka	0	0
bach ke rahana dekh raha hai sab kuch upar wala 	0	0
jo tum par mitaa ho, use naa mitaao	0	0
apni dum me bandhe apni dum me bandhe	0	0
jine ke bahane mile man me, jo tu aa gaya jo tu aa gaya 	0	0
phulo me gulab ho khud apna jawab ho	0	0
dil mushkil me dil mushkil me	0	0
sawan ki ghatao ko aankho me chupa laya	0	0
dil men vafayen hon to, tufan kinara hai	0	0
paaniyo me bah rahe hai	0	0
mai na jaaungi, mai na jaaungi	0	0
satyam shivam sundram, satyam shivam sundram	0	0
ek tuta hua dil saath rahaa	0	0
haq pyar kaa aaj ada kar du tujhpe jan fida kar du 	0	0
ho aayi hain baharen mite zulm-o-sitam	0	0
aapke, na na aapke na na na 	0	0
ye bhige najare karate hai ishare	0	0
use dekhke lal dupate me maine naam diya hai laa chhadi	0	0
tham le naram kalai gora hath badha ke	0	0
kahi aur dil ki duniya basa lo	0	0
mere pyar ko hain tera aasra 	0	0
ab sochun tumhe, yaad nahi hai	0	0
bas ab na mujhako tokanaa	0	0
zindagi ek pyaas banakar rah gayi	0	0
haiyya ho haiyya re haiyya, haiyya ho	0	0
dushman ko koyi kushi se talvar naa dega	0	0
muskaye, shamaye, jhuk jaye	0	0
tumhari kanvari kalai ko	0	0
apni dum me bandhe 	0	0
dilo ki kharabi chhupayi gayi hai	0	0
hame darne ki jag me kya bat hai jab hath me tihare meri laj hai 	0	0
kacha ek dhaga tera wada hai dekh liya re	0	0
phulo ki sej chhod ke daude jawahar lal	0	0
najuk kamar sey lagau chhuri naa katari sajana o sajana 	0	0
mai hu tere pyar ka saman, tu mera rahi matwala	0	0
ye kisne shuru ki, kisne shuru ki, hame bhi sunao	0	0
aaja piya tohe pyar du, ho gori baiyaa tope vaar du	0	0
hamane de diyaa hai to maano ehasaan ko	0	0
sundar naari pritam pyaari pyaare chhav dikhalaaye	0	0
chaha hai tumko isi vaaste	0	0
ke aaja teri yaad aayi o balam harjai 	0	0
teraa kaajala lekar raata bani, raata bani	0	0
bichhauna dharti ko karke are aakash odh le	0	0
dekh tere sansar ki halat kya ho gayi bhagwan	0	0
dil dhundhe aise sapne ko	0	0
ke mere dil pe padaa thaa koi gam kaa saayaa	0	0
godam ki har ek bori mein godam ki har ek bori mein	0	0
pahle akadana phir panv padana	0	0
aage jaaun nikal, mai to aage jaaun nikal	0	0
jhuth hai kya sach kahon naa	0	0
lambi ye taan chhod o, tauba hai jaan chhod o	0	0
tut jata hai tut jata hai tut jata hai	0	0
sar me safed uske dada ji sa baal hai	0	0
ham us desh ke vasi hai jis desh me ganga bahati hai	0	0
geet gata chal o sathi gunagunata chal	0	0
aise hi ji lunga lekin mai piyunga kynki	0	0
tu mera raja mai teri rani tu mera raja mai teri rani	0	0
bambai ho ya dilli jamana to hai noakr biwi ka	0	0
ek yahi mera ilaaj-e-gham-e-tanhayi hai	0	0
   dekhungi is paar yaa us paar mai dekhungi	0	0
hum tum	0	0
bash kar rahega dil me nigaho ka devata	0	0
raat katati nahi din guzarata nahi	0	0
tumhara pyar hi ab mere jine ka sahara hai	0	0
likha hai ye to har thane me sifat hai	0	0
mere paas ao nazar to milao	0	0
janta ko bhi le doobe, arre janta ko bhi le doobe	0	0
gajab bhayo rama, julam bhayo re	0	0
hum aur tum nach kare aao aao na	0	0
phul kahe kaanto se bhi sikho hansana	0	0
tan man lutaunga, tere ghar ke samane	0	0
yahi hai, yahi hai, yahi hai rang rup	0	0
dil ki baat duniya ko bataai maar gayi 	0	0
koyi de de hame bhi nishaniya	0	0
hai, pareshan hu	0	0
me yaha, tum kahan, me yaha	0	0
ho bolo bolo kuch to bolo samne wale hai le gayi bazi	0	0
juba pe baat aayi kabhi rukti nahi hai, kabhi rukti nahi hai	0	0
meri jan ka dushaman haaye haaye haaye haaye	0	0
hotho pe sachchai rahti hai jaha dil me safai rahti hai	0	0
yu mast hava me lehraye jaise udan khatola uda jaye	0	0
iss dil ko tasalli de dena, ghabaraye kabhi toh mat rona	0	0
baadal se jo aas hai mor ko, mere dil ko wo tujhse lagi hai	0	0
mujhpe apna jadu naa chala, kaha meraa sun kahi aur ja	0	0
mai chali mai chali, dekho pyaar ki gali	0	0
bachpan bachpan ke din bhi kyaa din the	0	0
rakkasa mera naam ye sahib sabko salam	0	0
pas rahti hai woh pal do pal, kaun dream girl	0	0
he lina o lina dil tune chhina, chhina chhina	0	0
shanti ke raag par, ekta ke taan par 	0	0
yaa hai mohabbat, yaa hai javaani	0	0
tere saath hi mere marane ki kabar aayegi 	0	0
badi karuna maya dular ma ki aankho ma, ma ki aankho me 	0	0
bhule nahi biti hui ek chhoti ghadi	0	0
aa~ a~	0	0
i dont know what you say i dont know dont know what you say	0	0
jalim kitni der laga di jalim kitni der laga di	0	0
mai tere dar pe aaya hu	0	0
ham baithe karte hai prem ki bate	0	0
mil naa jaye naina, ek do baras jara dur rahna	0	0
tumako chhukar pavan jhakore	0	0
maine tujhse re	0	0
piyaa milan ki rut aai	0	0
dil ki diwaani har mauj par	0	0
mai teri in aankho me  aise dubti hu jaise mai koi 	0	0
machalti hui, hawa me chham chham	0	0
rut ne li angadayi	0	0
maana ki hai gehra andhera 	0	0
dukh aur sukh me jina bataya 	0	0
janta jo chikhi chillaai maar gayi 	0	0
tumaari ada hai vo sabse juda hai	0	0
tumhe jaan dene ke laakhon jatan	0	0
chori chori chupke chupke 	0	0
kab kyaa ho jaae kisako khabar, aana chale jhumakar	0	0
lina o lina dil tune chhina, lina lina 	0	0
ho sahar bhi tere binaa raat lage	0	0
raato ke sath jagte hai wo rata ko	0	0
naino vali ne, bholi bhali ne, ik matavale ne 	0	0
tum bin ye duniya benur, tum bin ye duniya benur	0	0
ho gaya mai to tujhme tamaam	0	0
bhai re	0	0
o chhora gaga kinare vala	0	0
aachal kaha mai kaha hoo yeh mujhe hosh kya hai	0	0
gul-e-gulzaar kyu bezaar nazar aata hai  (2)	0	0
sabko apni hi kisi baat pe rona aaya	0	0
tune dil tak to mera le liya le liya 	0	0
tu ru ru, tu ru ru ru	0	0
betaab hai har dhadkan bechain tabiyat hai	0	0
thande thande paani se nahaana chaahiye	0	0
isliye ab sada muskurata hu mai	0	0
yaha husn ki meharbani milegi	0	0
bolo bolo kuch to bolo samne wale hai le gaye bazi	0	0
aye dil hai aasa jina yaha	0	0
dhadakane madahosh hai	0	0
kano me bali hai, hotho pe lali hai	0	0
aisa hai to phir jaane jaana pyaar ka salaam lete jaana	0	0
kandhe pe, sar rakh ke, tum mujh ko, sone do	0	0
jis nagri jis gali gayi aa aa 	0	0
jab jab tu chhup jati hai in phulo ki galiyo me	0	0
hum se bichhda hamara hi saya	0	0
jhatak ke gesu jaha chale, to sath me aasma chale	0	0
mandir me chup-chaap khadi thi, mai banake tasvir	0	0
kah dala hai yar to nibha dena itna bekarar koi bhi nahi	0	0
ye jo public hai sab jaanati hai ye public hai 	0	0
wapas aaja, aa gyi raja aa gyi raja	0	0
hanske bole niche aa, ab niche aa diwaani	0	0
mana teri najaro me, mai hu ek avara ho avara	0	0
ho hamari jaan legi tumhari yeh adayen	0	0
gam hai koi to dam maro yaro	0	0
toh pyar kiya, toh pyar kiya	0	0
ab lagta hai begana	0	0
roj rat ko milenge chanda aur chakori o chakori	0	0
man ke chor nahi chlane du aaj tumhari chori	0	0
pakde jayenge, pakde jayenge	0	0
naye naye do nain mile hai	0	0
duaao me apni asar chaahiye, asar chaahiye	0	0
tum ek paisa doge wo das lakh dega	0	0
tu hi tu meri najro mein 	0	0
zindagi ki har subah ek shaam ban gayi	0	0
chalte-chalte mere pag haare	0	0
tu chhod de daulat ka chakkar	0	0
vo kis tarah bhi mil jaye purav se paschim ki	0	0
rang birangi pariyan tujhe jhula jhulayengi	0	0
ladaka aur ladaki razi phir bhi na mane qazi	0	0
lete hai vidaa ek duje se kahate hai chale aana	0	0
bolo kya, ghum, dhat ham	0	0
kaun love l o v e mama miya pom pom 	0	0
ham bhi the ek nazar ke pyaase, kyun nahi	0	0
aa raha hai maza tum shikaayat yahi 	0	0
kahin ho na jaun, khushi se main pagal	0	0
khuda ko bhi manalu mai magar mane na rutha dil	0	0
shisha ho ya dil ho shisha ho ya dil ho	0	0
chalta nahi hai dil deke yaaro, iss dil pe jor koi 	0	0
are pine ka maza kuchh to aana chaahiye	0	0
meri jaan wah wah wah 	0	0
pyaar ki raah me apna naam kar liya	0	0
aana hi hoga tumhen mere liye	0	0
mai kaun hu	0	0
o kho rahe ho aaj kis khayal me 	0	0
teri neki badinahin usse chupi, sab dekh raha bhagawaan,	0	0
tumhare bane aur mujeh bhul jaye	0	0
bahki nigaahe haay re ghazab	0	0
aji tumhaare, haan  	0	0
ho gaya milna bahut zaruri, chal pagali	0	0
ye kyo dil pe hath hai	0	0
kaise hasrat se baabul ki dekhen gali	0	0
lekin mehak meri saanso me hogi 	0	0
saaya bhi apana dur rehata hai he he he	0	0
apana bana le meri jan hay re mai tere kuraban 	0	0
jaan-e-bahaar aa jaa dil ke qaraar aa jaa	0	0
mast baharo kaa mai ashik mai jo chahu yar karu	0	0
are ram duhai, kaise chakkar me pad gaya hay hay hay	0	0
meri nazar me tu hi tu hai	0	0
jalta hai badan	0	0
armano ne li angdayi	0	0
mera dildar tu mujhe ikrar hai hay hay	0	0
o o ho le baiya tham gori gulabi	0	0
phir mere paas aana, khadim hu mai purana	0	0
na_iyaa sambhaalo kit, khoe ho khiva_iyaa	0	0
hua kusur khafa mat hona re	0	0
aisa na ho ki zakm koi phir nayaa mile  	0	0
jaisi ujadi hu mai, aise bhi na ujade koyi	0	0
saare jag se nipat lu akeli akeli 	0	0
apne raste me bikharaye kaate	0	0
mai layi mazedar chana zor garam	0	0
hari om, ooh hoo hoo hoo	0	0
ye tum kya kah rahe ho maine aisa to nahi kaha tha	0	0
mere dukhate dil se puchho	0	0
ud ud ke kahegi khaak sanam	0	0
karke bahana ram ka tera main naam lu	0	0
kuchh jaanati to kahati rut banakar mai khila hun	0	0
nahar ke kinare	0	0
aur sab nikle mere humdam humraaz suno	0	0
mere desh 	0	0
jara hat key jara bach key, yeh hai bombay meree jan	0	0
kasam se mai gin gin lungi badlasara hisab chuka dungi	0	0
aansu liye soch raha dur khadha re	0	0
tere pyar pe shak hai mujhe tu hai bewafa, nahi-nahi	0	0
are ho juda ya khafa ai khuda hai duwa	0	0
chunri bandh jaye	0	0
kajara ho kajara hay re bairi bikhara jaye re	0	0
sagar kis aur chale	0	0
gir gaya jhumka girane do	0	0
aaja re mere sath ye zagi zagi rat	0	0
ruth jaaye ham to tum hamako mana lena sanam	0	0
meri jaan aao baitho paas ke hamko neend nahi aati 	0	0
sajan sajan sajan sajan 	0	0
chandaniyaa gungunaayegi	0	0
maut meri taraf aane lagi jaan teri taraf jane lagi	0	0
shadi kisi ki ho apna dil gata hai 	0	0
jaam badal jaate hai, are kaam badal jaate hai	0	0
duniya lutaungi tere liye	0	0
jane kaha daga dede jane kise saja dede	0	0
parivaar niyojan saaf kiya, to phir uske baad	0	0
meri jaa tu ye jane na jane mujhe kya hua re 	0	0
bhala ya bura tum hi samjhana	0	0
thode se ho nehru jaise	0	0
ek saheli ka miya tha dakiya, miya tha dakiya	0	0
laa laa la laa laa la laa laa la 	0	0
chale pyar kaa nam jamane me	0	0
vaapas le lo ye aguthi lagati hai ye to jhuthi	0	0
ho patali patag si kudi, ho hatth mere lag gayi ye	0	0
chal sanyasi mandir me	0	0
mano to mai ganga maa hu na mano to bahata pani 	0	0
teri gali na chhodu 	0	0
baandh ke humne resham dori, tum se wo ummed hain jodi	0	0
that time is fleeting, time is fleeting, time is fleeting	0	0
hum intzaar karenge	0	0
tan to jhukati	0	0
meri jaan ka dushaman haaye haaye	0	0
jidhar dekhti hu udhar tum hi tum ho	0	0
dil dhundhta hai fir wahi fursat ke rat din	0	0
oy rut beiman ho gayi, reshama jawan ho gayi	0	0
kah sun ley do bate pyar ki duniya teri mehfil teri	0	0
achchhi lagti hai teri surat, mai karu kya	0	0
jabse use dekha hai deewaano si haalat hai	0	0
 tere binaa mai na	0	0
ho ham dono  hai bas dujaa nahi koi	0	0
ye murat kabhi na badle badle insaan ki surat	0	0
par dak me na dale honge ke mujhko dikhane ke liye	0	0
hame yad rakhna,	0	0
baat badi yahan aage tak achanak	0	0
baraso bit gae, hamko mile bichhade	0	0
aise kisee chehare pe nigah rukatee hain	0	0
chun ke mazil chale aur kahi dur kahi 	0	0
jhume kadam bahakte kadam	0	0
are isliye to kahta hu	0	0
motar na bangala magun jhumka na haar mangu	0	0
taraane jaanati hai, fasaane jaanati hai	0	0
koi kuwara manea na mane shadi jo kar le 	0	0
khwaabo me aati hai, bhigi sharabo me	0	0
mere chane ki ankh sharabi 	0	0
pyar ki chhanv me bithaye rakhna	0	0
twinke twinkle little star	0	0
kuchh tera na mera	0	0
suno-suno chal-chitram ki katha sunaaye	0	0
yun milate jate hai	0	0
sunke jo bahre ban jaaoge	0	0
na kabu me dil hai na bas me nazar hai 	0	0
shokhiyon mein woh sharmilapan allah allah	0	0
ai dil ke sahare tujhe dil dhundh raha hai	0	0
in wado se in kasamo se pahale, duniya ki rasme hai 	0	0
to har mushkil har gum pyare rahe tujhse hamesha pare pare	0	0
barso purana, barso purana	0	0
kisi jhil kaa kamal dream girl	0	0
noor se bhar gaye ha noor se bhar gaye 	0	0
are mujhse kaha hota mai rajamand thi, sharm-o-haya ki divar buland thi	0	0
jab chhaye mera jadu, koi bachh na paye hai hay	0	0
shishe se pi yaa paimaane se pi	0	0
hum kisi se kam nahi kam nahi	0	0
khile rup ka nikhaar raahi matwaale 	0	0
khila le phul kanto me saja le apane virane 	0	0
dil ki pukar ka, rang bhare pyar ka	0	0
jhoom ke rakha jo kadam	0	0
mehabub mere	0	0
ni:	o noori noori	0	0
kahate hai jahan na ravi pahunche, kahate hai vahan par kavi pahunche	0	0
biti jaaye zidagani kab aayegi tu	0	0
mujhko aawaj do chhup gaye ho sanam tum kaha	0	0
koi gaya koi gaya jane bhi de	0	0
o o o kabhi phul yeh khil sake na	0	0
teraa saath chhutaa tutaa dil kaa khilaunaa	0	0
bund chhupi kis badal me koi jane na	0	0
ke banke dost apane dosto se dushamani ki hai	0	0
ek chhavi thi lakho me, aan basi inn aankho me	0	0
ek din vo man se bola kyun phunkati hai chulha 	0	0
phir wahi dipak, dun mai bujhaaye	0	0
mera hoja sajana fir beda param 	0	0
laa laa laa laa laa laa, come on, good	0	0
kya chaand kya sitare har chij hai sharabi	0	0
jo husn kare yeh majaduri	0	0
tumhi se aj tumhari nigahe kehti hai	0	0
meraa pyaar dekhega sara zamana, kyo	0	0
sun le phir dil ki fariyaad	0	0
yado ko chhod de, wado ko tod de	0	0
saavan ki havaa chale	0	0
dekho bell bottom galo pe dimple	0	0
dil machal sa gaya hai kuch badal sa gaya hai	0	0
or nahi kuch sujha dunia me khush rahne 	0	0
tum agar sath dene kaa vada karo	0	0
mujhko isk baharo se, inn rangin najro se	0	0
dil lena khel hai...  	0	0
rakhna dil ko lekar in hatho me	0	0
araman tha tujhako dekhu mai, savan ki nashili rato me	0	0
mere gham bhi sahna chahe	0	0
kale naino vali ne ho	0	0
karke bahana ram ka 	0	0
laila mai laila, aisi hun laila	0	0
jina mushkil kar dega, ye dil divaana pyar me	0	0
ghar ki bati	0	0
lo bajne lagi shehnayi	0	0
cher ke apna sena dikha dun	0	0
johny mera naam, achchhaa chori mera kaam 	0	0
ye duniya ek nambari to mai das nambari 	0	0
karte din bhar halla-gulla daga aur udham	0	0
o jana kaho pyar hai tumse, dont be sily 	0	0
dil tadapa aankho me aasu aa gaye hai 	0	0
har haal me tumhi ko pukara hai dosto 	0	0
kothi bangala na mujhe car chaahiye	0	0
l: nainaa sundar sapano ke jharokhe ban jaaege	0	0
aise to nahi rah ki pawan bhayi mai	0	0
kisi ko kisi ki khabar hi kahaan hai	0	0
unki baate sunte hai jo chhupkar sab jane	0	0
ki main bhi sath rahuga rahoge jaha	0	0
lekin kuch aise hai anari jo yeh bhi na jaante	0	0
mere tan pe chhanv hai	0	0
hai sar pe hamaare khula aasmaan, khula aasmaan	0	0
ek din pyar ka phul khila, mere sur ko geet mila	0	0
teri chaal hai naagan jaise	0	0
aa dil ki pustak main tujhko padhaaun	0	0
khul gayi chor bajari, are lut gayi daulat sari	0	0
band lifaafe me bhi, dil ke paigaam badal jaate hai	0	0
tadaptaa huaa jab koyi chhod  de	0	0
sone ka chabutra uspe nache mor chandi ki 	0	0
ab to dard dikha de natakhat kyo duvidha me dala re	0	0
jine ki koyi chah nahi, marne ki koyi raah nahi	0	0
are impaala me tujhe bithakar ghumega dilwaala	0	0
aur de jate hai yaade	0	0
jon jani jnardan on jani jnardan 	0	0
pyar mein dil pe maar de goli le le meri jaan	0	0
re jogi tujhe le jaayenge	0	0
tumhi mere mathe ki bindiya ki jhilmil	0	0
bhag gayi iski nari	0	0
o padoba, poragi fasali re fasali	0	0
mager fir tars aata hai tere jaise becharo par	0	0
zindagi aa raha hun mai	0	0
﻿badal jaye agar mali chaman hota nahi khali	0	0
mai rickshaw wala, mai rickshaw wala	0	0
ye ek raz hai ki duniya na jisako jan saki	0	0
dafali vale dafali baja, dafali vale dafali baja	0	0
aake yaha re aake yaha re	0	0
zindagi ittafaaq hai, zindagi ittafaaq hai	0	0
aanewala pal jaanewala hai	0	0
par tu jo khada hai dayalu bada teri kripa se dharti thami	0	0
raaho me kahi, nazar aaya	0	0
shisha ho ya dil ho	0	0
mammi bolo bolo, papa bolo bolo	0	0
and if it is so, when are we meeting	0	0
re akhiya mila mere akhiyo se	0	0
tune mujhe chori se apana banaya	0	0
ho us gaanv pe sawaar kabhi sajke 	0	0
allaa meri tauba   	0	0
chori chori khidaki se karta hai ishare	0	0
aah bhi nikle to pyar ki ruswayi hai	0	0
thode phul hai kante hai jo taqdir ne bante hain	0	0
chain udhaaye na hai dildaar bada sharmila	0	0
chiz apani thi, parai to nahi magi thi	0	0
tu iss tarah se meri jindagi me shamil hai	0	0
tere ghar me ujaala kar de haay 	0	0
pahle mutthi me paise lekar thaila bhar shakkar laate the 	0	0
kee tumhee ko mai tumse churaata chala hu	0	0
lakh chhupa le humse lekin chaal teri ye kahti hai	0	0
ye bhi koi baat hai	0	0
dil ka khajana dungi tujhe, jiwan me ek baar aana singapur	0	0
mohe panghat pe	0	0
panna ki tamanna hai ke hira mujhe mil jaye	0	0
kitaab-e-husn me to, vafaa kaa naam nahi, are !	0	0
ho badh gayi aur dil ki betabi-betabi	0	0
dekho bhulana nahi, bilkul nahi	0	0
yeh chand sitare dekh na le, mere pyar ke najuk bandhan ko	0	0
pyasi har aatma	0	0
ye soch ke hum sharminda hai	0	0
dekhat surat avat laj, saiyya	0	0
mohe panghat pe	0	0
maine is dil me saari duniya ka, hal chhupa rakha hai	0	0
pankh hai komal, aankh hai dhundli, jana hai saagar paar 	0	0
ho jab koi dil me samata hai, kya aag dil me lagata hai	0	0
tere liye mere dil me teri yad hai jawan	0	0
kahi jal hi na jau mera dil bhi to mane na  	0	0
manu bhai motar chale pam pam pam 	0	0
aa idhar jhumake saaqi kaa leke naam uthaa	0	0
zamaane ne thokar lagaayi to jaage	0	0
ke jisaki kisiko zarurat nahi hai	0	0
pyaar karne ki koi rit bataao	0	0
par aur bhi hai kuchh aage tu chalaa chal akela	0	0
jaise mara gaya woh jalim sare mare jayenge 	0	0
duniya karti rup ki bhakti kaisi maaya-rup re	0	0
meri hai na teri hai meri hai na teri hai	0	0
tera najuk ang ang sajana hai	0	0
kaha ruthke chali o gulab ke kali	0	0
abhi to pyar ki duniya tumhe basani hai	0	0
ki aur mera koyi nahi	0	0
aise take dil mein jhanke, sans meri ruk jaye	0	0
saya jaha dildar hai tera	0	0
sajanava ki mach gayi dhum re	0	0
nile nile nile, inke akhdiyo ke pyaale	0	0
sath tera nahi, sang duniya chale bhi toh kya hai	0	0
ye phul ye kaliyan sabhi rok rahi rahe meri	0	0
aise me, tod ke prem ki dori	0	0
jadu sa chal gaya, shama badal gaya	0	0
muskuraayen jo tere lab to bahaaren aayin	0	0
kuch din ki hai zindagi aao	0	0
aaj jana ki mohabbat mein hai garmi kitni	0	0
wo bhi mujhe karna pada aiyo da amma 	0	0
teri aankho me aisi masti hai	0	0
geeto mai tumko, pyaar ki baate sunaunga	0	0
swyam darshan dene aa rahe hain 	0	0
is reshami pajeb ki jhankar ke sadke	0	0
aankh se dur hai aankh ka tara, bichhda phul chaman se	0	0
chal gaa re mere sang mere sajna	0	0
rang baharo ne bhara mere jivan me	0	0
mai ek chor tu meri rani mai ek chor	0	0
aapakaa aramaan aapakaa naam, meraa taraanaa aur nahi	0	0
ya vo jagah bata de jahaan par khuda na ho	0	0
tumhari khata khud saja ho gayi	0	0
mujhako bhi aaj ke kya kam hai	0	0
sochenge tumhe dekha hi nahi	0	0
maridang baje titakitadhum titakitadhum ta ta	0	0
par na jaane kya kahege ye jahaan vaale	0	0
ai ma teri surat se alag	0	0
sher se mai kahu tumko chhod  ke mujhe kha jaaye	0	0
jo kanta chhubha ho panv me du main nikal wo	0	0
aasamaan hilane lage aur kaanp utthe ye zami	0	0
raat bhar maka 	0	0
pahachne git hai 	0	0
bhige labo se mera naam lo	0	0
dekho na	0	0
shyaam ne bansi bajayi ahahaha	0	0
nahi bachne ka koyi bhi taala taala	0	0
koi nagamaa kahi gunjaa kahaa	0	0
jo hona tha hua, jo hona tha hua, 	0	0
logo ne tyag diye jiwan, ke preet dilo me palti rahe	0	0
hasino ke mele dekhe dil pe tuhi hi chha gaya tuhi hi chhaa gaya	0	0
ke roya chana davi pani, yahi pyar ki hai kahani	0	0
ga rahe hai sang tere sajna	0	0
sawan ka rasta na dekho, sawan jane kab aayega	0	0
re chain nahi baahar	0	0
taqdeer se hi badal jaate hain	0	0
warna mai rakh lunga usako apna jankar kisi 	0	0
lab tak aate aate hatho se sagar chhut jata hai 	0	0
pyar se apne ye nahi hote	0	0
aapke kamre me koyi rehta hai	0	0
vaqt ki har adaa hai apani dekhi-bhaali	0	0
d se kya hota hai darling, aaha diwana aaha disco aaha	0	0
inhi logo ne inhi logo ne 	0	0
divana bana mastana bana parwana bana	0	0
tu to ghabrata hai abhi se amme amme	0	0
pukaar haay haay haay-haay	0	0
oo re piya oo 	0	0
sa re ga ma pa ma ga re sa ga sa ga fir se gaao	0	0
dil dhadke din raat re 	0	0
rat nahi, ghat aa ha, barat nahi, nishani	0	0
ye kahi toot jayega, ye kahi phoot jayega	0	0
aaj laayaa hun vahi git mai tere liye	0	0
somvar ko hum mile	0	0
lab tak aate aate hatho se sagar chut jata hai 	0	0
raaste kaamosh hai	0	0
kaise koi jiye zahar hai zindagi	0	0
dil ke parde hi parde me bijli giri, aisi bijli giri	0	0
ho, rasta nahi aasan, dena padata hai imtehan	0	0
he he are rafta rafta dekho ankh meri ladi hai	0	0
jao jao kisi vaid ko bulao, main hu prem rogi,	0	0
ab ke hua ye haye haye	0	0
aa laut ke aaja mere meet	0	0
tujhse najar milaye ye kiski majal hai	0	0
wo dag dikhaye jo hame tune diya hai	0	0
par tu bhi tha bapu bada ustaad purana	0	0
itani thi bas khabar ke mere hosh ud gaye	0	0
madhuban me radhika nache re, giradhar ki muraliya baje re 	0	0
o rab jhut na bulaye, kabhi jhut na bulaye	0	0
bhed zara ye kholo aji bolo ji kuchh bolo	0	0
baharo par karo gussa ulajhti hai jo aankho se	0	0
aa mujhe phir unhi hatho ka sahara de de	0	0
maine samjha tha ke chal jaayega zor	0	0
rahi wahi ruk jata hai	0	0
koyi mat nain churaye mere sang aaye	0	0
ruh me gam dil me dhuaa	0	0
lut jayegi rani teri ye jawani, ye jawani 	0	0
mere pyaar ne diyaa hai, teraa saath har janam me	0	0
khana apne hatho se khila ke rahege	0	0
chhuta apna desh, hum pardesi ho gaye	0	0
bujh gaya dil to ab roshani kya karu	0	0
hari om, hari om	0	0
abke na sawan barse	0	0
ho gayi maili mori chunariyaa	0	0
chand se dekha dur chakora, dharti dur gagan se	0	0
mere mehboob qayamat hogi	0	0
tera kayamat tak	0	0
woh sharmilapan allah allah	0	0
hai shukar ke tu hai ladka, ho tujhe dekh mera dil dhadka	0	0
hoo baantlenge hum aadha aadha 	0	0
﻿hai apna dil to aawara	0	0
ji rahe hai phir bhi ham, sirf kal ki aas pe	0	0
kaun hai vo dilruba kaho na hamse zara	0	0
bhaiya mere	0	0
lakadi beche aur na samajhe	0	0
ye masti ke phere ye mahke andhere	0	0
naye naye pyar ki naino me kiran hai	0	0
do nadiyo ka mel agar itna paavan kahlata hai	0	0
tu chhod  ke naa ja tu vapas aa ja	0	0
jo sunate nahi hai dilo ki duhaai	0	0
dhal chuki hai raat ab to uth gayi mahfil	0	0
piyaa moraa jiyaa tujhi se laagaa	0	0
dariyaa ko faand, pavart ko chir, kaam hai ye uskaa apnaa	0	0
mufte mai banke chal diye tanke	0	0
    and the depth of sound	0	0
aise me hai tu kahaan	0	0
o ho....	0	0
mujhe chalate jaana hai bas chalate jaana	0	0
apane raaja ki baahon mein so jaayegi 	0	0
ek chorani ek chor ke ghar karane chali hai chori ho chori	0	0
savan me premi pagal ho jaate hai saajan	0	0
pyaar shaayad isiko kahate hai, har ghadee bekaraar rahata hoo	0	0
leke gusse mein pyaar, balam ji abb to hasso	0	0
prem kahani me ek ladka hota hai, ek ladki hoti hai 	0	0
hamko bhi sath le le, ham rah gaye akele	0	0
sar par paanv rakh kar bhaago katane vaalaa pattaa hai	0	0
phir suno to aage hamaari dil ki majburi tu tu tu	0	0
dil todne vale	0	0
ho ho ho aa gale lag ja	0	0
kaise bhulu tujhko tu hain meri jan	0	0
me ban gae eski amma ji sadke, to eske aba ban jao	0	0
bhawra bada nadan hay, bagiyan ka mehman hay	0	0
aur bhi gam ki ghata mukhade pe chhai hogi	0	0
hoti pyar ki bhul baby	0	0
ek ke upar ek dekh tamasa dekh	0	0
kabhi bhul kar to idhar bah de pani	0	0
chhup-chhup ke aane wale 	0	0
saamane aaye naina milaaye, mukh dekhe kuchh bole na	0	0
socho kabhi aisa ho to kya ho	0	0
mere dil se sitam agar tune achchhi dillagi ki hai	0	0
git naazuk hai meraa shishe se bhi tute na kahi	0	0
ye tab ki, ye tab ki ha ha 	0	0
dhudhati hai nazar tu kahaa hai magar	0	0
hari naam se naata re jodo bhai maaya se munh modo re	0	0
jhum jab tak jhum, jhum jab tak jhum jhum jhum jhum jhum	0	0
teri surat ne gazab dhaaya hai	0	0
nahi koi meri manzil	0	0
april fool banaya	0	0
chandani rato me, rato me	0	0
parwaano dilwalo aa aa aao	0	0
rahe sang dil ke mile nahi milke, banke rahe woh anjana	0	0
koi vaju kare mere jal se koi murat ko nahalaye 	0	0
achchhe achchhe tujhe khilaune dengi pyare pyare	0	0
kabhi kuchh kahati hai, kabhi kuchh kahati hai, zara nazar ko sambhalana	0	0
mujhse is kadar pyar hai agar lade ye botal mai todta	0	0
aag ke daman me apne aap ko lipata diya 	0	0
mai to kuchha bhi karane se, na jane kyun darun	0	0
salame-ishq meri ja zara qubul kar lo	0	0
haso aur hasaaya karo	0	0
tum kahan, me yaha, tum kahan, me yaha	0	0
mulko me ik mulk suna hai mulk suna amarika	0	0
dard banake jo mere dil me rahaa dhal naa sakaa	0	0
aa aa aa, aa aa	0	0
chhoti badi sakhiya ghar gali angna	0	0
waha kya hai all the action is here man	0	0
jalta hain jiya mera bhigi-bhigi raato me	0	0
man kahata hai mai rago ki ek pyaar bhari badali banakar	0	0
adami musafir hai, adami musafir hai	0	0
tujhse milake zidagani 	0	0
jis dinse lade tere dar pe pade	0	0
aur chatakne lagti hai kitni kaliya kaliyo me 	0	0
chalti ko gaadi kahe, dekh kabira roya	0	0
sun ke piya, sun ke piya dhadke jiya	0	0
koi samajha nahi koi jana nahi	0	0
kahi aur ja	0	0
jhumte jami aasman hai mahka ye gulshita hai	0	0
taxy wale ne bhi na baithaya tam tam wale ne chabuk dikhaya	0	0
chal baith ja, baith gayi, abb khadi ho ja, khadi ho gayi	0	0
lagte hai pyar ke mele jayenge sabhi akele	0	0
nile nile nayan hai nayan me gagan 	0	0
kis liye tu itna udas sukhe sukhe hoth ankhiyo me pyas	0	0
kabhi hoga mukhtar bhiye chirag	0	0
ye jo muhabbat hai, ye unaka hai kam	0	0
pahle mutthi vich paise lekar 	0	0
ye waqh na kho jaye bas aaj ye ho jaye 	0	0
dukki pe dukki ho ya satte pe satta	0	0
nahi qimat koi dil ki ye miti ka khilona hai	0	0
yadon me khwabo me chori se aa jaye	0	0
mujhe udne de udne de tujhe meri kasam	0	0
din dukhi ko thukaraya to sab kuchh hai bekar	0	0
paayal ke soye geet jagaa	0	0
ye sham jab bhee aayegee tum hamko yad aaoge	0	0
dekhate dekhate chad par chha gaya	0	0
mere dil ko yeh bhi gawara ni hai	0	0
tere nam kar du jiya le aa patwari	0	0
meree aankho se jara aankhe to mila de ha	0	0
zahar ne maara zahar ko, murde me phir jaan aa gai 	0	0
wo kushnasib hai jisko tu intkaab kare	0	0
ham sinhaasan par ja baithe	0	0
aur kasam hai mai bhi gayi thi tere hi pichhe marne	0	0
jiska jivan angaro pe bita	0	0
tere haath paigaam kyun de diyaa 	0	0
sun bal brahmchari mai hu kanya kunwari	0	0
haay rah gai mai hairan	0	0
jaan hi jaati hai so jaati hai	0	0
chandi kaa rang hire kaa rup 	0	0
jag ki aankh ka kanta ban gai, chaal teri matvali	0	0
titakita titakita ta dha ni na dir dir dha ni ta dha re	0	0
har kadam pe aasooonkee yek nayee janjir hai	0	0
sari duniya nazar aati hai dulhan aaj ki rat	0	0
naa toh mai dor se bandhu na jal bichau na tir chalau	0	0
jalim dil mein aag lagaye zulfein mathe par bikhraye	0	0
he he, come on madam, ha ha 	0	0
sukh leke dukh de gayi do akhiya chanchal, ho 	0	0
nahi to tera nam le ke, tujhe koi ilzam de ke	0	0
surat hai jaani pahachaani, duniya vaalon ko hairaani	0	0
aji suniye zara suniye aise nadaan mat baniye	0	0
use aas thi prabhu ke varadaan ki	0	0
ye raaz mere dil se aankho ne hi kahaa hai	0	0
bago me aa gayi bahar	0	0
nahi maut bhi aati tujhse hai ghabrati	0	0
jitne khushiyo ke sapne hain yaro woh sare apne hain	0	0
aaja jara 	0	0
wahi thamke rah gayi hai meri raat dhalte-dhalte	0	0
iname na dub jaye, dil ka ye safina	0	0
mai sunaun tumhe bat ik rat ki	0	0
aa aa	0	0
ram se bhi pyar hai rahim se bhi pyar	0	0
jab aahe bhare yeh thandee pawan	0	0
musaafir hu yaaro naa ghar hai naa tikhaana	0	0
hal mere dil ka ho logo sab dekhna	0	0
ek do cha cha cha, yes yes bahut achchha	0	0
naino se naino ki ye sagaai maar gayi 	0	0
baharon ki manzil pe, hasana hasana	0	0
leke banke naath ki saiyan 	0	0
saya hain tere baalo ka	0	0
chhod  maza hath mala pine de pine de pine de re mala pine de	0	0
aankhen mili hain, dil bhi mile hain	0	0
zindagi kitni khubsurat hai	0	0
gum hai dagar ki chaandani 	0	0
are bajaao re bajaao imaandaari se bajaao he he	0	0
fal dega bhagwan	0	0
sarke chundriya sar pe na thahre	0	0
tera mela pichhe chhuta rahi chal akela	0	0
o zara ruk ja, o zara ruk ja	0	0
koyi shart hoti nahin pyaar mein	0	0
itni mamta nadiyo ko bhi, jaha maata kah ke bulaate hai	0	0
ye paap hai mera ha ji, bas mujhko gher   ha ji	0	0
ki zindagi ki raah me, javaan dilo ki chaah me	0	0
yu lehrayi li angadai, lagi jaise dhanak khilne	0	0
aa dil ki pustak main tujhko padhaaun 	0	0
kabhi dekhi na suni aisi ho	0	0
chahe bana do, chahe mita do	0	0
ham dhoom machakar aaj soya jahan jagaate hai 	0	0
chhat tutadiye te tut jaaye	0	0
chudiyaan dulhano ki khanakti rahen	0	0
jal jati hai, phuk jati hai, jisme duniya sari 	0	0
dhadke anadi jiya ye kya kiya hay zulmi piya	0	0
savan ke jhule pade	0	0
rok bhi lo ab apni zuban 	0	0
mai tere naino ki nidiya tu mere dil ka chaina	0	0
dil-vil pyaar-vyaar mai kya janun re	0	0
sun ri pavan, pavan puravayyaa 	0	0
sharafat chhod  di maine, sharafat chhod  di maine	0	0
aha apaki sadagi, to bhala ho gayi	0	0
pariyon ke desh mujhe buddha le ke aa gaya	0	0
phul pavan badal pachhi ye, sab apane hamajoli o o	0	0
aapka muskurana 	0	0
banke bansuriya tori re, o piya	0	0
aap ki qasam aap ki qasam	0	0
jaana hai wahaan mujhe badalo ke paar	0	0
ek do kahne bhi do	0	0
meraa dil bhee pareshan ho jayega	0	0
mai tumhe dekh kar git gata rahu	0	0
aakash se unchee dil kee udaan	0	0
dhanno ki aankho me hai nur kaa surmaa	0	0
muhabbat ki duniya ke, tum chand ban na	0	0
raat bhar mela sone na de chappal dikhaye ghadi-ghadi	0	0
kaise-kaise nakhare karate gharawalo se ham	0	0
achha yeh bat hai toh phir aayenge	0	0
maana janaab ne pukaara nahee 	0	0
khamoshi sunane lagi, hai daasta	0	0
jalta hai badan, o aah jalta hai badan	0	0
	pyaar ki pyaasi mai diwaani kuchh na sochun aage	0	0
yeh mausam bhi hai usaka deewana	0	0
bhaiya raja bajayega baja 	0	0
jawab de, sawal kar jawab de, sawal kar 	0	0
hothhon pe hansee kee dhup khile, mathe pe khushee kaa taj rahe	0	0
rup tere kaalat ka mere dil ko de gaya jhatka	0	0
mujhako sajade kiye hai insaa ne	0	0
dil ne phir yaad kiya bark is leharayi hai	0	0
yaro ne mere waste kya kuchh nahee kiya	0	0
jo vidhata ne likhi use maan le,	0	0
lagi rahey saji rahey ye mehfil gore gaalon ki	0	0
haay re haay haay haay haay re haay	0	0
teri mahafil se, rasai to nahi magi thi	0	0
reshama jawan ho gayi, reshama jawan ho gayi	0	0
kahat kabir suno bhai sadho bat kahu mai khari	0	0
r: prem ki gali me ek chhotaa saa ghar banaaege	0	0
ki aaya savan jhum ke, aaya savan jhum ke	0	0
kya ajib rang me saj rahee hai khudaayee	0	0
chandi sa chamakata ye nadiya ka pani re	0	0
aur phir raah me bikhre the hazaro nagme	0	0
haa haa haa, haa  hamaare tumhaare, kyaa	0	0
chhajje upar ladki nache, ladka hai diwana, ichak dana	0	0
ek din khwab mein, wo mujhe mil gaya	0	0
o kali anaar ki na itna sataao	0	0
kahe kisko tu mera, musaafir jaayega kaha 	0	0
ang-ang se chalke jawani	0	0
aisaa lage, jaise ki tu, hansake zahar koi piye jaye	0	0
r: vo khvaabo ke din vo kitaabo ke din	0	0
mere angane me tumhara kya kam hai 	0	0
tu kahi bhi jaa rahegaa, meraa saayaa, saath hogaa 	0	0
jo bhi ho jaaye ke ab to	0	0
dil tadapta hai uska aur ankh roti hai, bolo bolo	0	0
oh when i look at you	0	0
phir dwaar dwaar pite baar baar, kab in raato ka sabera hai	0	0
mila use sapno kka rajkumar	0	0
maine suna hai tumne yahaan pe laakhon ke dukh taale	0	0
zulf ke saaye me dil nagamaa bhara so jayega	0	0
maro to aise ki jaise tumhara kuchh bhi nahi	0	0
soch raha hu jag kya hota	0	0
dil me koi sitamgar arman jaga gaya hai	0	0
dafli utha aawaz mila ga mil ke mere sang prem tarana	0	0
gayi koi bijli chamak achanak	0	0
are, ye madrasi, vo punjabi, har taale ki hai ek chabhi	0	0
viran thi apni zindagi aur suna tha apna makan 	0	0
hoy bujho bujho bujho bujho	0	0
aate jaate raste me, yade chhod  jaata hai	0	0
hame na koi roke, kisi ke ham hoke 	0	0
khil gaye phul padi teri jahaan parchaayee	0	0
ham tumape itanaa daaig	0	0
mera jadu chal gaya, chal gaya 	0	0
kai sadiyo se	0	0
dariya kinare ik bangalo go pori jayi jo jayi	0	0
saike ye matka karlio dil chauda	0	0
na chat chum chum ta thaiya ta thaiya	0	0
mil jaye agar aaj koyi sathi mastana	0	0
aap ki khidmat ke liye main hajir hun aaj ki sham	0	0
mere pardesiya kee yahee hain nishaanee	0	0
nahi duniya me	0	0
o meri lottery lag jaane e waali hai	0	0
gaanv meraa badi dur hai	0	0
tel meraa hai muski, ganj rahe na khuski 	0	0
dekho dekho dekho dekho, naye dance ka namuna	0	0
ae dil mujhe bata de tu kis pe aa gaya hai	0	0
ik ladaki bhigi-bhaagi si	0	0
pyara ka rang utarate dekha	0	0
kabul-e-dil ki ibadat ho kabul-e-dil ki ibadat ho 	0	0
o sajani ab to mukhda dikha ja	0	0
sar chhupa ke ham rote rahe, rote rahe	0	0
pahunchega ek din kabhi to chand ki ujali jamin par	0	0
mai hu kabse divana tera 	0	0
sath baras ki umar me aise chehra kisika khilta hai	0	0
aansu ka hamare gam na karo	0	0
jawaani me jawaani ke sahaare ho jawaan mere meharbaan	0	0
khabar kya thi hotho ko sina padega	0	0
re ek ne tujhko pala	0	0
iktaara bole tun tun kya kahe ye tumse, sun sun 	0	0
aah hamasafar, dil tera divana divana mastana	0	0
chaand hai ye mera main hu iski chandaniya	0	0
meri ulfat se nafrat na kar sangdil dekh inki badaulat ye duniya bani	0	0
saj rahi gali meri amma chunari gote me	0	0
moraa goraa ag la_i le	0	0
tab diyaa dukhiyaaraa, vah bichaaraa besahaaraa	0	0
jo bhi chaha wahi paya apni yahi zindagi	0	0
hai jisne banaya mitaaye vohi,	0	0
ek ghar bas gaya ek ghar lut gaya ho	0	0
zamana gham nahi gham nahi	0	0
ham donon do premi duniya chhod  chale 	0	0
nanha sa gul khilega angnaa	0	0
are jaan ki kasam sach kehte hai hum 	0	0
to jhumen ye dharti aur jhume asman	0	0
lag jaaye aag pyaar ki	0	0
dil wo dil hai jo auro ko, apni dhadkan deta hai	0	0
ruk ke isi aane jane me hi jiwan gujar jayegi	0	0
jo asali hai kabhi usse	0	0
aur has has ke gale tum ne lagaya tha kabhi	0	0
jab tum mujhase dur rahate ho	0	0
we are made for each other samjhe	0	0
tujhe khabar hai ke meri baaraat aai thi	0	0
ab toh tohe batana hoga re kaisi chhab hai meri	0	0
are bhikh na maange, are karz na maange 	0	0
jo samajha ye usi ki machi dhum	0	0
udaake ye hamko liye jaa rahi hai	0	0
tumne saza di yeh kis khata ki, kuch to me bhi sunu	0	0
parbat se aake na takara jana tu banake baadal	0	0
yeh dil na hota bechara, kadam na hote aawara	0	0
amrit diya sabhi ko magar khud zehar piya	0	0
ek din dikhalaa dungaa mai divaanaa	0	0
jaan jaaye to kya maut aaye to kya	0	0
chattano se takarane ki hamane jivan me thani hai	0	0
zindagi gum ka sagar bhi hai, has ke us par jana padega	0	0
ek do cha cha cha, du ru cha cha cha	0	0
sapno ke shahar ham banayenge ghar	0	0
ha haa haa meri ja, dekho jana na vaha 	0	0
ghadi thi andhera magar sakt tha 	0	0
mere dost kissa yeh kya ho gaya	0	0
git gata hu mai 	0	0
adha adha fifty fifty	0	0
kah rahi hai chaandani, leke teraa naam, tu bhi 	0	0
jale dip se dip yaha par sab me ek ujaala hai	0	0
mera kya nam hai, ye bhi bhul gaye	0	0
tu yaro kaa yar hai, kitna vafadar hai	0	0
aankho me chhupakar rakh lunga, iss phul se komal tan mann ko	0	0
teri lagan bani rog sanwariya kaise bite bali umariya	0	0
laa laa laa laa laa laa	0	0
aankh meri fadki la la la la la la 	0	0
sukh paya yashoda ji ne	0	0
kah ke dekho kaisi mulakat	0	0
main piya tori chhaya, mai sang sang dolu	0	0
fizaao rag bikharao	0	0
tere anchal jaisa hota hai	0	0
zamana hai tumhara chaahe jiski zindagi le lo	0	0
zindagi ki raah me mila hai jabse tu mere hamdam	0	0
pyar me kaate hai jyada thodi kaliya	0	0
satyam shivam sundram	0	0
are maano kaha ab tum ho jawan, meri jaan ladakpan chhod o	0	0
parvat parvat teri bahe	0	0
kuchh kah kah ke, mujhe rah rahke, tadpa rahi hai	0	0
usne kaha chahta hai kya	0	0
dono kee aas fale	0	0
bujh gayaa suraj jale chaand taare	0	0
hai wo hasi ham jawa hai or uspe shama meharba hai	0	0
sun sun sun, are betaa sun, is champi me bade bade gun	0	0
are ittefaaqam raajeshakhannam jay jaani raajendranaatham	0	0
jaise khule khoi huyi jannat ka dar	0	0
ho jaau agar main divana	0	0
kuchh pata de tere ban jaayenge hum naukar	0	0
jab tare zami par chalate hai tare aur zami par	0	0
pattharili raaho me tum sag mai jhum lungi	0	0
kahte hai tum ho daya ke sagar	0	0
main hu aag tu hai paani	0	0
	0	0
