Song lyrics	Mood	Offensive
mere khayaal ko tu apne ru ba ru na kar	0	0
ruk jaae ghadiyaan tuk jaae chhin	0	0
pati bana patni ka dusman 	0	0
lut jata hai lut jata hai	0	0
tum bhi yaha ham bhi yaha aisa milan hoga kaha	0	0
jo samajha usi ko machi dhum	0	0
o jaao jaao jaao, are jaao jaao jaao 	0	0
kaise khelenge abb aankh micholi	0	0
dudh me nehlane ka 	0	0
aisa lagta hai ke mera thikana aa gaya	0	0
bachna ae dil aaj hai koi bijli girne waali	0	0
ab ke hua ye, maine kaha ye	0	0
chahe ghabraye chahe muhkada chhupaye aane vala to aaye ga	0	0
kabse tanha ghum raha hu duniya ke virane me	0	0
ek baar karata, koi pyar karata	0	0
taare tod tod laau tere sahre ko sajau	0	0
khaicho kaman maro ji ban khaicho kaman maro ji ban 	0	0
musaafir hu yaaro, naa ghar hai naa tikhaana	0	0
dabbe me paani tha tel nahin tha pyaari	0	0
ke sajana pe dil aa gaya ke sajani pe dil aa gaya 	0	0
dil bhi dena dard bhi lena ye nahin mera kam	0	0
mai aai aai aai aa jaa 	0	0
ye din ye tyohaar khushi ka, pawan jaise neer nadi ka	0	0
aa is khushi me ham naache-gaaye	0	0
kai yaado ke chehare hai, kai kisse purane hai	0	0
baj uthegi hare kanch ki chudiya 	0	0
shor mach gaya shor ho, dekho dekho dekho aya makhan chor	0	0
yaha kal kyaa ho kisne jaana	0	0
la: jab se mujhe teraa pyaar milaa	0	0
up above the world so high	0	0
khul gaye zindagi ke naye raaste	0	0
tere pyar me hasti teri yad me roti	0	0
har ek chiz hai apni jagah thikane pe	0	0
nahi paida hua jo roke meri raho ko	0	0
jisane bajariya me chhina dupatta mera 	0	0
ke vo kya bechaara le gaya le gaya 	0	0
main kaun hu, tu tu khub hai	0	0
kal koi mujhko yaad kare kyu koi mujhko yaad kare	0	0
(mohabbat tum karogi ? tumhaaraa kaam nahi !) - (2)	0	0
raat bhar moya	0	0
yaado ko teri main dulhan banakar 	0	0
itna na sitam karna kuch najre karam karna	0	0
kaise aaun jamuna ke tir re jamuna ke tir 	0	0
ye muhabbat ki daasta suno	0	0
munna git sunayega tunna dhol bajayega	0	0
saya bhi jo tera pad jaye	0	0
har pal khud hi khud hasta hai, har pal khud hi khud rota hai	0	0
chup be shaitaan	0	0
lo bhayi pishta lo, badam achchha maal aur sasta daam	0	0
kar lo, aji kar lo iqarar pyar ka hamse tum	0	0
tum mere khayalo me khokar	0	0
vaqt se din aur raat vaqt se kal aur aaj	0	0
prem hai ye koi khel nahi	0	0
aao naa tarasaao naa	0	0
tumne kaha hai dekho, dekho mujhe saiya 	0	0
main koi tujhse na shikva karunga	0	0
chal chal mere bhai chal chal mere bhai 	0	0
jane kisko kiski yad aayi ke chali purvaayi	0	0
aate dekha mujhko to karane lage salami	0	0
biviji ho biviji hone vali biviji	0	0
sine pe mai rakh du jo hath phir khil jaye	0	0
aajaa teraa aanchal ye, pyaar se mai bhar dun,	0	0
apne hi haatho se apane ghar me aag lagaate hai	0	0
duba hu gam ki gahraiyo me 	0	0
saja hi sahi aaj kuchh toh mila hai	0	0
teri preet tere geet tu hai to bahar hai	0	0
teraa bhi saamanaa ho kabhi, gam ki shaam se	0	0
aaj ki taza khabar, aaj ki taza khabar	0	0
dekhane me bholi ho, par ho bade chachal	0	0
i am a disco dancer, i am a disco dancer	0	0
chhanan chhanan chhan 	0	0
mere jivan sathi, kali thi mai to pyasi	0	0
aji lakh pardo me chhup jaiyega	0	0
aaya pyaar bhara mausam diwana, diwana	0	0
oe mai ho gayi badnam 	0	0
teri furkat ne pareshan kiya hai mujh ko	0	0
nahin nahin, kyaa, are nahin nahin, are baabaa kyaa	0	0
munne ki amma ye to bata, tere bete ke aba ka naam kya hai	0	0
kabhi phulo me guzari kabhi kanto me jiya	0	0
mai kar lu shadi khana abadi	0	0
tere binaa mai na 	0	0
ke tera haal kya hai, ke tera haal kya hai	0	0
aao kaka ji idhar aao mama ji idhar 	0	0
mai to pehle najar me luta 	0	0
ho yaar ki yaari mujhko yaha talaq laayi	0	0
mohe baanvari banaa_i ke	0	0
chalta hi rahoon rah-e-manzil	0	0
ho ho ho aur koyi tha yeh toh nahi tha pahele mera naam	0	0
mr naidu gir mat jaana, yaha tumhe kal bhi hai aana	0	0
yun chale jaae akele kahaan	0	0
ghode ki dum pe jo mara hathauda	0	0
jiski koi kahaani na ho ho kahaani na ho	0	0
ruk jana o janan hamse do baten karke chali jana 	0	0
chup hue kyo tum	0	0
kahti hai pyar ki kahani	0	0
ambar pe tare haye ambar pe tare	0	0
duneeya ko dikha denge oh	0	0
milate hai dil yahaan, milake bichhadane ko	0	0
inhi logo ne le lina dupatta mera 	0	0
teri rah me kaliyo ne nain bichhaye	0	0
subah se shaam se meraa dostaana	0	0
deewana mujhko log kahen	0	0
jivan ki bagiya mahakegi, lahakegi	0	0
pal do pal ka mela hai	0	0
are munne ki amma ye to bata, tere bete ke aba ka naam kya hai	0	0
vaqt ki gardish se hai chand taron ka nijam	0	0
in bato me dam nahi hai meri jiniya kuch bhi kahe	0	0
yaad ka deepak jalana, jalana	0	0
bahaar bechain hai kisaki dhun par 	0	0
2) hai bujhaa-bujhaa saa dil, bojh saans-saans pe 	0	0
mai dekho jis or sakhi ri	0	0
bechain rahta hai, chupke se kahta hai	0	0
ye aaj kal ke ladke	0	0
mil gayi ankh jo kisi manmit se	0	0
badara ho badara chhaye ki jhule pad gaye hay	0	0
khayalo me khoyi khoyi rehthi ho aise	0	0
jaise mai koi pyasa badal jaise mai koi pyasi badli	0	0
kam a, jayegi sard, ahe meri	0	0
nahi bhulega meri jan, yeh kinara woh kinara	0	0
sach sach bata tu ham se na chupa, bol gori karta vo kam kya hai	0	0
teraa-meraa dharm kaa naataa 	0	0
tap tap aaye meraa aachal bhigoye	0	0
abb hai kya majburi ha kam tha ek jaruri	0	0
suno ke na hamara amiri hai sitara	0	0
thokar me hai meri sara zamana	0	0
bole kangana re	0	0
hai aam se hamko matlab guthali se kya lena	0	0
pyar ka hai ye taar piya jo idhar saje aur udhar baje 	0	0
ke tujhe kuchh bhee yad nahee	0	0
bhaage jo karike tu chori re, ai jiya	0	0
thak gaya hu mujhe so lene do rote kyu ho	0	0
ye angrezi faishan-vaishan mai kya jaanu 	0	0
inn hawao me, inn fijao me tujhko meraa pyar pukare	0	0
jane kya hua mujhko koyi de dawa mujhko	0	0
himmat na har, chal chala chal akela chal chala chal 	0	0
satake, jalake tu kahaan chali	0	0
daulat haram ki, hai ye kis kam ki	0	0
aage tufan, pichhe barsaat, upar gagan me bijali	0	0
ham dil se gaye, ham dil se gaye haay, ham jaan se gaye 	0	0
main aaj yaha kal jaane kaha	0	0
hath pakad kar chalne wale ho gaye rukhsat hath chadake 	0	0
dhadkan ka bandhan to dhadkan se hai 	0	0
milo to milo pyaar se bolo to mithi baat	0	0
kamare me bitha lo bijali kaa kya kam hai	0	0
raaho ke deep khud ban jate pyar bhare dil jalte jalte	0	0
ham saadagi pe aapaki lillaah mar gae	0	0
are aise na mujhko saza de	0	0
pyar ki jaan hai tu dil ka arman hai tu	0	0
pal ye bhi jaanewala hai	0	0
o sun mere diljani	0	0
na ja na ja na ja na ja	0	0
sone kaa bhav sone kaa bhav gir jaye	0	0
ye raah kaha se hai, ye raah kaha tak hai	0	0
badkismat bimar ye budha 	0	0
kal ho jayega bazar me mehanga rashan	0	0
kal rahe naa rahe, mausam ye pyaar kaa 	0	0
mohabbat ke nagme tum bhi na gana,kyo	0	0
jis par tune janam liya	0	0
ek duryodhan bhai	0	0
koi samajha nahi koi jana nahi	0	0
saiyaa ko dekh ke jaane kidhar gayo bichhua	0	0
rang rup hai wo leti badal hey dream girl	0	0
badan mera hai kundan, mera dil bhi hai chandan	0	0
aankhein pher lete hain	0	0
ek kanya kunvari hamari surat pe mar gai hay hay hay	0	0
unka hi ye geet bna ke, mere dil ne diya tumhe	0	0
pyar ka hain pyar hi nam, kahi mira kahi ghanashyam	0	0
baat pate ki hai ye maano jo mera kahana	0	0
raho me dil bichaungi mai tere liye	0	0
phir bhi ho gaya unase pyar	0	0
sapne tere dil pe aaye hai, ho o	0	0
mujhko is raat ki tanhai me aavaaz na do	0	0
kabhi rukate nahi, kabhi jhukate nahi, chahe jo bhi ho ajam	0	0
lo aaya pyaar ka mausam, tere didaar ka mausam	0	0
hosh vala bhi hosh khota hai	0	0
hooo ye kya hua	0	0
aji aise geet gaaya karo	0	0
waffa talaash na kar	0	0
ki chhori koi pasand na aaye tujhako	0	0
mehalo ki tum rani ho 	0	0
papa ko dipu se, mammi ko munni se, pyar hai, pyar hai	0	0
o kabhi tu bhi hamara deedar kar le jhutha hi sahi	0	0
raat bhar maka sone na de botal dikhaye ghadi-ghadi	0	0
uske age teri kya bisat uske age teri kya bisat	0	0
tumhe bhi koi uljhan, rokti hai peshkadmi se	0	0
kaise aaun jamuna ke tir  	0	0
is koyal ki kuk se kaisa lagata hai 	0	0
ki gal hai, koyi nahi, aji ki gal hai, koyi nahi	0	0
rahi jo yahi uljhan to ban jaungi jogan	0	0
tum ho salamat, hamko nahi gham, tum se hamari, duniya jawan hai	0	0
milke man bhare nahi kaisa yeh milan hai	0	0
pyala mere hotho tak aa kar bhi nahi aaya	0	0
chunri mein daag, chhupaaun kaise, ghar jaaun kaise	0	0
pappy tujhe pukarti ganguli yaram 	0	0
jhanki niharu re, o banki banki jhanki niharu re	0	0
udhar se lekar idhar jama kar 	0	0
tere galo ko chulu tere galo ko chulu tere balo ko chulu	0	0
meri aawaaz hi pahchaan hai gar yaad rahe	0	0
leke pahla pahla pyar bharke aankho me khumaar 	0	0
dil ka karar kya hua tumpe to hum mar mite hai abhi se	0	0
ke too aur mai, rah gaye ham nahee	0	0
ek shola sa lahara gaya	0	0
kaho pyar hai tumse, han han	0	0
are tune kaise jan liya	0	0
ho teri chaal hai naagan jaise	0	0
hun yaaro ka mai yaar dushmano	0	0
armaan kisko jannat ki rangin galiyo ka	0	0
sajana ke ghar chali jayegi jo bahana	0	0
dost dost naa raha, pyar pyar naa raha	0	0
rit ki todi prit ne jodi rit ki todi prit ne jodi apni khub banai re	0	0
dekhi rekha are dekhi rekha	0	0
mere beghar premi me tumko kaha basau	0	0
chalte hi purvaayi, milte hi tanhaayi	0	0
ke teri meri nahin nibhni ke teri meri nahin nibhni	0	0
pyaar kar le ghadi do ghadi	0	0
aajkal tere mere pyaar ke charche har zabaan par	0	0
mai tum me sama jaau, tum mujh me sama jao	0	0
ke jahaan meraa yaar basta jind meriye	0	0
sara jahan hamara	0	0
chal dege le jaaegaa dil jidhar	0	0
mere liye to sach bhi bharam hai	0	0
main bangali chhokra 	0	0
daiyaa! phir jhumka giraa re ham dono ke is pyaar me	0	0
yaad aa gayi wo nashili nigahe	0	0
mere desh ki dharati sonaa ugale, ugale hire moti	0	0
zindagi meri tujhe yaad kiye jati hai	0	0
sab bujh gaye diye, kaise koi jiye	0	0
pyaar hame bhi sikhalaa degaa, garadish me sambhalanaa	0	0
mai dhundhu tu chhup ja, mai dhundhu tu chhup ja	0	0
o aur bhi chadh gayo naa gayo paapi bichhua	0	0
aa rahi hai ye sada mastiyo me jhum ja	0	0
tumko piya dil diya kitne naaz se	0	0
sare mehfil mera imaan beyiman ho gaya yaro 	0	0
har sitare ka dil phir toh dhadaka kiya	0	0
mere hamdam mere meharabaan	0	0
kaise karegi tu dance baby	0	0
tum kabhi ankh me kaajal bhi lagaya na karo	0	0
to hame yaad dilana, ho, bhul na jana	0	0
hai ye diwaangi bhi qubool tum agar 	0	0
tere liye zamana tere liye aur tu mere liye	0	0
baat nikli, to har ik baat pe rona aaya	0	0
ulta chor kotwal ko dante ho gayi kaisi duniya re	0	0
pehle kismat ki maar  	0	0
ban gayi teri pujaran teri meri nahi nibhani	0	0
kya dekha tha tujhme, dil tera ho gaya	0	0
intazar tera karati hun, aahe mai bharati hun, raato me 	0	0
log band kamaro me, chain se jab sote hai	0	0
pyaas naa bujhaaye aag si lagaye	0	0
aisi bhi anjan nahi mai ab sajana	0	0
zamee par panv mat rakhna kahi maila na ho jaye	0	0
uff teri masti uff tera jalwa	0	0
ham vafaa karake bhi tanahaa rah gaye	0	0
dhire se jana khatiyan me	0	0
pyaar se mai bhar dun,	0	0
duje ke hotho ko, dekar apne git	0	0
zulm ke saaye mein pale	0	0
aa mil mere jivan saathi, o 	0	0
o maajhi re ja_iyo piyaa ke des	0	0
nikali thi ghar se jane kis kam se	0	0
aag bani punam	0	0
dono ke man se man ke milan se lagate hai saragam ke mele 	0	0
aaj tankha badi hai to majbur magan 	0	0
arre kah do ke aa rahe hain saahab naha rahe hain	0	0
ab kya hoga anjam mujhe buddha mil gaya	0	0
saare shahar me nahi tujh si koi hasina	0	0
mout mita de chahe hasti yaad to amar hai	0	0
ye mana tu mera diwana hai tu har ek shamma ka parwana hai	0	0
ek saval mai karu ek saval tum karo  	0	0
kasam hai tumhe wo kasam tod dalo	0	0
ho panna ki tamanna hai ke hira mujhe mil jaye	0	0
aane vala to aaye ga	0	0
re ga ma pa ma ga re sa re pa re pa 	0	0
ke yado ki ye barsate	0	0
ek jagah kab thahre ho tum chhodo chhodo hum to parwane hai	0	0
mera kya mai gum ka maara, nashe me aalam hai sara yaar aha	0	0
baadal me jyo bijali chamke	0	0
ye pooja karwaye apne 	0	0
1) so gayaa chaman chaman, so ga_i kali-kali	0	0
kya jina mera	0	0
tujhako nazar kar dun,	0	0
sari sari raat jaagu du mai duha	0	0
himmat na haar, kar itazaar, aa laut jaae ghar ko	0	0
bhule se jo humko yaad kare	0	0
a teri tasver bata dun 	0	0
dekh abhi hai kachcha daana pak jaaye to kha	0	0
abb duwa arsh pe abb duwa arsh pe jati hai asar lane ko	0	0
dil ki duniya layi mai 	0	0
karungi tere baat se solah shringaram 	0	0
aisa kaha re aisa kaha re	0	0
jeetne mera man	0	0
raat bhar moya sone na de bhopu bajaye ghadi-ghadi	0	0
naam hamara hota gablu bablu	0	0
chain aae mere dil ko duaa kijiye	0	0
o ho manjil hai apni raaho me aakash hamari baanho me	0	0
chubh gaya kanta chubhne do	0	0
are kuchh bhi kar divane rahege ye anjane 	0	0
ho jhuki jhuki nazar nazar uthi aise mili 	0	0
kaun har kisi ki baahe, baaho me daal le	0	0
nayi umange sang laayega har din aanewala 	0	0
mai haqiqat hun ye ik roz dikhaaungaa tujhe	0	0
kya naam hai is cheez ka, isase tera kya wasta wasta	0	0
itani si bat na samajha zamana	0	0
pyaar kaa rang na chhoote	0	0
har jayi ye aadat todi hai todi hi rahne do	0	0
mujhpe aitbaar hai, haan hai 	0	0
kaate kate na biraha ki ye raate	0	0
dil ki pukaar raahi matwaale 	0	0
humare siva tumhare aur kitne divane hai	0	0
jab zulmo ka ho samna	0	0
koi bhi teri, raah na dekhe, nain bichhaye na koi 	0	0
o ni sultaanaa re ni sultaanaa re	0	0
birha ki dhoop me saathi bane hai 	0	0
isi mast najar se pilaye ja 	0	0
haay tir-e-nazar ka nishana hun mai 	0	0
mai khushi khushi use ye dil de dunga	0	0
sikho, zara sikho andaz pyar ka hamse tum	0	0
honi to phir bhi bichhada yaar milaye  	0	0
naina barse rimjhim rimjhim, naina barse barse barse	0	0
hay rang bhare haatho se zara khol de pat ghunghat ka	0	0
gaanv me do premi rahte hai	0	0
ye hai dil ki lagi, ye nahi dillagi, aate hai kai tufan	0	0
chaand si gori shokh hasina, hay mushkil kar gayi marna-jina	0	0
kar deta hai re mujhe bekal 	0	0
khilona jan kar humdum, mere dil ko na todo tum	0	0
dekh ke tera rup salona	0	0
ham jisako hamara kahte	0	0
tumhe hi dhundhati hai meri viran nigahe	0	0
haye o ta ra ra ru, haye o ta ra ra ru	0	0
mera vo sab jahilpan gaya	0	0
manjil ye apni hai dil mera bole hai 	0	0
dhup ne hum ko gher liya	0	0
sabki tabiyat karu saaf dilli ho ya kalkatta	0	0
kahin dil me kaante chubhaate hain ye	0	0
to mann usiko mane	0	0
mehnat-vaalo ki sunta hai vo upar-vaala	0	0
to nam badnam nahi aisa chahiye	0	0
   	0	0
kaise magar koi dil ko samjhaaye 	0	0
yaaro tham lena, tham lena meri baahe	0	0
yaara teree yaaree ko maine toh khuda maana	0	0
rambha ho ho rambha ho ho rambha ho ho rambha ho ho	0	0
chad bhi apani puri javani pe tha	0	0
7) rivaazo ki paravaah naa rasmo kaa dar hai	0	0
jamunaa ki lahare basibat ki chhaiyaa	0	0
tauba tauba meri tauba	0	0
hai agar dushman hai agar dushman dushman	0	0
saudayi hoga, ham to nahi hai	0	0
teri soharat sun sun ke ummide laya hu	0	0
ae husn ke maalik taras gaye	0	0
koi atom bomb banaata hai, aman ke naam pe dekho wo	0	0
mili khaak me mohabbat	0	0
manawa ye jale hain, jag sara chhale hain	0	0
ha sida ghar aaye	0	0
koi na apna siwa tumhaare	0	0
tumhi ho naiyya tumhi khewayya	0	0
aaj ki taza khabar, aao kaka ji idhar 	0	0
 ye vaadaa rahaa)			-2	0	0
rut-vut shaam-vaam mai kya jaanun re	0	0
oh laila, oh laila	0	0
teri raaho ko humne chhod diya haye chhod diya	0	0
taarif meri itni karo na 	0	0
fir tere pyar ka mastana chala jayega	0	0
ye pid kahaan se uthati hai, ye ankh kyo roti hai	0	0
gali-gali guzre jidhar se	0	0
aurat hai vahi aurat jise duniya ki sharm hai	0	0
pyar mohabbat ke siwa ye jindagi kya jindagi	0	0
tere husn ki kya taarif karun 	0	0
o o o	0	0
dekho dekho tere hatho me hai	0	0
dil ki lagi ne li angadayi	0	0
bada anmol hai nagina 	0	0
is khaatir se tere dwaar liyo mai ne pallo daar 	0	0
khushiyo ki kaliya jhumengi, jhulengi, phulengi	0	0
tere liye jina hai tere liye marna hai	0	0
chal chameli chameli baag me, mewa khilaunga	0	0
yari ho gayi yar sey, lak tunu tunu	0	0
agar mang le too, o janae jigar	0	0
aap to gyaani hain, antryaami hain 	0	0
are laila, o meri laila are aaja meri baho me aaja	0	0
pa dha ni sa ni dha pa ma ma dha dha dha pa ni sa	0	0
mai bhi jiyun tu bhi jiye	0	0
aise meri bharpur jawani 	0	0
we and you cha cha cha, du ru cha cha cha	0	0
aankhe na samajhe	0	0
pahale teri aankho ne lut liyaa dur se	0	0
tu meri banho me ya mai teri banho me hu	0	0
dada ji dekh rahe hai jamana to hai noakr biwi ka	0	0
yaad teri aaegi, mujhako badaa sataaegi	0	0
do ghunt pite hi lekin ye honth jal jate hai	0	0
ho ho sanam teri kasam, sanam teri kasam	0	0
jalane wala ag bhi laga sakata hai	0	0
tir tirchhe ho tir tirchhe chalaane ka fan allah allah	0	0
chhota hi sahi par dil hai bada	0	0
hamari na mano sipahiya se puchho		0	0
aandhi ki tarah udakar ik raah guzarati hai	0	0
mar ke amar hai sahagal 	0	0
hum intzaar karenge hum intzaar karenge 	0	0
jane kab aaye din, din dhal jaye	0	0
yaadon me vo sapano me hai jaen kahan	0	0
mere dil me hardam jale mere dil me hardam jale	0	0
abhi ye dukaan hai khuli	0	0
manzil mere dil ki vahi hai	0	0
jhukati hai palake, jhukane do aur jhum ke	0	0
duniya mujhko raas na aayi, pahle kadam par thokar khayi	0	0
bachapan in paapo se hatkar apni umar guzaare	0	0
mehandi ka rang lagaana hai	0	0
jhar jhar jharte huye jharne mann ko lage harne	0	0
main lagu tore paiya na chhod  mori bainya	0	0
khud ko khud ki khabar	0	0
mai hu suhagini teri balam	0	0
hamko abb tak ashikui ka woh jamana yad hai	0	0
tam tam wale ne chabuk dikhaya	0	0
tum mil gaye to badal gaye din jiwan ke	0	0
kya jaane kaise rangon me dhal jaate hain	0	0
sambhal mere saath chal tu le haatho me haath chal tu	0	0
rajamand kar li	0	0
behosh nahi fir bhi mai hosh gawa aaya	0	0
mere jalavo ki khata hai jo yeh divana huwa	0	0
sun champa sun tara	0	0
dukh sah sah kar chup rehna hain	0	0
o majnu ke nana	0	0
nazro me teri mai bura sahi, adami bura nahi mai dil ka	0	0
raamapur ka vaasi hu mai laxman mera naam	0	0
kal maine dekhi ajab hasina, ha ma 	0	0
pyar ke jamane mile husn ke khajane mile 	0	0
tut na jaaye kabhi ye pyaar ki qasam	0	0
mohe rusadiye te rus jaaye 	0	0
na gori hai na ye kali, ho ho ho ho ho ho 	0	0
jalate hai jisake liye, teri aankho ke diye	0	0
ye parwana-e-shama, mehman hai ik raat kaa	0	0
are o o o o	0	0
tumse dil ka chain hai tumse hai karar	0	0
dur kahi balam ke dil me rahungi mai	0	0
chute mata pita, chhute vo balapan	0	0
mil jata hai yak bay	0	0
yeh dil tumhare pyar kaa 	0	0
mai to marataa hun to kyaa aur bhi marate hoge	0	0
sitam kaa hadh se badh jana tabahi ki nishaani hai	0	0
nirbal se ladaai balavaan ki 	0	0
ke vo kya tumhaara le gaya 	0	0
charcha ho dafan ka	0	0
bahut ho chuke dur rahakar ishaare	0	0
kaato pe chalne ka kya hai fayda	0	0
o mere sona re sona re sona re 	0	0
oo dekh bahe teri bijli si ek meri	0	0
mujhko bana diya hai gunaho ka devata	0	0
khoj rahi hai piya pardesi ankhiya 	0	0
ek mayakash ja raha tha may se rishta jod ke 	0	0
jhankar ki si thar thari hai tan me	0	0
chain gavaya maine nindiya gavai	0	0
aaun jamuna ke tir jamuna ke tir jamuna ke tir 	0	0
mai khush hun mere ansuo pe na jana	0	0
kabhi ban ke badal ansu bahae	0	0
aanewala pal jaanewala hai	0	0
hum aaj kahe tumko apna	0	0
chhod  chalee mai laaj ka pehra jaane kahan akelee	0	0
aate jaate raste me yade chhod  jaata hai	0	0
jo tumne kiya jo hamne kiya wo jane do jane do	0	0
kutte sa peeche daude, pakde to phir na chhode	0	0
log ye kahte hai ji, log ye kahte hai ji	0	0
isako sanjog kahe ya kismat kaa lekha, ham jo achanak mile hain	0	0
banda usaka pata bhee nahee jaanata	0	0
bhigi aankho se hi unki, aaj duaaye le le	0	0
zulf shaane pe mude	0	0
maine tujhse mohabbat ki hai gulaami nahi ki balma	0	0
kya hansi raat kya muhurat hai	0	0
parda nashi ko be-parda na kar dun to to to	0	0
tune mera dil toda mar jau mar ktari	0	0
mere armano ke pankh laga ke, kaha ud chali	0	0
tu ishq ke tufan ko baho me jakad le	0	0
bewafa pyar me kab talak ye parda	0	0
dil ki kismat me likhi thi nakamiya	0	0
laakh pahre zamana bithaye laakh deewaare duniya uthaye	0	0
tum ho bade balwaan prabhuji meri laaj rakho main ek nanha sa	0	0
aag pani me lagate huye	0	0
pal bhar ke liye pal bhar ke liye	0	0
kya karu mane na meri jawani divani	0	0
kuchh ukhda ukhda rehta hai	0	0
ladki, milan, git gaata chal, pyaar ka mausam, besharam	0	0
meri zindagani hai meri mahabuba, mahabuba	0	0
tham ke tham ke	0	0
saj rahi are ha saj rahi	0	0
ulafat me taj chhute, ye bhi tumhen yad hoga	0	0
aankho ke is tufaan ko pi ja 	0	0
kauva roti layega lake use khilaega	0	0
jaapaan love in tokyo 	0	0
tum jo suno bangali gana 	0	0
pheregi dhire-dhire too mere gale par yeh baho ke kanjar	0	0
toba toba, ye nigaahe may ki botal jaisi baahe	0	0
nau din tak naa ruke pasina	0	0
tera rup leke hum sharabi se jhumte	0	0
saj rahi gali meri maa chunari gote me	0	0
piya piya piya	0	0
babuji tum kya-kya kharidoge	0	0
mauj manayenge sathi	0	0
main rassi se khichwaaunga, main ped pe chadh jaaungi	0	0
lo aaya pyaar ka mausam visaal-e-yaar ka mausam	0	0
tuu mahke jaise raat ki rani 	0	0
ye sabka dil bahalaaye mai inka dil bahalaaun 	0	0
in reshami raaho me ik raah to vo hogi	0	0
kala aathavi ye hai ki mai pyar se milta sabse	0	0
aapane yaad dilaayaa  	0	0
hamre des me kehte the har ladki hindustani	0	0
    violins and flute again play havoc in your mind	0	0
tum yad bahut aate ho tum yad bahut aate ho	0	0
gaao aao	0	0
lakh pahere yaha, pyar dil me pale bhi toh kya hai	0	0
na mere dil ki dhadkan ladkhadaye, meri bato me	0	0
na hataa paayaa diye ko apani aan se	0	0
dil ko mere tadpa ke na chal	0	0
dekh nishane par rakha hai kab se maine dil	0	0
maar daale na dard-e-judaai kahi	0	0
bachati bachaati chhupati chhupaati	0	0
to ye mera bangla hai aur ye mai hu	0	0
koi to ban jaata hai khivaiya	0	0
ambar pe khulegi khidaki ya, khidaki pe khula ambar hoga	0	0
haan waada yeh waada raha	0	0
koyi dekh le to dekh le, koyi jan le to jan le	0	0
jungal mein more nacha kisne dekha 	0	0
kothe se lagado sidhi kaa kya kam hai 	0	0
tu hi nazaro me, nazaro me	0	0
patthar pighale dil ye tera nam hoga ki nahi	0	0
zaahid sharaab pine de masjid me baithkar	0	0
khushi ho ya gum bant lenge 	0	0
are aya hai mauka le ab tu bana sanvarana	0	0
jaan-e-man jaan-e-man	0	0
sani ji sajni ji  jo huaa so huaa 	0	0
patjhad aate hi rahte hai 	0	0
sare bhed khul gaye, raazdar naa raha	0	0
na to yaad tumhe, na to yaad hume	0	0
hoke majbur mujhe usne 	0	0
ham to samajhe the ki ham bhul gaye hai unko	0	0
eh jaan bhi jaaye agar yaari mein , yaaro gham nahi	0	0
teri do takiya di naukari te meraa lakhon kaa sawan jaye re	0	0
mere khayaal me khone se fayada kyaa hai	0	0
tere aachal par koi git likhuu, git likhuu	0	0
kar lo kabhi to hans ke do baate	0	0
dete hain bhagwaan ko dhokha,	0	0
ful chaman me pyare bhee honge	0	0
ik dur se aati hai paas aake palatati hai 	0	0
jab se bahar ayi bagon mein tab se	0	0
ragi hai mausam, tere dam ki bahar hai	0	0
nishaani koi pyaar ki to chhod  jaayege	0	0
humne duniya me aake bas do hi to kam kiye	0	0
mai jab se tere pyaar ke rango me rangi hu	0	0
is zindagi ke, din kitane kam hai	0	0
kabhi tujhako gila mujhase, kabhi mujhako shikayat hai	0	0
nain ke niche niche,  rahun tere pichhe pichhe	0	0
yun to hamane laakh hasi dekhe hai 	0	0
are lakho me tu ek hi jane jigar hai	0	0
nashe kee raat dhal gayi ab khumar naa raha	0	0
aur bhala sach hai kya, sab sach hai	0	0
mujhko shehar mein le aayi	0	0
nakal ka dhandha chal nahi	0	0
ye bekar benam ki chiz hai, kam ki chiz hai	0	0
aankh mili aur dil ghabraya	0	0
ajanabi tum jaane pahachaane se lagate ho 	0	0
chand bhee hoga, tare bhee honge	0	0
hairaan hu mai dekh ke 	0	0
dil gum se hairan hai meri dunia viran hai	0	0
aankh milaaye na muskuraaye na muskuraaye na 	0	0
vo aage sab piche chad jaye chat pe utare na niche	0	0
barkha ko dhundata hu sawan ko dhundti hu	0	0
teri bhi aankho me, aasuo ki nami to nahi 	0	0
aadat na chute re kabhi	0	0
chal ye banda aisi hi chal jaye	0	0
sadaa dil kaa daaman bhigote rahoge	0	0
hamne suni dil gaye haar	0	0
ganga maiya me	0	0
ham tum yu hi hans khel rahe ho aur aankh bhar aaye	0	0
ek dal par tota bole, ek dal par maina	0	0
hey nile gagan ke tale, dharati kaa pyar pale	0	0
lo aaya pyaar ka mausam mere dildaar ka mausam	0	0
bansi jo gir ke tut gayi to, mai geet gaaunga	0	0
hi you, how are you, very pleased to meet you	0	0
niche jamin hain, duniya hasin hain	0	0
dunia ari kidhar hai ri tu	0	0
mere tute huye dil se koi to aaj ye puchhe	0	0
kuchh hans ke, kuchh gam ke	0	0
kayi kayi baar	0	0
shisha-e-dil itna na uchhalo	0	0
mahfil  jalte hai kai raato se	0	0
kal ruke na ruke, dolaa bahaar kaa	0	0
lay na tute taal na tute chhute ye sasar	0	0
jholi bhar ke jaunga ya mar jaunga	0	0
mera rasta pyar ka rasta, mai ashiq hun baharo ka	0	0
nahi bilkul nahi, haan teri qasam aaunga	0	0
aasmaan mein ...	0	0
o jao jao kisi vaid ko bulao, main hu prem rogi	0	0
ho mohabbat ka matalab hai kya, kal tak ye jana na tha	0	0
are, kaisa sidha sada mai kaisa bhola bhala	0	0
phul raaho me bichhau main pyar ke	0	0
nazar aiyega nazar aiyega	0	0
hai agar dushman dushman	0	0
roz pakhand rachaye	0	0
itna to soch yeh mausam suhaana kya kahega	0	0
saanso me teri khushbu hai	0	0
lahar uthe re mere tan me	0	0
gehrayi man ki, gehrayi man ki	0	0
chhip rahe, hai ye, kya dhag hai apaka	0	0
mil gayi manjil dur hui mushkil dil se mile hai dil	0	0
ye anokha jahaan, hardam dhokha yaha	0	0
r: rimajhim barasataa saavan hogaa	0	0
kya kaha phir se dohrana na	0	0
aisa hai to haath lagaakar hamko uthaana	0	0
mar ga marga mai bika bin mol ko	0	0
hona tha so ho gaya kisika bhi qusur nahi	0	0
rah sakta hu, abhi nahi	0	0
chup chup rah ke, lutaya dil tujhpe	0	0
tum mil gaye to badal gaye din jiwan ke, din jiwan ke	0	0
aankho se tu pi aur aise hi tu ji	0	0
maine ek baar teri ek jhalak dekhi hai	0	0
insan kaa nahee kahee namo nishan	0	0
ye zid chhod o, yu na todo, har pal ek darpan hai	0	0
yaha tan hai ujale, magar dil hai kale	0	0
piya piya bole matvala jiya	0	0
tu mujhko na pehchane, mujhe tu bhi na jane	0	0
ye sach nahi ye jhuth hai 	0	0
pal bhar me ye bana ye gira	0	0
are sukar shani kate muskil se, aaj hai etwar	0	0
jisane, jisane gulabi rang bina dupatta mera	0	0
abb toh ho gayi bawariya	0	0
bhole bhaale, bhole bhaale dil ko bahalate rahe	0	0
chal chameli chameli baag me, jhula jhulaungi	0	0
	aa jaa re o mere dilabar aa jaa	0	0
hoshiyar, khabardar	0	0
zulf zid karake kisi ne jo banai hogi	0	0
yahi ghar apna banane ko panchi kare dekho 	0	0
iname chhut aur chhaat nahi, jhuthi jaat aur paat nahi	0	0
mujhko apni khabar hai na dil ka pata, jadugar baalma	0	0
mungda, mungda, mungda, mai gud ki dali	0	0
nind meri aankho se dur dur bhage	0	0
raj-dhan gaj-dhan raaj-dhan anaaj-dhan 	0	0
mere desh	0	0
jaane kis kisaki aaegi sazaa	0	0
sapano ki mahafil me 	0	0
mere angane me tumhara kya kam hai	0	0
aap yu hee agar ham se milte rahe	0	0
kaha shahajaha ne meri nazani tujhe duga tohafa bada dilanashi	0	0
zindagi khwaab hai	0	0
us par rakibo ka ye dar, lag jaaye unke hath agar	0	0
jaye nahi bit re	0	0
meri jaan aao baitho paas ke hamko neend nahi aati	0	0
kahaan tak bhalaa ji ko maare rahege	0	0
titli kahe main chali aakash	0	0
chal sanyasi mandir me teri mala mera gajara	0	0
jawan bahar kinaron pe ani-jani hai	0	0
kaali ghataa hai mast fazaa hai, jaam uthaakar ghum ghum ghum	0	0
kaise bichhadi 	0	0
ek dhundh se aana hai ek dhundh me jaana hai	0	0
tufaa me khili aasao ki kali ab gum kya hai, gum kya hai	0	0
papa mammi milate hai, chupke-chupke haste hai	0	0
jaha teri ye nazar hai, meri ja mujhe khabar hai  	0	0
o bhala itni dur se kahu kya hujur se 	0	0
jis din teri chita jali, roya tha mahakaal	0	0
kaiso re paapi bichhua bichhua	0	0
zara bach ke sambhal ke ji rahna	0	0
jodti hu mahndi vale hath	0	0
hume bas ye pata hai wo bahot hi khubasurat hai	0	0
jisaki biwi lambi usska bhi bara nam hai, jisaki biwi lambi	0	0
nake kisi divane ko	0	0
barsaat bhi aakar chali gayi	0	0
mai har chilman ko todunga	0	0
pyar bhi rutha yaar bhi rutha 	0	0
main to jiyarwa hari hari hoy hoy hari hari 	0	0
o humse sanam kya parda	0	0
o tere naino ke mai dip jalaunga	0	0
logo ka dil agar ha jitna tumko hai to bas mitha mitha bolo	0	0
lat lat kare kare kare kare matware 	0	0
badnaami se dar lagta hai	0	0
kisi ko daulat ka nasha, kahi muhobat ka nasha yaar aha	0	0
ek mithi katari, hamare dil me utar gai hay hay	0	0
na seene se hatao hath ke hamko neend nahi aati	0	0
kahe jaadu kiya mujhko itna bata jadugar baalma	0	0
achchhaa yah bataao kahaan pe hai paani	0	0
kuchh paa liyaa gavaa_i ke~	0	0
haay mera dil luta 	0	0
sima se zara tum aage bado toh mile zara aram  	0	0
ye duniya jalegi, jalan ki hai mari	0	0
diya nahi piya	0	0
rahane do jam samane sab kuch yahi to hai	0	0
ye maya sath na jayegi ye maya sath na jayegi	0	0
aa jaa	0	0
sar uthaanaa yaa jhukaanaa 	0	0
patthar dil hai ye jagvaale jaane na koi mere dil ki jalan	0	0
mere chaman ka har ik phool muskurane laga	0	0
laj aaye sakhi kaise du mai bata	0	0
hooo ye kya hua	0	0
har saal calender chaap diya	0	0
shala, shala, shala, shala	0	0
kaise koi jiye zahar hai jindagi	0	0
o karnal sih o jarnail sih o tussi bhi suno pappe	0	0
bin dekhe mujhako dikhata hai sab sajana	0	0
aaye hain lene hamko dekho baraati	0	0
sar ko kadmo me jhukaya to bura man gaye	0	0
rang bhara pyar ka ye sama	0	0
hamari na mano sayyan ragrajava se puchho	0	0
mat socho ki sasta hai sauda 	0	0
khilate hai gul yahaan, khilake bikharane ko	0	0
hamne bhi wahi sikha jo is duniya ne sikhalaya	0	0
ho kutta gadde pe soye, manav jaat ghar ko roye 	0	0
samne aaye kiska jigar hai 	0	0
vaapas mera dil mod ke, e e 	0	0
aur bhi tum tasavir bane	0	0
teri ulfat me, burai to nahi magi thi	0	0
kab sunte hai dil ke nale	0	0
aur pajaabi me kahate hai teri to	0	0
tum jaisa chaho rahe waise hi ban ke	0	0
oh    eh   qurbaan qurbaanâ€¦oy oy oy	0	0
main jaha tha, inhe jana hain waha se aage	0	0
na koi mera ghar hai na koi thikana	0	0
ho sake, toh use, mere dil se tu nikal	0	0
tum pe faisla ye mai chodta hu	0	0
andhe ko kya khabar hai, hai koyi najar vala	0	0
bhari bahaar me shor na machaao	0	0
phir kyo jate vaqt musafir roye aur rulaye	0	0
chin-o-arab hamara	0	0
waha dastan mili lamha kahi nahi	0	0
khub sune aur khub sunaye kisse agle-pichale	0	0
dil apna	0	0
kha ke dekho very very good mera charali badam pishta	0	0
ye duniya ke badalte rishte	0	0
cha cha cha, cha cha cha	0	0
mili ik ajanabi se	0	0
koyi jab roke koyi jab toke, gungun karta bhaage re	0	0
tum mile mujhe naya jahan mil gaya	0	0
ho ho sanam teri kasam, sanam teri kasam	0	0
chahe gulo ke saye se khelu chahe kalee se pyar karu	0	0
ye pyar ke din hai ye pyar ke din hai ikrar ke din hai	0	0
dil kitna khali-khali ho jayega	0	0
yahi vo raz hai jo zindagi se hasil hai	0	0
ina mina dika dika de dai damonika 	0	0
(vaadaa kare le saajanaa	0	0
parbat parbat gulshan gulshan, mele milan ke lage	0	0
ankho ke raste tu hansate-hansate 	0	0
hasin taaro ne doli meri sajaai thi 	0	0
darpan tumhen jab daraane lage	0	0
bal gwal ik ik se puchhe kahan hai murali wala re	0	0
ye baag hai gautam naanak kaa khilate hai chaman ke phul yahaan	0	0
chhodo bhi ye, duniyaa kaa dar	0	0
kapde ka vyapari	0	0
hanse roe sadaa mere sath jo, soe jage sag din raat jo 	0	0
sasur mera raaja shehnaai hai na baaja	0	0
isse kasrat kon karaye	0	0
sone ka chabutra uspe nache mor	0	0
are kothe se lagado sidhi kaa kya kam hai 	0	0
o haay-haay re mar gai koi utaaro bichhua	0	0
duniya ke ho lakh dharam 	0	0
ya lala roshandaan	0	0
ajab hai malik tera jahan, chirag kahan roshni kahan	0	0
dilbar rakhkar haath yeh keh do humse pyaar nahin hai	0	0
ye raat bheegi bheegi ye mast fijaye	0	0
aur chabhi kho jaaye, aur chabhi kho jaaye	0	0
jaae to jaae kahaan  	0	0
hay duniya hui re mere pyar me divani lakho ki mai diljani rama	0	0
char minar chauda bech do tanga ghoda	0	0
pucho na yar kya hua	0	0
yaad karegee duniya, teraa meraa afsaana	0	0
ye pal pal ujaale, ye pal pal adhere 	0	0
me yaha se vaha	0	0
o sidha kar dunga what baby	0	0
chala ja raha tha mai darta hua hanuman chalisa padhta hua	0	0
sab lafado kaa bojh hate jab pade haath ik tagadaa 	0	0
rah me ras rachaye	0	0
bhul ja, bhul gayi	0	0
chori chori koi aye	0	0
tum sang preet hamari	0	0
humsafar ka sath reh gaya	0	0
solah satrah, satrah solah	0	0
pichhe rah jaaegaa ye zamaanaa	0	0
dulha dulhan sath nahi baja hai barat nahi	0	0
mujhe duniya valo, sharabi na samajho	0	0
hoy kurbani kurbani kurbani, allah ko pyari hai kurbani	0	0
ham dono ki kadar, kisi ne na jani	0	0
lut le jaaye vo dil mera	0	0
chhuda ke hath apno se chali aayi mai gairo me	0	0
hai malum ki jana hoga duniyan ek saray	0	0
duniya ne kitna samajhaya	0	0
ham bhi qayamat se nahi kam 	0	0
dil par rakh kar hath karo pahle humse ikrar	0	0
mein hoon vohi, mein hoon vohi	0	0
magar kyon, shadi to barbaadi hai	0	0
bas itni nishaani leke chale	0	0
chalo sajanaa jahaan	0	0
﻿ajnabee	0	0
lagati nahi thik niyat tumhari	0	0
tu sher samjhta hai khud ko tu sher samjhta hai khud ko	0	0
o paaro mujhko mila pyar tera	0	0
ladki oye	0	0
kahaan, yahi yahaan koyi aata jaata nahi	0	0
mai kaise kar lu pyar din albele pyar ka mausam 	0	0
aji puch lo kisi ye khulm khula raaz hai	0	0
aa hi gayi main baahon me teri, dil ne yun dil ko pukaara	0	0
is ishq me dil haar ke kya yaar humko mila	0	0
thik nahi tarsana chhod  bhi de tadpana	0	0
zindagi mera gana, mai isi ka diwana	0	0
duji umar mastani	0	0
tujhe ganga mai samjhunga, tujhe jamuna mai samjhunga	0	0
bachke rahna re baba tujh pe najar hai	0	0
ki tha wo sapna	0	0
sawere waali gaadi se chale jaayege 	0	0
suhaanaa safar aur ye mausam hasi	0	0
bahon mein teri kyon, auron ki bahen	0	0
meri baraso ki puny kamayi thi haan kamayi thi	0	0
gunjati har dishaa me nayi raagini	0	0
baithhi baithhi sochu main, woh to chal de mujhko das ke 	0	0
sun jiniya nahi karunga ab galti	0	0
chand ki aaj kya zarurat hai	0	0
koi sanam is naam ka, koi gali is naam ki	0	0
both: tasavir teri dil me,  jis din se utaari hai	0	0
off ho chhodo na	0	0
mere sath chal mere hamsafar, abb teree meree ek dagar	0	0
raghupati raghav raja ram	0	0
na milataa gham to 	0	0
mere hamsafar ab to bata	0	0
vahi chunkar khaamoshi	0	0
suratiyan hasi ho, umariyan javan ho	0	0
kisi dushman se nibhaaogi to mushkil	0	0
chitti chori aisi gori gori gori chitti chori	0	0
chal dariya par kashti le chal dur kahi beh jaye	0	0
aaj nahi toh kal dream girl, dream girl	0	0
teri nazar ne meri nazar se bin bole ik bat kahi hai	0	0
dip dharu dhup dharu, prem sahit bhakti karu	0	0
ki mara gaya brahmachari	0	0
piye bin aaj hame chadhaa hai nashaa	0	0
o moti, o moti, o moti moti moti	0	0
mainne chaha ke bata du main hakikat apani	0	0
are ghar-vali bin ghabaraya dil to saliji tumako bula lunga	0	0
isaq visaq batlaaon aai rut mastani 	0	0
pairis ki ek ragin shaam	0	0
o bichhua	0	0
dil pe usne jo haath rakha aa gaya aaram	0	0
achchho ko buraa saabit karanaa	0	0
tu hain toh duniya, kitani hasin hain	0	0
ji, koi gair to nikalaa	0	0
aaj jaam-e-may uthe, in hotho ko chhuke	0	0
sar pe tere, ha ha tere hai bojh saara	0	0
kahi sikh lenaa na iski adaa	0	0
kabhi tune socha raste men gaye mil kyon	0	0
bite tere jivan kee ghadeeyan, aaram kee thhandee chhanv me	0	0
me yaha, tum kaha, me yaha	0	0
mujhe bhi log kehte hain, ki ye jalve paraye hai	0	0
kho gayee kho gaye khushbu hawa me kuchh na reh gaya	0	0
mai laya mazedar chana zor garam	0	0
ek pardesee meraa dil le gaya	0	0
tumne chhuwa to taar baj uthe man ke	0	0
dil tut jae to kya ho ajam	0	0
raah me kho jaaenge aaj to	0	0
jayi jo jayi, jayegi kaha ai pori	0	0
kadam kadam par rang sunehra yeh kisane bikhraaya	0	0
koyee chingaree chhu lee, julie	0	0
kuch ho gaya to phir naa kahna	0	0
mai hu bahar chhodo na baiya, aaj gito se rang dungi saiya	0	0
aakhri salaam lete jaana jaate ho jaane jaana	0	0
udne ko bekaraar	0	0
mai dushman to nahi, magar ai hasi	0	0
kuchh maang eh bande mere	0	0
koi khushi la raha hai dekho gum ja raha hai	0	0
ik chiz mangte hai 	0	0
haaye jawani deewani	0	0
bada tadpati hai dil tarsati hai, ye khidki khidki 	0	0
dir dir ta tuum ta da ni, ta na na na ta na na na	0	0
tera dil me basera o saajna	0	0
thokar me hai meri sara zamana 	0	0
hay mai kisaki baat karu dil meraa hi ghayal hai	0	0
tune kiya jo shikwa, ham wo gila kar na sake	0	0
mora sukh chain bhi, jivan bhi mora chhin liya	0	0
umango kaa saagar umadne lagaa hai	0	0
oo teri rab ne bana di jodi teri rab ne	0	0
mere mehboob	0	0
mit na re mit na milaa re man kaa	0	0
miljul ke maanga, woh tera mera hoga	0	0
koyi kahe preet hai ye koyi kahe pyaar hai	0	0
ha raat bhar mua	0	0
maine maana hua tu diwana zulam tere saath hua	0	0
ki:	aa jaa re	0	0
jaagi nazar ka khwaab hai jaise	0	0
bikhra hai kajal fijao me bhigee bhigee hai shame	0	0
kis badal ne aag lagai 	0	0
yashomati maiya se bole nandlala	0	0
neet sanjh savere milate hai 	0	0
dhire dhire ghunghata sarkavo sartaj	0	0
ye teri galiya chhod  ke, e e 	0	0
ek doosra jab de sadaa hoke dewaana	0	0
ho chhedo tarane milan ke pyare pyare sang hamare	0	0
koi meri aankho se dekhe to samajhe	0	0
gham toh kisi begane kaa nam hain jam hai payam hai jindgi	0	0
ek anjaan hasina se mulaqaat ki raat	0	0
kaisa bedardi hai	0	0
joban zor umariya bali joban zor 	0	0
khil gayi kaliya khilane do, aa gaye bhanware aane do	0	0
mere pas tu hai dil aur mange kya 	0	0
ban gaye hai sanam bedhadak mere ghar aaya karo	0	0
tujhe dunde mere nain, nahi nind nahi chain	0	0
hum pardesi ho gaye	0	0
mohabbat kaa chhotaa saa mandir banaa ke	0	0
dhire se jana, dhire se jana	0	0
lage haatho kanya ka kanya-daan kar do, kanya-daan kar do	0	0
ye meri akhiya hai tere dwaar	0	0
mera jivan jalti dhuni	0	0
(bura duniya woh hai kehta aisa bhola too naa ban	0	0
sunlo pahredaro hosh me rahna yaro	0	0
ratate ratate 	0	0
bilakul idiyat hai tum to	0	0
sau bar shukriya are, sau bar shukriya	0	0
kyaa huaa hai, huaa kuch nahii hai	0	0
khaye gosh shudh khaye gosh	0	0
gul muskura utha, bulbul ye ga utha	0	0
aaj aise me bas chhod ke chal diye	0	0
teri javaani taubaa re taubaa re 	0	0
din jawani ke char yar pyar kiye ja	0	0
piya bin tadape jiya, ratiya bitau kaise	0	0
laakh rachaau un bin kajra ansuan se dhul jaaye	0	0
sab kuchh sikha hamne na sikhi hoshiyari	0	0
ma mujhe apne aanchal me chipa le 	0	0
apni rani ko doli mei bitha ke vo le jayega	0	0
humka motar liyai de thandi 	0	0
mehandi lagi is ungli pe leke	0	0
sath sath chhalakayege, sath sath chhalakayege	0	0
tum thak jaoge	0	0
sar-e-bazar shuru, hua mazedar shuru	0	0
mai intazaar karun, ye dil nisaar karun	0	0
ye shiqava sarakar hazaron baar tumhin se kar baithe	0	0
de de ke yeh aawaz koyi har ghadi bulaye	0	0
sapno me aake kabhi mil, sapno me aake kabhi mil 	0	0
tumhi ho saathi tumhi sahare	0	0
lakh churaayi ankhiya pi se 	0	0
vo kaun hai vo kaun hai ek ulajhan hoti hai	0	0
chamaka sham ka pahala tara, gagan dulara 	0	0
bachpan ke din bhi kyaa din the	0	0
nazar dhundhati thi jise paa liyaa hai	0	0
do tan ek praan do dil ek jan manzil ek hai 	0	0
chale wo chalkar dil me samaya, aa hi gaya wo kiya hai safaya	0	0
dohrate hain phir yeh sitare, meree tumharee prem kahanee	0	0
jagat narayan ko chhod  ke santo	0	0
ab to meri halat hai bas diwano si 	0	0
kyo mile the ham	0	0
chal chal chalati havaye kare shor	0	0
zara si aankh dabaau to duniya ko bharmaau	0	0
ajanabi tum jaane pahachaane se lagate ho	0	0
to ek do tin ho jaati hai	0	0
siwa tumhare na koi apana hamesha dekha tumhara sapana	0	0
o bedardi o harjaayi o baake sipaiya	0	0
jara yad rakhna,	0	0
meri jindagi mein wo hi gam raha 	0	0
mai janun ya mora yar ho, haiyya re haiyya	0	0
husn se chaand bhi sharmaaya hai	0	0
sansar ki dolat kya hogi	0	0
jal uthi shama to machal kar parvana aa gaya 	0	0
havaa me ke khushbu ki angadaiyan	0	0
par dekh tu jo ruth kar chali jayegi 	0	0
jindagee to bewafaa hain yek din thhukarayegee	0	0
teri har baat ka javaab ham hai, laajavaab ham hai	0	0
git gata hu mai, gungunata hu mai	0	0
chaklo me hi aa ke rukati hai, faako se jo raah nikalti hai 	0	0
e teri baton baton me dhadakata hai dil kyon 	0	0
uth gayi jo aankh ek bar jhukti nahi hai, are jhukti nahi hai	0	0
fakir kare do naye paiso ka sawal	0	0
jhume nache gaye aaye rang jamane	0	0
na bana tu bahane na bana tu bahane 	0	0
chhoti-chhoti baato par ji na jalaao	0	0
kis chinta me magan hai dono 	0	0
darzi ki bhi sun lo marzi 	0	0
mitti ko aapne, pohancha diya kahaan	0	0
dekh liye inke bhi dhandhe	0	0
kaaro me ik kaar suni hai kaar suni impaala	0	0
waadi me gunjati hui khamoshiya sune	0	0
pyar se sara gulashan mahake nafarat se koi gul na khilega	0	0
maine puchha baag se	0	0
par das das bachche hote hain, par das das bachche hote hain	0	0
lakho kode tute phir bhi tuta na dam kham	0	0
gal ka matlab baat bich na baat nahi koyi aisi	0	0
daal-roti khao prabhu ke gun gao	0	0
huyi allaa meri tauba	0	0
de tu hamako duaa re	0	0
apne armaano ki betaab kali khil jaaye	0	0
sazaa ye mili hai mujhe kis liye	0	0
aur ke gam me karaahogi to mushkil	0	0
sun lo piya pyare kya kahate hai tare	0	0
bulati hai tujhko ye aanchal ki chhaiya	0	0
ho phulo bhari chahe kaanto bhari, ha kaanto bhari	0	0
ye andha kanun hai	0	0
ek muhabbat duji jawaani tijaa bahataa paani	0	0
ye dil, ye dil	0	0
mithe mithe bolon se, dil pe aisa jadu dale 	0	0
tu hai diya mai hun baati aaja mere jivan saathi	0	0
haye teri bata pi jau ghol ko	0	0
ooo aaja, aah aah aaja, aa e e aaja 	0	0
lina lina	0	0
tera  so bar sukriya sukariya	0	0
phul hi phul hain jaise chaman me	0	0
us sagar me, ik naiya hai	0	0
jag me koi jiya hai to bapu tu hi jiya	0	0
aisa lagata hai tut gae sab tare, tut ke simat gaye	0	0
titli udi ud jo chali	0	0
geet tumhare hai to phir mushkil mein	0	0
saavan ho tum mai hu tori badariya, aaye na baalam	0	0
dil ko jo lag gaya hai us ajar ke sadke	0	0
ki chala jaunga phir mai najane kaha	0	0
baakpan tera pyar ki ada, hosh le gayi sarkar ki ada	0	0
vaaqif hai ham bhi kub har ek itaqaam se	0	0
manzil pe pahunchege kaise, aapaka jab tak saath nahi	0	0
nahee lat aur uljhan me pad jayegee	0	0
chalati naiya roke aandhi roke aandhi, haiyya ho haiyya re haiyya, haiyya ho	0	0
safar badaa hi pyaara humdum laankhon armaan waqt bahot kam	0	0
dewano dewano dekho na 	0	0
yu tadap ke na tadpa mujhe bar bar, koi aata hai	0	0
teri raaho se guzare jaba se ham, jaba se ham	0	0
ghar me bhigi billi ghar ghar ka dastur yahi hai	0	0
dur tak nigaaho me hai gul khile hue	0	0
teri bholi bhale surat se	0	0
kaun hai vo dilruba, are kaho na hamse zara	0	0
gamo ki aag hamne khud lagaayi, aap kyo roye	0	0
sun le kya kahti hai payal 	0	0
tumko piya dil diya kitne naaz se ho	0	0
ho maine pyar kiya oy hoye kya jurm kiya	0	0
kahiye to aasmaan ko zamin par utaar laye	0	0
ghar me ho mushkil to daftar le chalo	0	0
bit hi jaaye na tanha ye jawani	0	0
phul bane hai ghungharu, ghungharu ban gae phul	0	0
adhikar ye jabase sajan ka har dhadakan par mana maine	0	0
o baagon mein bahaar hai, hai 	0	0
ab aath pahar in aankhon mein	0	0
is liye, ki bhanvara tumhaari hansi na udaye	0	0
naa jane kya hua jo tune chhu liya	0	0
par sabase pyara hai sajana hamara 	0	0
haye re haye jaan ghabaraye	0	0
karam kiye ja fal ki ichha 	0	0
to jod jaayege haay haay	0	0
malik hai tere sath na dar gam se tu ye dil	0	0
bhule se naam na lo pyaar ka 	0	0
hai wallah jawaab tumhaara nahee hai	0	0
phir aisi ghadi aai  phir aisi ghadi aai 	0	0
roz roz roz roz dekhu tujhe nai nai lage 	0	0
dosti ka yaro nahi koyi dham	0	0
sukh hai ek chhanv dhalti aati hai jati hai	0	0
maza jab hai tumhari har ada katil hi kahlaye	0	0
hamne jo, dekha tha suna tha, kya bataye vo kya tha	0	0
vo bevafa jo kahe hamko jaana hai, ye dil	0	0
upar wala panseri hai upar wala panseri hai	0	0
	0	0
