Song lyrics	Mood	Offensive
mera haq tha teri, akho ki chhalakati may par 	0	0
yaar ladki shandar hai	0	0
dhadakate dilo pe jawaani rahe	0	0
use mil gayi pyar ki ik pari	0	0
mai naachu tum naacho	0	0
ye sach hai e he o o e he o o	0	0
kabhi khushi kabhi gam, tara ram-pam-pam	0	0
guzarati nahi zindagi bin sahaare	0	0
wo bhi mujhe karna pada aiyo amma	0	0
main madrashi chhokri, mujhe tumse pyaram	0	0
unchi udaan hai, palako pe jaan hai	0	0
rahana mere sang ma har dam	0	0
phir kuch nahi bhata, jab rog ye lag jata	0	0
tu mungda, oh mungda, mai gud ki dali	0	0
chhod  maza hath	0	0
panv padi janjir hay	0	0
mamata hi lutaye jiske nayan, ho	0	0
in hatho ka jadu jo dikha du, tujhe ghar tak abhi mai pahuncha du	0	0
amma seena tane banhe khole 	0	0
sasuraal se dekho hum aaye	0	0
payal ki jhakar raste raste	0	0
mai kho baitha hosh mujhe yu kar dala madhosh nashe ki pyaali ne	0	0
puchho puchho puchho puchho	0	0
zaraa dil kee jaanib nigaahein jhookaao	0	0
dekho na, tere mere milan ki ye raina	0	0
dekho phir aaya hame kar raha hai yeh bore kaun hai	0	0
ya kahu khaiyaam ki rubayi	0	0
gullu gullu, gullu gullu 	0	0
kal aaya tha kal gaya, kal gaya	0	0
o hay jaan-e-bahaar aa jaa dil ke qaraar aa jaa	0	0
chhedege kabhi na tumhe, zara batalado hame, kab tak ham tarasege	0	0
yadi phir bhi tu phire dil ko tham 	0	0
maujo kaa dosh nahi hai,  ye dosh hai aur kisi ka	0	0
are pad gaya inkam taiksam, jay govindam jay gopaalam 	0	0
rasiya ki ras bhari baato me aa gayi	0	0
jine kaa to jaane kaha dhang gaya hai	0	0
yun hi aavaaraa phiregaa ye teri zulfo ke tale	0	0
chal pade safar ko to mud ke kya dekhna	0	0
aaja piya tohe pyar du, gori baiyaa tope vaar du	0	0
khatao ki talim kya ho gayi	0	0
duneeya ko dikha denge oh 	0	0
shokhiyon ka sama shokhiyon ka sama	0	0
tumpe to hum mar mite hai abhi se jane aage hamara kya hoga	0	0
khud apne hath se ye khun kar chuka hu mai	0	0
iktaara bolo tun tun kya kahe ye tumse, sun sun	0	0
tere reshami julfo ki janjiro se	0	0
jan mile babul ke ghar se, nit mann pyasa, nit mann tarase	0	0
tota maina ki kahani to purani purani ho gayi	0	0
mehanat mera kaam dena usaka kaam	0	0
naachenge aaise hum, nachenge wo kya	0	0
fir se ro ro rha hai 	0	0
ham toh jis ka war usi par dharana jane	0	0
apne betabi-ae-jajbaat kahi hai tumne 	0	0
dukh hee sukh ka gyan dukh hee sukh ka gyan	0	0
oh re tal mile nadi ke jal me 	0	0
udhar aap ki photo se saji divaar pe	0	0
na ye chaand hogaa	0	0
tute agar sagar naya sagar koi le le	0	0
juba pe raz aaya to juba ko mod ke rakh du	0	0
palat ke jab ana, ye lat ye nazar lana, ye chhota sa nazrana	0	0
mujhe dosh na dena jag walo	0	0
tarazu me tole ha tarazu me tole chhote insano ko	0	0
man mandir me pooja pooja 	0	0
madhosh ada ye alhadpan bachpan to abhi rootha hi nahi	0	0
antam fantam chhod de baabu	0	0
kya bin mage hi god bhari, patzdh dali hri hue 	0	0
na ye chaand hogaa	0	0
aaj is zamin pe to apana raaj hai	0	0
jab se hai dekha tujhko ho gae gulam tere	0	0
bharat kaa rahane waala hoo, bharat ki baat sunaata hoo	0	0
mujhse pahale kitne shayar aaye aur aakar chale gaye	0	0
ke ye badan ye nigahe meri amanat hai	0	0
dil dhundhta hai fir wahi	0	0
jab nazar saaqi ki padati hai sambhal jaataa hai	0	0
hai tere ghesu uff teri ankhiya 	0	0
panaghat ke pichhe ja baithi chhip ke meri sajaniya	0	0
dekhaa ek kvaab to ye silasile hue	0	0
jeck and jill went up the hill	0	0
dhakke pe dhakka, rele pe rela	0	0
mujhape hai itana aitabar, maine kiya hai tujhase pyar 	0	0
haye haye haye dil ki halat sharabi-sharabi	0	0
mera aanchal jo jara dhal gaya	0	0
o garama garam hua, pyar lachchhedar shuru	0	0
chahe koi chamke ji chaahe koi barse 	0	0
bade masum katil ho , saja dete ho tum mujhko	0	0
mar bhi gae to denge duaae	0	0
do hatho ki dekho shan, ye allah hai ye bhagwan	0	0
ye dil ab tak bhatakta hai teri ulfat ki raaho me	0	0
beta tere kisse pe dil mera roye	0	0
mil rahe hai vaha par jami aasma	0	0
sabse pahle suno miya karke warjish bano jawaan	0	0
kal aaj aur kal ki pal-pal judati jaaye kadi	0	0
a teri taqder bata dun	0	0
mai bhi kyaa chiz hun khaayaa thaa kabhi tir koi	0	0
mere aage bichhte jaaye dilawaale naadaan	0	0
mere khwabo ki shehjadi jaha tum muskrati ho 	0	0
o chaand 	0	0
kaam to bataao, kaam seedha saadha hai, bolo bolo	0	0
sirf dastaan ke liye	0	0
zindagi ek musakan hai, dard ki koi pahchan hai 	0	0
mera naam abdul rehman pishta wala main hu pathan	0	0
chup ho ja amiro ke ye sone ki ghadi hai	0	0
insan vo khud sambhle auro ko bhi sambhale	0	0
kahati hai ye nazar, kab kya ho kya khabar	0	0
bikhra ke zulfe chaman me na jaana, kyo	0	0
yari tutadiye te, tut jaaye	0	0
mohabbat ka matlab	0	0
dekhi jo gwalo ki toli, koi gujariya boli	0	0
jab zara bhi naqab uthaungi	0	0
rup chand hai resm wala 	0	0
reh naa jaaye teree meree baat aadhee, mulakat aadhee	0	0
yahi kahoge tum sadaa ke dil abhi nahi bharaa	0	0
chale aaj tum jaha se, hui zindagi parayi	0	0
ruke ruke tum, ruke ruke ham, socho zara	0	0
dil hai pagal aana na too iski bato me	0	0
zamane mein sabase purani yahi pyar ki hai kahani	0	0
ye kahi toot jaega, ye kahi phoot jaega	0	0
mahabub ka jo, bas lete hue nam 	0	0
mere saamne waali khidki mein	0	0
chali aayi main akeli bikaner se	0	0
kabhi tune shishe me apna muh nahi dekha	0	0
khada hu kab se mujhe intzar mera hai	0	0
pyaar ke hazaar dip hai jale hue	0	0
mat puchho meraa devaanaapan	0	0
aaya udane baalo ko tere	0	0
jab bhi milte hai hum tum	0	0
naino me sapana sapano me sajani 	0	0
raz khulne ka tum pahele	0	0
itana bhee pas mat aao, ke dur jana mushkil ho	0	0
tumhare geet gayenge	0	0
kahi se aaj ka insan kahi pahuncha hai 	0	0
chalate hai ye jaadu laal laal gaal	0	0
bade achchhe lagate hai ye dharati ye nadiyaa ye rainaa	0	0
apna to khun paani jina-marana bemaani	0	0
banh chhuda ke dauda ghoda dum utha ke dauda	0	0
pade inse 	0	0
dil chiz kya hai, aap meri jaan lijiye	0	0
ek raah rukh gayee toh aur judh gayee	0	0
kya kahta hai badal kyu mosam hai pagal	0	0
rang-e-jawaani tauba re tauba	0	0
khadi hu main darwajje pe badi der se	0	0
bandagee toh bandagee toh lijiye saahab	0	0
do hafte huye khushi me pi ki mujhko mila pyar tera	0	0
nikhar nikhar gayee savar savar gayee 	0	0
nasha hota hai kaisa, bahkate hai kadam kaise 	0	0
jivan ki bagiya mahakegi, lahakegi, chahakegi	0	0
teri kasam hai mai to gaya tha pyari bate karne	0	0
he he he raste me na chhodo ji ghar me le chalo	0	0
apne jawa dil pe hume kal tak bada naaz tha	0	0
jo chhup gaya hai pehli nazar ka, pehla salam lekar	0	0
na sata ja ja abb na chalegi yaha chale teri	0	0
bhari rahegi rahagujar jo ham gaye toh kuchh nahi	0	0
kyon ji main jaan se anjaan kaise ban gayi	0	0
mar ke tangdi usko toda chana zor garam 	0	0
aadami ko chaahiye vaqt se dar kar rahe	0	0
yahaan ajanabi koi nahi, ye hai aapaki mahafil tamaam	0	0
jivan ke safar me tanhayi, mujhko toh na jinda chhod egi	0	0
man ke mithe dard ki gahraai maar gayi 	0	0
to wohi kahen ke mai kya karu	0	0
tumhe chhin le meri baaho se koyi	0	0
kaali ghataa hai, aa aa, mast fazaa hai, aa aa	0	0
iktaara bole tun tun tun tun tun tun 	0	0
haan tum bilkul waisi ho	0	0
maza aa gaya jit ka haar me	0	0
piya der na kar aa mil zara dekh le aa kar parvane	0	0
jo bhi ho tum khuda ki kasam lajawab ho	0	0
haan gaana aaye ya na aaye gaana chaahiye	0	0
tqadir na bas me dale	0	0
ho, chaal hai ke mauj ki rawani	0	0
chashma utaaro phir dekho yaaro	0	0
ai ma, ai ma teri surat se alag	0	0
ban ke panchhi gaaye pyar ka tarana	0	0
jag gaye to, jagane do, achchha	0	0
sabko tha malum sham ko khulegi ram ki botal	0	0
o o o o o o, jine kaa saamaan mila	0	0
par khud rahe khadi	0	0
raushni chali gayi	0	0
o lambi lambi umariyaa ko chhodo	0	0
intazaar intazaar intazaar karo intazaar karo	0	0
vo mukh dekhe kuchh bole na	0	0
kya huwa teraa vada	0	0
reshami julfo ke saye me jine do mujhko	0	0
khizaa ko ye ilzaam kyun de diyaa 	0	0
bala mora balepan ka ho gai re jan ki chori	0	0
mera katil mere ghar me mera mehman ho gaya 	0	0
apni jagah se kaise parbat hil jaye	0	0
pehle milan kee yade le kar aayee hain yeh rat suhanee	0	0
bas ik baar kehdo tumhaare hain ham	0	0
ho lala ho lala, ho lala ho lala	0	0
ke mujhko dikhane ke liye tune sab wo sambhale honge	0	0
aaya main aaya dil ka kharidaar	0	0
mera naam hai chameli, main hu malan albeli	0	0
lauta jo diya tumne, lauta jo diya tumne	0	0
monica o my darling, monica o my darling 	0	0
kya jata agar koi dil ka nagar 	0	0
jaate jaate mithha mithha gham de gaya	0	0
abhi chhedenge galee ke sab ladke 	0	0
dukh mein sab mukh modenge	0	0
mohe bavala bana gayi va ki batiyan haan batiyan	0	0
kitnee pyaaree pyaaree teree yeh naadaanee hai	0	0
kyu kyon ki jamana to hai noakr biwi ka	0	0
roz na sataaoge, kabhi nahi	0	0
are jayegi kaha tere pichhe ye pora ayi jo ayi	0	0
govinda aala re aala zara matki sambhaal brijbaala	0	0
mere mehboob tujhe meri mohabbat ki kasam	0	0
tu kaha gayi thi tera mar jaye sawariya 	0	0
ki chhori koi pasand na aaye tujhako	0	0
na aise khafa ho kabhi to tamnna nikalo	0	0
mohabbat ki jhuthi kahani pe roye 	0	0
ham bhi to kuchh sune, hamase kya raz hai	0	0
aadat na chute re kabhi sun jiniya are ja	0	0
tun tuna tun tuna tun tuna	0	0
aake mere pas raho	0	0
ek din to ye phul sunega bulbul ka shikva	0	0
roz hamne baiyaan ye fasaana kiya	0	0
ajanabi tum jaane pahachaane se lagate ho 	0	0
balkhati belein masti me khele	0	0
tere naseeb mein main hoon ke nahi	0	0
tune hi mujhko nahi dekha, mai karu kya	0	0
kitna badal gaya inasan	0	0
la la la la	0	0
kho jaye dhadkan me teree dhadkane mere mann kee	0	0
jijaji  jijaji meri jiji hai anaadi 	0	0
dekh hame koi jale, koi jale haath male	0	0
khel ye kaisa re, kaisa re sathi	0	0
bolo re sab dhan dhul samaan re	0	0
koi kahe raat haaye roti phire	0	0
oy oy oy oy	0	0
masti ke saazo pe ga gaao	0	0
ab to ye hai hal ke jab se bita bachpan	0	0
man se man ka deep jala le madhur milan ki jyot jagale	0	0
tujhko teri naujawani ki kasam	0	0
yaar kudi shandar hai	0	0
har koi diivana hai 	0	0
raat bhar muwa sovan na de thappo lagave ghadi-ghadi	0	0
sar kisike samne jhuk jaaye mera, ye mujhe manzur nahi	0	0
aavara chhaliya anaadi divana	0	0
ud gaye baadal aa gayi aandhi	0	0
khau, khau, khau, khau, khau	0	0
phulo kee mehak kaanto kee chubhan	0	0
din to so fere teri gali me lagata	0	0
vo kaun hai vo kaun hai jag jisase darta hai	0	0
tab kahi rangin ye fasana bana aaha	0	0
kise malum ke ye aadmi jayega kidhar	0	0
milate hai bichhad jane ko	0	0
ab tum khud hi faisla kar lo, mai kis jube wala	0	0
bas ek baar bas ek baar, mera kaha, maan lijiye	0	0
baithe ho kya ye lekar, ye ghar hai ya hai threatre	0	0
samjhe madam	0	0
hazaaro rang ke nazaare ban gae	0	0
dikhe har ghadi naya chamatkar ma ki aankho me, ma ki aankho me	0	0
mummy ko to daddy se chhudaana chaahiye	0	0
are pine vaalo ko pine kaa bahaana chaahiye	0	0
bas ab na mujhako tokna, na badhake raah rokna	0	0
dhundhe tera pyar raste raste	0	0
bambai se aaya mera dost, dost ko salam karo	0	0
wo chahe to kar sakta hai wo chahe to kar sakta hai	0	0
bhagvaan kare ye aur badhe 	0	0
ye to meri hai saheli, dilavaali alabeli	0	0
saath chale mod pe aake hame chhod  diyaa 	0	0
sar jo teraa chakaraaye, yaa dil dubaa jaaye	0	0
tu hai aisi kiran jo raat dhale	0	0
amar akabar enthoni, amar akabar enthoni	0	0
sangam jaha hai	0	0
puchhegi har nigah kal tera thhikana	0	0
kar diya dil ko tere havaale	0	0
kaise batau kaise batau	0	0
padi jahaan chhaaon hamaarii saj gayi mahafil	0	0
ye wakt ki hera feri hai	0	0
ye kal ki bat hai aankh meri fadki 	0	0
kitni jaldi yeh din dhalate hain haay, taata	0	0
gum fizul hai gum na kar aaj ka jashn kam na kar	0	0
dil toh dete hai lete hai log kayi baar	0	0
aage iske kuch bhi nahi tu pad gayi kis uljhan me	0	0
hoy tum to machal gaye, ho ho ho	0	0
chal chameli baag mein, mewa khilaunga	0	0
hoy ayi milan ki bela jismein kam kare thi banno	0	0
teri nazar, banake zubaan, lekin tere paigaam diye jaye	0	0
apake kadamo ke jaisa duniya me kaha aram koyi	0	0
chhupakar ye bhi milta hai mai naam bataun na na na na ji	0	0
zaraa dekh lo is taraf muskuraa ke	0	0
dur rahati hai tu, mere paas aati nahi	0	0
teri tasvir hai nigaaho me	0	0
varna hamko nahi, inko bhi shikayat hogi, shikayat hogi	0	0
banavat me dil ki hakikat chhupana	0	0
kale bazar ki ek toli pulis ne dhar li	0	0
baho se bandh lungi, ulfat se gher lungi	0	0
us kaa ko_i pech bhi dhilaa hai	0	0
panch nahi chhh nahi ha are hi hi hi	0	0
dhuaan ban gayi hai khyaalo ki mahfil	0	0
aao saja de ye rat	0	0
likh liya han zara padhake to sunao	0	0
hup two three kick, du ru cha cha cha	0	0
khinche chale aaoge, jaaoge jaha	0	0
ki sharafat chhod  di maine	0	0
main ye geet sunata hu 	0	0
aake jaye na bahar kabhi apne chaman se, apne chaman se	0	0
chhutti karke chhod unga	0	0
is dharati pe jisane janam liyaa, usane hi paayaa pyaar teraa	0	0
ek apni dagar ek apna nagar	0	0
ek dal par tota bole	0	0
lifaafe ke liye lekin pate ki bhi jarurat hai	0	0
dekho logo zara to socho bani kahani kaise	0	0
pyar abhi to, ho, o o	0	0
aisi chahne wali kahi na payega 	0	0
ja main na teri madhumati na dhanno mera nam	0	0
dekh tamasha ui dekh tamasha ui dekh tamasha ui	0	0
degi taanaa tere naam kaa	0	0
ke vo kya bechaara le gaya 	0	0
mitane ke sau sau bahane banenge	0	0
is laathi se angrez dar ke bhaaga hai	0	0
pyar ki raho pe chalana sikhaya	0	0
meri bahki nazro me khoyi huyi si	0	0
mera man mera tan mera naam	0	0
abhi jo chupau di to vo chhupti nahi hai	0	0
mai madrasi, mai gujarati, mai ek rajasthani	0	0
yaar kapda shandar hai	0	0
ham vo nahi jo pyaar me rokar guzaar de	0	0
hum to khaali maal ke rasiya 	0	0
mauke bhi kabhi kabhi milte hai pyar ke	0	0
main maike chali jaaungi, tum dekhte rahiyo	0	0
meri saanso me basi kushabu teri	0	0
subah ho ya ho rat	0	0
dole meraa man, aise jaise nayyaa	0	0
chandi ki divar na todi, pyar bhara dil tod diya	0	0
dur se hoti hai karib se hoti hai	0	0
duneeya ko teree tasawir bana du	0	0
ruthhe rahenge aap jo ham se	0	0
resam ki dori, resam ki dori	0	0
nikla chand to ham dono bhi khet se bahar nikale	0	0
magar sachche lagate hai ye dharati ye nadiyaa ye rainaa	0	0
mai to sapne tere 	0	0
phir le jao jeb khali, baju hat burke vali 	0	0
patala hai hal-e-apana, lekin lahu hai gadha	0	0
dil me jagaye sau tufaan	0	0
kiya hain koi vaada, to dar kiska 	0	0
mera dhiraj dol raha hai, laj rakhe gangajal	0	0
ye aasmaan ye badal ye raste ye hava	0	0
nashe ke ghunt pee to lun	0	0
o ho ho, ho ho	0	0
itane to bure ham na the	0	0
mai kahti hu tune mera dil le liya	0	0
balam babua bedardi saavan aayaa aajaa	0	0
nache gaye sath	0	0
abhi abhi to aai ho, bahaar banake chhaai ho	0	0
la:	o aa jaa re	0	0
mil gaye rang-e-hina khoon-e-jigar aaha	0	0
rang bhare hontho ka, rang bhala kisne chhina	0	0
dhundo dhundo re sajana dhundo re sajana more kan ka bala	0	0
aaja pyare paas hamare, kahe ghabaray, kahe ghabaraye	0	0
gala phad kar chillana	0	0
aya samay bada bedhanga	0	0
ulfat ke maaro ko kya maarna, jan de dete hain jo khushi se	0	0
jidhar jidhar bhi mili nigahe, lagi katare daye baye 	0	0
bat hai ye bilkul pakki bholi si aati ho nazar 	0	0
ye hum kya jaane	0	0
ye lo mai hari piya	0	0
raaste me ruk ke dam lu, ye meri aadat nahi	0	0
gam jisane diye hai bahi gam dur karega	0	0
na dar zalim zamane se, ada se ya bahane se	0	0
dur hai manzil dur sahi, pyar hamara kya kam hai	0	0
mil gaye naina se naina oye kya bat ho gai	0	0
hawae ag bhadakae fizae zahar barasae	0	0
idhar jhumke gaaye zindagi, udhar hai maut khadi	0	0
hami par taane kasate hai	0	0
aise koyi apno se ruth nahi jata	0	0
reshami rate roj na hongi, yeh saugate roj na hongi	0	0
kahi bite na	0	0
ye resam ki dori haye resam ki dori	0	0
kyon chale aaye ho kyon chale aaye ho bebas pe sitam dhane ko	0	0
ruho ke ruho se	0	0
rasta khud apane ghar ka bhul jata hai, bolo bolo	0	0
mere khwabo ko tum ashko me dubote kyu ho	0	0
mujhe meraa ghar tak yaad nahi, yaad nahi	0	0
mujhko meri manzil mil gayi hai	0	0
o back to back 	0	0
jata tu nirmohi tu harjai tu kapti tu chor	0	0
kya dekhate ho kya dekhte ho surat tumhari	0	0
piya piya piya	0	0
apne dil me aag le ke baadal kaare aaye	0	0
hath jodta hu tere paw padta hu chal mere bhai	0	0
ho kabhi khole na tijori ka taala	0	0
mera geet mere dil ki pukar hai, jaha main hu wahi tera pyar hai	0	0
sab ko nisha banate nahi khud harajai banwre ho tum	0	0
ek chor ek sipahi aha aha	0	0
ek pal hai hasna ek pal hai rona	0	0
    mai hun lahar aur saahil hai tu	0	0
 	0	0
dekhe hame nasib se ab apane kyaa mile 	0	0
are khun pasine ki jo milegi to khayenge	0	0
kisi ko mile hai chhalakate piyale	0	0
badal jaye agar mali chaman hota nahi khali	0	0
jisko salam karu sau-sau baar	0	0
aa pyar ki raho me baho ka sahara le	0	0
kahi kinaaraa hotaa nahi	0	0
apani ankho se duniya dikhalaunga	0	0
vo tikhe tikhe do naina us shok se aankh milana tha	0	0
mere jivan saathi pyaar kiye jaa, jaa jaa	0	0
apne dil se puchho dil ko pahchana kaun	0	0
mai yaha jite ji mar gaya	0	0
daal-roti khao prabhu ke gun gao 	0	0
udhar gal pe aanchal fisla, idhar kaleja hath se nikla	0	0
naino me nindiya hai, mathe pe bindia hai	0	0
thak jaate the ham kaliyaan chunte	0	0
meri kab marzi hai hum me ho ye duri	0	0
hamako hai sab pata, dil me kya chor hai	0	0
ja, abhi to hui hai yari, abhi se hi beqarari, din to zara dhalane de	0	0
surat se to achhe ho tum dil bhi jara dekhne do	0	0
o yaar ladki thanedar hai	0	0
gori-gori banho pe kagana chadha dun	0	0
saveraa jab huaa to phul ban gae	0	0
adami musafir hai adami musafir hai	0	0
ise jab liyaa taq meraa dil huaa faq	0	0
jale man teraa bhi, kisi ke milan ko	0	0
tu dil me bhar de pyar bhala ho tera	0	0
kaisi zulmi kaisi zulmi banayi taine nari 	0	0
kahi kisi roz yu bhi hota 	0	0
aansu hai khushi ki ladi	0	0
solah singar meri behana karegi	0	0
jag me rah jayege, pyare tere bol	0	0
de aur bhi dil inko jo na de mujhko zuban aur	0	0
arey yak-b-yak yak-b-yak koi kahi 	0	0
badh uthe pyar ka har kadam aur mite bair ka ye bharam	0	0
are ab jhumakaa tute ke meri bidiyaa chhute	0	0
na to yaha jivan hai na koi maut hai	0	0
phir bhee kabhee abb nam ko tere, aawaj mai naa dunga	0	0
wo bhi kya din the hamein dil me bithaya tha kabhi	0	0
apni kashti ko sahare pe tere chhod  diya	0	0
jo khubsurat koyee apna humsafar hota	0	0
humne sanam ko, humne sanam ko	0	0
baalam bedardi ne mohe phunkaa gam ki aag me	0	0
koyaliya chup ho jaye jab usaki payal bole 	0	0
oh ho maine kaha kab dikhne me tu hai aisi buri	0	0
lekin pyasa khud rah jaye 	0	0
hey main bambai ka babu 	0	0
chehro se ho anjaane ham dil to dil ko pehchaane	0	0
kisi aur ki hone ke dar se tera dil bhi dhadakta hoga	0	0
aankhe hai jaise mayke pyale bhare huye	0	0
hansi ke parde me rone se fayada kyaa hai	0	0
hamane dil de bhi diya ehad-e-vafa le bhi liya	0	0
kiran pari gagari chhalakaye 	0	0
gam ko gale lagaa lu jo gam aap kaa mile 	0	0
kabhi bole na kabhi bole haan, teri adaaon ne mara	0	0
gumshuda kushiyo pe, gumshuda, gumshuda	0	0
leke gusse me pyaar, balam ji abb to hasso	0	0
sahab ban ke kaisa tan gaya	0	0
kitne janam beet gaye hai tumhe paane me	0	0
bahut na tarsana, tum laut ke aa jana, ye chhota sa nazrana	0	0
o raat dhal chuki hai subah ho gayi	0	0
luta kahi mara nahi jine ka sahara dekho ji 	0	0
hamne to pyaar me aisa kaam kar liya	0	0
la la la, la la la la, la la la, la la la la	0	0
dil chaahiye dildaar chaahiye, o dildaar chaahiye	0	0
mast hawa ne baat koi aise kah di kano me	0	0
aye panchee	0	0
ho khu-ba-ru chaand se jo hasin berukhi uski jachti nahi hai	0	0
koi nishani chhod , phir duniya se dol	0	0
mere hazaro deewane, ab main khud ban gaya deewana 	0	0
ye samajho aur samajhao thodi me mauj manao	0	0
twist twist twist twist	0	0
uski hi lau me vo jal-jal mare	0	0
dil bechu, hai koi lene vala	0	0
himmat hai to aaja ye bhalaayi ki dagar hai	0	0
dil mai aag jab lagegi hooo 	0	0
tujhse lipatkar jo ro lete ham, aansu nahi the ye moti se kam	0	0
abhi abhi to aai ho  abhi abhi to	0	0
aag si jalati rahi, girati rahi shabanam	0	0
takdiro ko jod de aisee kadee aaj tak nahee milee	0	0
duniya ko tab ginti aai 	0	0
doli laa ke chhod unga	0	0
saye me talwaro ke, dawe hai dil daro ke	0	0
achhi achhi surto se najre ladayenge	0	0
bend baja bajega dhum dhum dhum	0	0
chun chun karati aayi chidiya	0	0
mere bag kee aye najuk dalee, tuje harpal nayee bahar mile	0	0
dil ki aag bujhaaye jo barasaat nahi koyi aisi	0	0
aise ho milan, jaise dhup chhaya	0	0
mele me rah jaye jo akela	0	0
nazare ho gaye qurban in nazaro par	0	0
pahle zara aap muskurayiye	0	0
mai rickshaw wala, mai rickshaw wala	0	0
kaise karu prem ki mai baat, haye	0	0
nai mulakat hai	0	0
nit mann pyasa, nit mann tarase	0	0
yaar ho bando se ye sabse badi hai bandagi	0	0
topi topiwaalon ki chhedo dhun matwaalon ki	0	0
meri bhi jindagi, kaante se phul ho	0	0
hamko dar hai	0	0
palke bichhau mai dil me bulau mai	0	0
aankh to tere jalvo me gum hai	0	0
kisi kaa pyar leke tum naya jahan basaoge	0	0
aa gayi hai pyaar le ke ab suhaani bhor	0	0
roshni ho na saki dil bhi jalaya maine	0	0
dhadakano me tere git hai khile hue	0	0
meri aawaz suno, pyar ka raag suno 	0	0
umar ye nahi aise dukh jhelne ki	0	0
kitni pyari hoti hai ye bholi si umar	0	0
kitna bura anjaam ho, dil muft me badnaam ho	0	0
    the sailing beat continues till it fades out the sailor is gone	0	0
ye soch le har baat ki daataa ko khabar hai	0	0
lina o lina dil tune chhina	0	0
mange se to koyi tera adhikar naa dega	0	0
kaun nahi basi ki dhun kaa gulaam	0	0
nakamiyo se nata mera joda	0	0
mai hun ek chhoti si maati ki gudiya	0	0
me baharo kee mehfil sajata rahu	0	0
ho na najar mil saki	0	0
jo chiraago ki tarha jalte rahe	0	0
chal le chal khatara khinch ke	0	0
in aankho ka rang ho gaya gulabi-gulabi 	0	0
thak gai aaj bahut mai ab jaane de naa milege phir kal	0	0
jo khushee se dard sah gaya	0	0
mohe pi kaa sag da_i de	0	0
wo juda kyaa huye zindagi kho gayi	0	0
kali kali chudi hai gore hath me	0	0
kuchh paas to aa kar dekho	0	0
jaisa gora koi londan ka ha	0	0
jane kya hoga baho me jo aaye haye oye hoye 	0	0
didi ki tarif me hamesha nayi kavita roz sunaoge	0	0
ju ju ju ju ru ju	0	0
layenge nayi pyaliya baja baja ke taliya	0	0
khilate rahege ban ke kali ban ke 	0	0
hat jaao ji, bujhaao ji	0	0
muskate ithalati gati aayi zulfe khole 	0	0
mere dil me chale aao, ke ye ghar bhi tumhara hai	0	0
gam ka fasana ban gaya achchha	0	0
ye koi do dilo ka saiya mel nahi	0	0
jane kaha kab kisiko, kisee se pyar ho jaye	0	0
mera juta hai	0	0
patvar bhi chhuta	0	0
kaun kahe is or tu phir aye na aye	0	0
ab pyar na hua to phir kab hoga	0	0
pine kaa maja kya hai pee kar bhi nahi samjha	0	0
taa na dere na	0	0
mat ro behna andar jake, mat ro behna andar jake  	0	0
chaand ghabra ke jo gir jaye to phir 	0	0
jhoot bole kauva kaate, kaale kauve se darriyo	0	0
zara si raakh rakh di, bewafaa tere dikhaane ko	0	0
ho sukh mera lele mai dukh tere lelu	0	0
hoga yu nasha jo taiyyar woh pyaar hain	0	0
tujhe raat din pujanaa chaahataa hu, vafaa 	0	0
itna sab kuch karke phir dil me bithaoge	0	0
tu ban ja sathiya	0	0
ho mujhe kehte hain	0	0
agar tum ik kali maango to mai saara chaman de du	0	0
vo tikhe tikhe do naina  us shok se aankh milana tha	0	0
masti me chur ghane pedo ke niche	0	0
mammi se mai bolunga sath mujhe bhi le jaaye	0	0
na ho jisaka koi vo milane ki fariyad karata hai	  	0	0
dur tujh se mai rah ke bataa kyaa karun, kyaa karun	0	0
baho me kya in nigaho me kya 	0	0
ek kans mama ban baitha 	0	0
baba udi baba, udi baba, udi baba	0	0
kahe ko ho jaldi ki ham to hai chal di apne dil ke sahare	0	0
kuch din ki hai zindagi	0	0
munh chhupa lena hamse wo aapka	0	0
jo tum muskuraa do nazaare hanse	0	0
gam ka fasana ban gaya achchha, ek bahana ban gaya achchha	0	0
mai chali mai chali	0	0
kaali palak teri gori	0	0
tu jo mere saath chale logo se kya darna yaha	0	0
chun chun karati aayi chidiya	0	0
kya kya jatan karte hai, tumhe kya pata	0	0
tere dil ko bhi sanam tujhse shikayat hogi	0	0
palko par ek bund sajaye, baithee hoo sawan le jaye	0	0
o chaand suraj sitaaro se khelu	0	0
duniya mein wajud uska kudrat ki inaayat hai	0	0
ki tum meri zindagi ho, ki tum meri bandagi ho	0	0
duniya nai basane, o bedard zamane	0	0
daaman ko chhudaaye kaise	0	0
pahaado ko chachal, kiran chumati hai 	0	0
agar ise samajh sako, mujhe bhi samjhana	0	0
thode me guzara hota hai 	0	0
gili gili gili gili gili gili	0	0
pyasa hai dil sanam, pyaasi ye raat hai	0	0
dal ke ghunghta rup ko apne aur nahi mai chhupaaungi	0	0
aur zara si de de saaki, aur zara si	0	0
ke o mainnu pyar kardi hai he he he	0	0
na khankao khan khan kangana	0	0
bhigi-bhigi palke, chham-chham aansu chhalke	0	0
dadi tumhe hum to mana ke rahege 	0	0
aadha hai chandrama	0	0
yaha vaha fija me awara, abhi talak yeh dil hai bechara	0	0
der se man meraa, aas liye dole	0	0
tum bekhabar main hoon magar 	0	0
ye maanaa, na jaanaa, tu kahaan chali 	0	0
dhire se jana 	0	0
na jane kis pe aayega	0	0
teri dulhaniya launga	0	0
me marugi	0	0
zindagi ek vanwas hai kat kar sabko jana padega 	0	0
yeh tujhako kaise samjhaau, tu divaanee hai	0	0
koi to hoga mera sathi koi to pyas bujhayega	0	0
i need you you need me 	0	0
tum yaha rahoge ok, tum yaha rahoge thank you	0	0
aise manmauji ko mushkil hai samjhana, hai na	0	0
tirachhi nazar, tikhi adaa	0	0
tumko swaami maane tumko swaami maane	0	0
(aise me mat rok bedardi	0	0
tujhko bhul naa paaungi	0	0
o piya, dori se baandh le gori re	0	0
jab se tujhse muhabbat mai karne laga	0	0
balam ji abb to hassso	0	0
ha dekhi na dono ek jagah hote hai mard bade shaqi	0	0
haai usne macha diya shor	0	0
sochata hu agar mai dua maangata	0	0
is dil me abhi aur bhi jakhmo ki jagah hai	0	0
chand chura ke laya hu, ho chand chura ke layi hu	0	0
kabhi tanhaiyo me yu	0	0
koyee na koyee bulayega, khade hain ham bhee raaho me	0	0
apna ye vachan nibhayega mati ka karz chukayega	0	0
vahi zajir pairo me	0	0
mazhub hai apna hansna hansaana	0	0
humka dulhan banayi de thandi 	0	0
nahi aur ko_i thikaanaa hamaaraa	0	0
machalti-jhoomti thandi hawaye kehti hai	0	0
jaise rat akeli me kya	0	0
rotiya kam hain kyun kyun hai akaal, kyun hai akaal	0	0
umr bhar pyaas na bhujh payi to phir 	0	0
do din ki mohabbat me aakhir	0	0
ho dekho na aa gaye mastane chha gaye 	0	0
dekho mujhe kuch hosh nahi hai	0	0
pyar ke suro par, apni hi dhun me 	0	0
aa pas aa teree har sans me mai jau sama	0	0
ham hi mile the kabhi jamuna kinare jamuna kinare 	0	0
hal-e-dil hamne sunaya to bura man gaye	0	0
haiya o ganga maiya, haiya o ganga maiya 	0	0
na ghar aaya na daftar aaya ye to hostel aa gaya	0	0
macha diya shor	0	0
inape zavani luta do 	0	0
chain mera kyu lute aise jiwansathi se	0	0
aa   	0	0
khushabu lekar jaate hai	0	0
meri bhi ek shart suno ji, are bas, bas, bas	0	0
aaha, shadi ke liye rajamand kar li, 	0	0
ke jis gam ne mera daman badi mushkil se chhod a hai 	0	0
chaahe dharti phate ho chahe ambar phate	0	0
thoda sa hasa ke thoda sa rula ke 	0	0
kaun se gagan ke tale, dil yeh mera le ke chale	0	0
aisa main deewana hu, aisa main mastaana hu	0	0
khuda jane aisee suhanee ghadee phir 	0	0
jo tune mujhe thaam na liya, o sau rab di	0	0
tum dur nazar aaye, badi dur nazar aaye	0	0
aaj ki raat	0	0
tu btla tujhko hai pata	0	0
maine samjha tha ke honge baaten aur	0	0
tune jab jab aankh milayi, dil se ek awaj ye aayi	0	0
chhaliya mera naam	0	0
kaun thi wo ladki maine jab puchha bol tera nam kya	0	0
gayi udasi raunak chhayi	0	0
ichak dana bichak dana dane upar dana, ichak dana	0	0
jaate ho jaana jaana	0	0
mahafil kya tanahaai mein bhi	0	0
in adaao ka jamaana bhee hai divaana	0	0
aur zara si de de saaki, aur zara si	0	0
dono ke man se man ke milan se lagate hai saragam ke mele	0	0
ab to mumkin hai bahakna mai nashe me hu	0	0
chumata hai mere kadmo ko gagan aaj ki rat	0	0
jaisa des, vaisa bhes, phir kya darana	0	0
mahmaan kab ruke hai kaise roke jaayege	0	0
yeh waada haan waada yeh waada raaha	0	0
khol ke rakhiyo apni jholi bhar dega daata	0	0
kahe ka dar hai bali umar hai, arey chhodo bahana na na	0	0
thhandee thhandee aaho kaa salaam de gaya	0	0
pipal ke upar ja baitha chhip ke meraa sathi	0	0
aasaman se aaya farishta, pyar ka sabak sikhalane	0	0
bahaare bech daali, phunk dala aashiyaane ko	0	0
uske aanchal ka rang aa aa aa aa aa aa aa aa	0	0
in bhigi fizao se, in thadi havao se	0	0
kai sadiyo se	0	0
haan chal mein lachak daiya re daiya	0	0
ho balam babua bedardi saavan aayaa aajaa	0	0
duniya ki majburi hai phir taqdir jaruri hai	0	0
aaj khelegi dudh se ye holi	0	0
kangana ho kangana laye ki ghar laut ke aaye	0	0
tir tirchhe chalaane ka fan allah allah	0	0
magar jaha bhi hoti hai ae mere dosto	0	0
maine din-rat mohabbat ka teri jam piya	0	0
tumhari adaao pe marte hai ham	0	0
sabaa baage vafaa me	0	0
is liye naaj ka parda hai mere chehre per	0	0
duniya jise gati hai us git ko dohara le	0	0
sachchi lagan jo ho to, parbat bhi dhul hai	0	0
bhashhaa ki taqaraar nahi, mazhab ki divaar nahi	0	0
pyar ka jadu hampe chala ke	0	0
nigaaho me aise ishaare huye, ishaare huye	0	0
kate agrezi baal, baandhaa resham kaa rumaal	0	0
tere hotho me amrita ghol duu, ghola duu	0	0
pyar ki adaaye, zamaane ko na bhaaye 	0	0
ae pyaar teri duniyaa se hum 	0	0
mast hava ne ghunghat khola kaliyo ka	0	0
magar usko dil me chhupana bhi mushkil	0	0
shoharat hai chiz kya chalane ka nam hai	0	0
lat me hai kitane ghunghar naino me kitana jaadu	0	0
lekin tujhe jhukati thi himalay ki bhi choti	0	0
ye zindagi zindagi na	0	0
main hoon paris ki hasina ai ai ai ai ya	0	0
meri jaan aao baitho paas ke hamko neend nahi aati aaj ki raat	0	0
    ham pyaar ki jyot jalaae -2	0	0
mar jana achha mere saiyya 	0	0
kis liye tu itna udas, sukhe sukhe hoth, ankhiyo me pyas	0	0
mujhko toh na jinda chhod egi	0	0
darshan ke do pyaase nainaa jivan bhar na soege	0	0
kya khaab hai meri aankhon mein	0	0
hotho pe khelti hai tabassum ki bijaliya	0	0
kya kehta hai badal kyu mosam hai pagal	0	0
chhuna mat dekh akeli hai sath me dor saheli	0	0
jo roz yunhi jaaogi to kis tarah nibhaaogi	0	0
pichhe koi daaku lutera, un, kyo dara rahe ho	0	0
ho khilauna, janakar tum to, mera dil tod jate ho 	0	0
aaya churane gaalo ko tere	0	0
ye raaste hai pyaar ke chalte chalte mere hamsafar	0	0
dil jo dia hai koi kya kare	0	0
jholi bhar ke jaunga ya mar ke jaunga	0	0
jan-e-bahar husn tera bemisal hai	0	0
aaja jara mere dil ke sahare dilaruba	0	0
giradhar ki muraliya baje re, giradhar ki muraliya baje re	0	0
sali o saliji hone vali saliji	0	0
   rimajhim barasataa saavan hogaa	0	0
kamasekam surat-e-saaqi kaa nazaaraa kar le	0	0
kaisi gori gori o tikhi tikhi chhori, vah vah	0	0
dil bole boom boom, dil bole boom boom	0	0
aaoge jis din le ke baaraat	0	0
badal dekhe chham chham nache albela mastana, ichak dana	0	0
mai pital kee payaliya bhee pehanu jo panv me	0	0
machal rahi thi chudi bhi haaye chhankaar si	0	0
aaja ke aa gayi hai honthi pe dil ki pukar  	0	0
maango baba kuchh bhi maango, maangu ha ha	0	0
dhan se na duniya se, ghar se na dvaar se	0	0
sasure ne lene bhejaa lohe ka haathi	0	0
tere haatho me ab merii jaan hai	0	0
ho,  kaagazo ki kashtiyo kaa	0	0
paradesiyo se na ankhiya milana	0	0
ek roti jawani leke chale	0	0
duniya me ham ae hai to jina hi padega	0	0
chal padate hai tere saath kadam, mai rok nahi paataa hun	0	0
ye raat jaa rahi hai, vo subah aa rahi hai	0	0
dil jawaan aur rut hasin, chal yu hee chal de kahee - (2)	0	0
hath me hath na ho to kya, sath phir bhi nibhana padega 	0	0
milati hai zidagi me mohabbat kabhi-kabhi	0	0
dil ke sahare mile dil me jo tu aa gaya jo tu aa gaya 	0	0
tufaan hai, aaj mausam	0	0
katha sunaaye bhakt kishoram	0	0
ik halaki si musakan se jo	0	0
milakar jyot jalayenge, milakar jyot jalayenge	0	0
dunia hai ek disco disco eighty two 	0	0
duniya walo se kehna hain mushkil	0	0
dar hai bahak naa jaau kahi	0	0
wahi mila aaj yaka yak achanak he	0	0
thadii aahe havaa bhar rahii hai	0	0
zindagi ki raah, unchi kar chalo	0	0
hatho ki rekhaye, hatho ki rekhaye	0	0
kahun kyaa mere dil kaa armaan kyaa hai	0	0
yahi hai rut milne ki kahe der kare	0	0
ayi milan ki bela hoy ayi milan ki bela	0	0
ye intza hai janeman aayega aage maza	0	0
umariya dhal gayi lekin abhi tak dil jawan hai	0	0
mai tumko kya kahu, divana	0	0
daru ki botal chhodo re anari sharabi	0	0
saaz chhupa hai jab ee-e-dil mein	0	0
hamen shauk marne ka kab hai sanam	0	0
ya phir nasha hai koi, jeevan ke rag ka	0	0
kal bahon ka har mila tha, aaj ashako ka har pukare 	0	0
shokhi go tumaye chamunkda baavo	0	0
isiliye mummy ne meri tumhe chay pe bulaya hai	0	0
tera mera pyar amar, phir kyo mujhko lagta hai dar	0	0
aur kabhi jab, gam ki jalti	0	0
bin pahiye gaadi ha ji, bin aurat saadi ha ji	0	0
teri rat ko din or din ko rat tu daal daal wo paat paat	0	0
hardam chaahe teri galiyo me rehna	0	0
chalate chalate milega bhalu ham bolege nacho kalu	0	0
wo jab yaad aaye bahut yaad aaye	0	0
raz ki bat keh du to jane mahfil me fir kya ho	0	0
o khiche manava ki dor o pachhi re	0	0
apane hatho ko apna bhagavan banae	0	0
bahakti nigaho se kahne ki raat aayi 	0	0
dosti ka pass dosti ka pass	0	0
pas ho tum khade mere dil me chhupe	0	0
gata tha jab bol pata nahi tha	0	0
lui shamasha lui shamasha	0	0
dil se tujhko bedili hai, mujhko hai dil ka gurur	0	0
oh sanam hum dono sath rahe janam janam	0	0
ki baad mein tu ik roz pachhatayegi 	0	0
teri arazu ne, hame mar dala	0	0
tu hai khayal	0	0
jo nafrat ki toh nafrat ki	0	0
kirno ko bhi mai chhune na dunga tera badan	0	0
jab sab ne munh pher liya	0	0
ek najar dekh idhar jane jigar, dil chahe bas ho jaau	0	0
tare chale najare chale, tare chale najare chale	0	0
duniyaa se nahi darenge	0	0
hamako to khilaayiye ji taaza halava sun	0	0
hue ham javaa	0	0
main solah baras ki, to main satra baras ka	0	0
aaj chandanee ke nagaree me armano kaa mela	0	0
lekin ham to dekhe surat	0	0
yahaan teraa meraa naam likhaa	0	0
chal doge muskurake, najro se tum girake	0	0
tumhari yade mera sahara udas jivan ke har safar me	0	0
kya hai kotwaali ka 	0	0
puchenge sab mujhe, aayi kahan se tu hasina	0	0
behati nadi kehane lagi tera to hai ye hi jahan	0	0
tu nindo me sapno me piro gaya 	0	0
chalana hee jindagee hain, rukana hain maut teree	0	0
kaanto me kaliyo me, saajan ki galiyo me	0	0
tumko aana padega	0	0
huye hai aaj begaane ham	0	0
failee jab aag tab hosh aaya	0	0
yaad tum aate rahe ik huq si uthati rahi	0	0
mai chalee mai chalee ab khub chhedo pyaar ke afsaane	0	0
uljhan aan padi	0	0
ham kitne anjaan the, baali umariya me, naina lade	0	0
dam lele ghadi bhar, ye chhaiya paayega kaha	0	0
sun lo meri dhadkane toh aayega yakin	0	0
kholi bhi chhin gai hai, benche bhi chhin gai hai	0	0
itani kyun magarur ho	0	0
jo meraa farz thaa maine use nibhaya hai 	0	0
ha ha ishq ishq ishq, bluff master 	0	0
to ye rut ye ghata bolo sochegi kya	0	0
rakhiya ke roj rani bahana ko bulaunga  	0	0
javaani divaani khubasurat, ziddi, padosan	0	0
dam lele, dam lele	0	0
ham kyu shikva kare jhutha, kya hua jo dil tuta	0	0
jaado ki narm dhup aur aangan me let kar	0	0
ham bhatakte hai, kyo bhatakte hai, dashto-sehra me	0	0
hai dance mere lahu ki rwani me	0	0
badi der bhayi, badi der bhayi 	0	0
kal bhatakta tha main jin raaho me tanha tanha	0	0
tera mera milan bada mushkil hai	0	0
ho mere pas to mera nam jao	0	0
apana to kya begana na ho	0	0
sa sa ga ma dha dha ni dha sa	0	0
jimmy aaja, jimmy aaja aaja	0	0
jaalim hai haya uski kaatil hai ada uski	0	0
itanee suhanee aisee mithhee, ghadee aaj tak nahee milee	0	0
hai prit jaha ki rit sada	0	0
main usko roka tha aage badhate toka tha	0	0
too hain toh duniya, kitani hasin hain	0	0
pal bhar ke liye ko hame pyar kar le jhutha hi sahi	0	0
kadam chum lu ya ke aankhe bicha du	0	0
sahil karega yaad usi namurad ko	0	0
mai hun sholaa, mai hun shabanam	0	0
ab to aajaa ke ab raat bhi so gai	0	0
kaha bar-bar ata hai dil diwana	0	0
ye bahaar kaisi aayi jo fiza bhi saath layi	0	0
usaki lau me lagan bhagavaan ki	0	0
ho pyar mein dil pe maar de goli le le meri jaan	0	0
budh ko meri nind gayi jhume rat ko chain	0	0
le ke man me lagan jaise koyee dulhan 	0	0
aankho me rehti hai tasveer teri	0	0
ab kya misaal doon maein tumhare shabaab ki	0	0
maine chhedi ghajal ab chhedega koyi	0	0
wo irade tere, jhute wade tere	0	0
aag si lagati hai, jiya me saavan ki ghatao se 	0	0
ghar ki chhat pe khadi-khadi mai hui sharam se paani	0	0
to raksha kare teri siyaram siyaram siyaram siyaram	0	0
jab tak chaha dil se khela, aur jab chaha tod diya	0	0
bahaaro ke zamaane	0	0
bigdi baat banayegi, banaungi 	0	0
yaara maine to ha kar li	0	0
hanste gaate jahaa se guzar	0	0
berukhi hai aji ye mohabbat nahin  	0	0
log kahe kyon	0	0
papa bhi to achchhe hai kitne pyare-pyare hai	0	0
kismat bana de meri duniya basa de meri	0	0
aaya nahi abhi tak udharse 	0	0
thhokar lagakar chal diye	0	0
pyaar ke maare, sab bechare, gore, kale, ye matvale	0	0
maana kaala dhandha hai	0	0
koi fark nahi albata koi fark nahi albata 	0	0
are kahe ki sharam hai kudiye, jaldi karana	0	0
ham azad hain mistar, kya insan aur kya janvar 	0	0
teri laaj kaa ghuughat khol duu, khol duu	0	0
kitne anjan log mil jate hain uname se kuchh log bhul jate hain	0	0
aaj laharo me jaadu kaa sagit hai	0	0
dekho naa yun aankhe mal mal ke 	0	0
hare krishna hare ram	0	0
ab jina luskil hai fariyade laya hu	0	0
dam maaro dam mit jaaye gum	0	0
ye daakbaabu se kaha	0	0
nahar ke kinaare	0	0
kaun si disha me gaye mere bhagwaan	0	0
aise me tum ho gaye ho bade beimaan ho 	0	0
jaago re jaago re jaago re	0	0
nili- nili ghata o bhigi bhigi hawa 	0	0
par laali lagaye na	0	0
mere bhi dil ki kali khil gai hai	0	0
maagaa hai tumhe duniyaa ke liye	0	0
gye din wo tumharaab hukam hamara is ghar pe chalega sun	0	0
dor tut jaati hai jode gaanth aati hai	0	0
teri mahafil tere jalawe ho mubarak tuz ko	0	0
kisi kaa pyar leke tum naya jahan basaoge 	0	0
kyaa samaa hai tu kahaan hai	0	0
khilauna, janakar tum to, mera dil tod jate ho 	0	0
dal pakayegi dal pakayegi	0	0
piya ag lag lag ke bhai sanwali mai	0	0
ham premi prem karana jane	0	0
saaranga teri yaad me nain huye bechain 	0	0
ye matvaari prit hamari chhupe na chhupaaye 	0	0
ho ! daaman me tere phul hai kam, aur kaante hai zyaadaa	0	0
o tere haatho me pehna ke chudiya 	0	0
tere haatho me hai meri dori jaise	0	0
tum naa samjho tumhara mukkadar hu mai	0	0
sau rab di mai mar java sau rab di	0	0
mana ko dhak le gori, tana ka dhakana hai bekar	0	0
jo bhule ho tum wo bhula na sakuga	0	0
chheh din tak paapad bele tab aaya hai sunday	0	0
tum shahar me ho to hame kya gam jab uthenge	0	0
jane wale kabhi nahi aate jane wale ki yaad aati hai	0	0
apanaa hi saayaa dekh ke tum jaane jahaa sharamaa gae	0	0
pyar leke noor aaya     (2)  	0	0
yahi dard mere jigar me hai	0	0
sharm gairo se hua karti hai apno se nahi 	0	0
disco diwane aahan aahan	0	0
to iska matlab latlab hai ke hai ke 	0	0
le jayenge, le jayenge, dil-vaale dulhaniya le jayenge	0	0
jaag utha dil me shaayad dard koyi purana	0	0
raste pe nahi pahuncha hai	0	0
abhi na jaao chhod  kar ke dil abhi bharaa nahi	0	0
mai khushnasib hu ke tujhe maine pa liya	0	0
bawari kathputli dori piya sang bandhi	0	0
honthon pe to na thi achchha	0	0
kab aisa maine socha tha	0	0
rahta hai dil me tumhara dil, darta hai phir bhi hamara dil	0	0
najar aur dil ki panaho ki khatir 	0	0
4) mohabbat ki dushman hai saari khudaai	0	0
le le banho ke har yar pyar kiye ja	0	0
ye soch le, ye soch le	0	0
arjun arjun arjun mere arjun arjun 	0	0
tere gulshan se jyada viraan koi virana na ho	0	0
kuch idhar lut gaya kuch udhar lut gaya	0	0
tujhpe hai qurban meri jaan mera dil mera iman	0	0
are le ke tera sang tere sajna	0	0
insan to kya devata bhi aanchal me pale tere	0	0
sar na kandhe sar na kandhe se saheli ke uthaya hoga	0	0
tera daman nahi, yeh aansu dhale bhi toh kya hai	0	0
jo do nahi dega ek paisa purana	0	0
dil ki ye kyari banegi phulavari	0	0
nazuk nazuk bans ki chori aisi gori chitti chori	0	0
haye yeh teri mast adaye ye bakpan	0	0
humka le chal yaara thandi thandi 	0	0
jab jab tujhko dekhu mere dil me chhute phuljhadiya	0	0
pyaar ki bahaar le ke jhuum le zara	0	0
ijaazat to le lo zamaane se pahale	0	0
bas chot kisi ko lagti hai, aur dard kisi ko hota hai	0	0
dukh na jahan koyee gam na jahan	0	0
dunia hogi tumse razi hayya hayya ha ha hayya hayya	0	0
gulshan gulshan pyar hai tera	0	0
pura khel abhi jivan ka tune kaha hai khela 	0	0
mai to maang laai saawan ko phaagan se	0	0
magar ab suno meri bari hai	0	0
o o mere raaja	0	0
aji potti patana hai faqat kam apun ka	0	0
are joh hai nam wala wahi toh badnam hai	0	0
chalo ek bar phir se, ajnabi ban jaye ham dono	0	0
dekho kabhi to, pyaar se	0	0
kisi se milan hai kisi se judai	0	0
meraa singar yahee surat hai meree	0	0
mrignayni si chanchal bala 	0	0
kahi dhobi kapade dhoye kahi pandit pyaas bujhaye 	0	0
pyar maga tha, khudai to nahi magi thi	0	0
muskurane ki na koyi baat hai	0	0
ye chor kab se gavara ho gaya	0	0
mose katati nahi hai ab ratiya haan ratiya	0	0
ik raat adhiyaari, thi dishaae kaari-kaari	0	0
tujhako angur ke paani kaa mazaa aayegaa	0	0
haan arre gaana aaye ya naa aaye gaana chaahiye	0	0
saaf hai ab ye darpan dikhata hu mai, muskurata hu mai	0	0
ai kare waada to baho me jhulu tere din rain	0	0
ye saanso se shole nikalte hue	0	0
kai saal pehle ki ye baat hai, bolo na chup kyon ho gaye 	0	0
marazi hai tumhaari, le jaao jis or	0	0
bit gaye din, pyar ke palchhin, sapna bani vo raate	0	0
mohabbat tumako sikhalaadi	0	0
kahi pe khushiya kahi pe gam hai 	0	0
aage-pichhe daude chacha-chachi mama-mami	0	0
teri aankho se lagta hai tu kal raat ko soyi nahi	0	0
kyo bhala ham dare dil ke maalik hai ham	0	0
pyaar mein pyaar ki bhi ijaazat nahin 	0	0
o meri jaan, bol meri jaa	0	0
munni bolo bolo, dipu bolo bolo	0	0
dikhla ke kinara mujhe mallah ne luta	0	0
banduo bajaiye dhol bajaiye baja	0	0
sar pe zameen paanv ke neeche hai aasmaan ho 	0	0
hum phool bane ya raakh huye	0	0
dharam sada apna, toh hansana bolana	0	0
rehee pal me milan kee woh baat aadhee	0	0
fir naa aaye, kabhi aisi raat	0	0
daftar me chhuti ho to mat hona gum se bojhal	0	0
ho jaye dur andhere 	0	0
nahi re nahi main nahi jaungi tere saath tera hath tham ke	0	0
kisi ke ghar ki rajkumari 	0	0
adhuri aas, adhuri aas chhod ke, adhuri pyaas chhod ke	0	0
aap kahe aur ham na aaye, aise to haalaat nahi	0	0
sima sima sima le tod di maine sima 	0	0
zindagi ittafaaq hai 	0	0
mil jata hai yak-b-yak	0	0
oo aaja aaja, dekhu pyar tera	0	0
tum jo kehte ho, ham woh karte hain	0	0
todhi der ko aate ho chale jaate ho	0	0
mera jo haal hai tujh bin vo aakar dekhte jaana	0	0
mere jivan sathi	0	0
are haay haay yeh majburi, yeh mausam aur yeh duri	0	0
ye milan madhbara ye nazaare jhilmil kare	0	0
haal hua ye arey dekho mera	0	0
rama rama gajab hui gava re rama rama gajab hui gava re	0	0
pyar ko samjhe, hay re hay sitam	0	0
ye patthar hai ye nahi rote	0	0
roke zamaana chaahe roke khudaai	0	0
wo ha kahenge to bhi khushise, mar jaaunga main yaaro	0	0
ke sajana pe dil aa gaya ke sajani pe dil aa gaya	0	0
aakhiyo me rachke chale bach bachke, jaise ho koyi begana	0	0
dekho mai ne dekha hai ye ik sapna	0	0
haye jo ab tak chori hai chori hi rahne do	0	0
jab aati hogi yaad meri haye jab aati hogi yaad meri	0	0
mai ek chor tu meri rani mai ek chor 	0	0
chal ud ja re panchhi ke ab ye desh hua begana	0	0
mujhe dard rehta hai dil me dard rehta hai	0	0
bagaali me kahate hai ki aami tumaaro bhaalo baashi	0	0
ho bol kahan ka aisa hai tu kohinoor ka tukda	0	0
tara ram tara ram tara ram pam pam	0	0
kaam seedha sada hai, lena ek waada hai, achcha	0	0
naa koi rone vali janaab-e-aali aapka kya hoga	0	0
mohabbat kya bala hai, mohabbat kya bala hai	0	0
ke ek duje ke dil me rahate hai ham	0	0
ho rama ho, ho rama ho, rama ho	0	0
roko roko raasta dishao ki divaro	0	0
duniya hai mere pichhe lekin mai tere pichhe	0	0
tum sang janam janam ke phere bhul gaye kyu saajan mere 	0	0
to iska matlab hai ke hai ke 	0	0
aur na daraa tu mujhko o kaale kaale ghan	0	0
khushi se jhume hai man mila sajni ko saajan	0	0
haan kitni tufani tauba re tauba	0	0
zaraa pi aur ji, kahataa ye hai toni	0	0
naino kaa kajaraa piyaa teraa gam  )  -   2	0	0
takdir ka sara khel hai ye	0	0
uske daman ki khushbu hawao me hai	0	0
ke pahli pahli bikri meri, bechun mai to sasti	0	0
tumko dekha toh najrein yeh kehne lagi	0	0
ho chandani ke tale jab mile the gale	0	0
	0	0
