Song lyrics	Mood	Offensive
teri sau dastane hai, tere kitane fasane hai	0	0
ye husn jisko mile jan-e-jan bedili usko sajti nahi hai	0	0
ye janmo kaa naataa nibhaayege ham tum	0	0
jo muskura ke reh gaye, zehar ki jab sui gadi	0	0
barso ka soya hua pyaar mera jaga	0	0
kisliye jite hai ham kiske liye jite hai	0	0
aap jaise zaalimo ke zulm ki ijaad hai 	0	0
kanta bhee naa chubhane paye kabhee, meree ladalee tere panw me	0	0
ho banke rahe woh anjana	0	0
javaani divaani khubasurat, ziddi padosan 	0	0
na pyar hame hai daulat se	0	0
saso me teri, khushabu ke dere khushabu ke dere	0	0
nahi javani	0	0
hame sone nahi deti	0	0
vaqt kaa badale mizaaj	0	0
bhikh na maange, karz na maange ye apna haq maangati hai 	0	0
achchha chalo, chhedo aage kahaani 	0	0
ye phul si rahe dhul si dharti bas me rang hazar 	0	0
are humne jo socha tha dil ne jo chaha tha	0	0
aaj bhi mere sath ho jaise	0	0
saiya bedardi mere thoda sa pyar magun	0	0
yaadon mein vo sapno mein hai jaayein kahan	0	0
mai tulsi tere aangan ki, mai tulsi tere aangan ki 	0	0
kya hoga kaun se pal me koi jane na	0	0
ban gai gori chakori oye kya bat ho gai	0	0
jhum jab tak jhum, jhum jab tak jhum	0	0
jabse tumko dekha jite hai marate hai 	0	0
aao lag jaao gale kam ho sine ki jalan	0	0
parda na uthao	0	0
nazaro ke shok nazrane hontho ke garm paimaane	0	0
lagta tha ke mushkil hai firangi ko harana	0	0
aji, rah jayenge, rah jayenge, paise-vaale dekhate rah jayenge	0	0
ye jo public hai sab jaanati hai ye public hai	0	0
salame-ishq meri ja zara qubul kar lo 	0	0
kab tak jaanega na chanda dard chakori ka	0	0
saalo hi sadiyo hi hardam rahenge ye milte	0	0
manzil pe pahunchege kaise, aapakaa jab tak saath nahi	0	0
chori chori koi aye, chori chori koi aye	0	0
jis dil me pyaar basa ho vo dil bhagwaan ki murat	0	0
badal me kya ji, kisi ka aanchal	0	0
khuda janey kya, majara ho gaya	0	0
tu kaun hain, mai hu ek garib ki ladki	0	0
thode shiqwe bhi hon kuchh shikaayat bhi ho	0	0
dil diya dard liya dil diya dard liya 	0	0
mera pyaar woh hain ke mar kar bhi tumko	0	0
bachke rahna re baba bachke rahna re	0	0
jo tum muskuraa do	0	0
mera saya tere tan se lipat jayega	0	0
dukh aur sukh me jina bataya	0	0
naujawaani ke haseen khwaab ki taabeer thi wo	0	0
ghar par mere angan hanse	0	0
wo the char akela mai maine charo ko mara	0	0
raat bhar mua sone na de tanka lagaye ghadi-ghadi	0	0
rote hanste bas yuhi tum gungunate rehna	0	0
jyoti kalash chhalake	0	0
kisi aur ko shayad kam hogi	0	0
phir bhi tumane kvabon men aana nahin chhod a	0	0
mat ro ki meri jan yah hai raag purana	0	0
jal rahi hai ye zamin, jal raha hai aasman	0	0
mere gam ke sahaare aa jaa	0	0
o shama mujhe phuk de mai na mai rahu, tu na tu rahe 	0	0
naa karu mai yeh kam toh nahi meraa naam	0	0
yahi hai yahi hai yahi to hai vo	0	0
bachapan me julaya hain tujhako, baaho ne meree jhulo kee tarah	0	0
aur pyar ki khatir lut jaaun	0	0
choti si mulakat pyar ban gayi, pyar banke gale ka haar ban gayi	0	0
chanda ji ki bindiya	0	0
aise sapno ka koi mehal banao 	0	0
chanda ke mukhde pe badli ka aanchal 	0	0
sath milan ke naam judai ka likha hai aisa	0	0
tum agar humkadam banke chalti raho 	0	0
tujhe jan de doo, mai yeh jankar	0	0
kaun sa banaya na bahana bahana bahana	0	0
chanda o chanda, chanda o chanda	0	0
o mere sona re sona re sona re 	0	0
khud roye kabhi aur kabhi tujhko rulaye	0	0
jab se saiya, tose neha lage	0	0
kitni sadiya beet gayi hai hay tujhe samjhaane me	0	0
tujhpe nichawar meri jawani	0	0
agar mar bhi jaate to hairat naa hoti	0	0
piyaa milan ki rut aai	0	0
raat din mujhko satata hai tassawwur tera	0	0
waqt hai khubsurat bada shubh lagan muhurat	0	0
dur se hi lalchaunga kya mai tujhko pukaar kar ke	0	0
premiyo ke le ke vo sandes aati hai, bolo bolo	0	0
aanch dene laga kadmo ke tale braf ka farsh	0	0
apna bana lo, hath zara tham lo, waah waah waah	0	0
kah do koi na kare yaha pyaar	0	0
dil na dene pe bahut naaj kiya karte ho 	0	0
pine vaalo ko hi jine kaa mazaa aataa hai	0	0
jiye tera munna hoye hoye hoye	0	0
hotho pe hai ek bol balma tere naam ka	0	0
tere hasee ki keemat kya hai ye bataade tu 	0	0
ab aataa-chaaval bhi chhupa to bhukho ne munh khole 	0	0
ye rupahali chhanv ye aakash par taaro ka jaal	0	0
jage sari raina, tere mere naina	0	0
ake parvato se, jaise girata ho jharana zami pe	0	0
tu hai phul kisi ban ka samjh gayi mai	0	0
jisake man bhaae vo usi ke gun gaae	0	0
aag hai lagi huyi har taraf yaha waha	0	0
uljha ke baato me, kahta hai raato me	0	0
tujhe dekhaa jaba se dilarubaa, dilarubaa	0	0
main jaane kis kaaran main jaane kis kaaran	0	0
uname se kuchh log bhul jate hain kuchh yad reh jate hain	0	0
chain se soyi hai vo dekho samane ik shahazadi 	0	0
unchi mill ka maalik hai	0	0
vo pari kahaan se laaun teri dulhan jise banaaun	0	0
sham sawere bas aaj se,	0	0
maine sitaro ko chhu liya	0	0
kho jayein piya ham tum dono, inn pyar ki mithi bato me	0	0
nadiya kinaare pe chhat pe chaubaare pe	0	0
meraa qusur kyaa hai, tu faisalaa sunaa de	0	0
mera chana kha gaya gora mera chana kha gaya gora 	0	0
jaan par khel jaau, mai vo jigar rakhta hu	0	0
kehta hai joker 	0	0
hay re mai tere kurban	0	0
teri vafa hi meri har khushi ka haasil hai	0	0
koi manzil nahi tere vaaste	0	0
jabse tune chhua re dil ki lagi or badhi jaye 	0	0
re ek ne tujhko pala	0	0
oo ladiya tumhe lag jayegi hathkadiya ho	0	0
ke hak dostee kaa ada ho gaya	0	0
chale hain chale hain chale hain sasuraal	0	0
me yaha, tum kaha, me yaha	0	0
nain so nain nahi milao nain so nain nahi milao 	0	0
is raah me ai raahi har mod bahana hai	0	0
mai akeli aur tera jamana ho gaya	0	0
meraa bas chale toh dil chir ke dikha du	0	0
to aakar gher lete hain	0	0
to bandook bhi haath se gir gayi 	0	0
baato me ras ki barasaate, mujhame pyaar ki pyaas jagaaye	0	0
kisakaa nahi hai kaho kr^ishhn kanhaiyaa	0	0
pyaar par bas to nahi hai meraa, lekin phir bhi	0	0
meri bheegi-bheegi si	0	0
jiti hu tumhe dekh ke, marti hu tumhi pe	0	0
na ja re na ja roko koi	0	0
hoye uske kadam chume teri javani, woh hai saher ki rani rama	0	0
ab tak na mile lekin pahachan purani hai	0	0
yeh waada haan waada yeh waada raha 	0	0
apanaa sahaaraa hai 	0	0
yahi mera sona chaandi yahi meri duniya	0	0
waha se lautkar jana	0	0
ye roshnee ke sath kyu dhuan utha chirag se 	0	0
o jaan-e-jahaan mar kar bhi yahan tera pichha chhod un na na na na	0	0
hum bewfa hargiz na the par ham wafa kar na sake	0	0
dil gaya to kya raha dil ke saath hai jahaan	0	0
yahi to hain jamaane, dilo ke afsane 	0	0
mujhe chalate jaana hai, bas chalate jaana	0	0
aasmaano kaa pahraa na ho	0	0
prem kaa aisa bandhan hai jo bandh ke phir naa tute	0	0
kimat hai tin pai, hai koyi najar vala	0	0
rahane do chhodo bhi jane do yar ham na karege pyar	0	0
daali si kamar tauba barchhi si nazar tauba	0	0
par yaron se tera bachana mushkil hai 	0	0
aap kahe aur ham na aaye, aise to haalaat nahi	0	0
meraa jivan kora kagaj kora hee reh gaya	0	0
papa ko mammi se, mammi ko papa se, pyar hai, pyar hai	0	0
sajaao koi kajaraa laao gajaraa 	0	0
tu mazil mai raahi tera tere bina kya jina mera	0	0
guzarane lagi chain se zindagi wo mumataz ik roz kahane lagi	0	0
reshami jism thartharaate hai, marmari hoth gungunate hai 	0	0
jeena yu hi mar janey kaa nam hain	0	0
matware pyare pyare nyare nyare	0	0
andheron mein apne hi ghirne lago	0	0
hamane bahut tujhako chhup chhupake dekhaa 	0	0
gayi badashahi na jane kaha	0	0
teri kaunsi hai manzil kahi dip jale kahi dil	0	0
o raahi sikho hansanaa o raahi re	0	0
aap daulat ke tarazu mai dilo ko taule	0	0
tune dil tak to mera le liya	0	0
e nach meri jan fata fat fat, nach meri jan fata fat fat	0	0
kitana sukh hai badhan me	0	0
leja aake mere ghar se meri doli	0	0
seekha nahi sabak tune pyar ka tu jaane kya mazaa intezaar ka	0	0
kabhi woh din bhi aayega	0	0
kal tak jo tha hoga naa kal 	0	0
abhi to ye pahali mazil hai, tum to abhi se ghabaraa gae	0	0
jaae to jaae kahaan 	0	0
ha ha yeh nur hoga teri aankho me pyar ka	0	0
kyon mai tufa se daru, mera saahil aap hai	0	0
le jayenge, le jayenge, teri son machhariya le jayenge	0	0
kuchh sust qadam raste kuchh tez qadam raahe 	0	0
jaise ude koi taaron ke darmiya	0	0
pukare tujhe sun suna de wahi dhun	0	0
mahandi mere haatho ki udaas	0	0
ye kyo aansu hamare, aap ki aankho se bahte hai	0	0
dil jo na kah saka wohi raaz-e-dil kahne ki raat aayi	0	0
meraa qusur kyaa hai	0	0
jaise ab ki nahi sadiyo ki sahnayi ho 	0	0
fana ho jaayegi saari khudayi, aap kyo roye	0	0
ho zara ruk ja pyare ruk ja	0	0
gagan me chamkte sitare 	0	0
munna bada pyara ammi ka dulara 	0	0
ye hum kya jaane, ye wahi jaane	0	0
mai jo nahi haari saajan zaraa socho	0	0
nazuk baharo ko chhu liya	0	0
sundar naari pritam pyaari	0	0
khaye shudh machchhi dal 	0	0
jo likha tha aansu sang beh gaya	0	0
chudi le du, saadi le du, bangla le dun, baadi le du	0	0
aur dildaar nahi jo na tadapna jaane	0	0
le chal jaha teri marzi ye tera hai kam	0	0
gulabi ye pyaale hain tere hawale	0	0
mujhe dard rehta hai dil me dard rehta hai achha	0	0
jara muskura de, padu tore paiyya	0	0
marhabba ye dilruba, marhabba ye dilruba	0	0
pyar zinda rahe yaar zinda rahe	0	0
hone de re jo ye julmi hai path tere gaao ke	0	0
chaand ke sang jaise hai chaandni	0	0
rahungi na tere sath, are chhod  mera hath	0	0
meri ja saf karale fatafat saf karale	0	0
are jaldi se kah do, are kah to raha hu	0	0
aise hee jag me aatee hain subahe	0	0
more akhiyo ke age laharaye re	0	0
tujhe mere geet bulate hain	0	0
pyar ho jayega	0	0
kabhi khud pe	0	0
bite huye woh din jara yad karo 	0	0
aag laga di hai sukhan me o khatmal 	0	0
panghat pe karta hai danga khoti 	0	0
ruth ke pahle ji bhar sataungi mai	0	0
uthegi meri taraf pyar ki nazar yu hi	0	0
tum do kadam, do saath agar	0	0
ae dilbar mere lab par kab chhalkega tere lab ka jaam	0	0
pyaar jo naa hotaa naa hota ye jaha	0	0
qasam kha raha hu, ki dam bhi na lunga	0	0
aapako pyar mera yad jahan aayega	0	0
kar diya dil ka khun chup kaha tak rahun	0	0
tadapat hu mai saanjh savere, o 	0	0
raaju raaju raaju, daddy daddy daddy	0	0
kaha chal diye, idhar to aao mere dil ko na thukrao 	0	0
tere jiwan ki pyaar bhari aas hu	0	0
ham tum juda ho jate hain achcha chalo so jate hain	0	0
bane huye kyu khel bigdte 	0	0
aaj to duniya aaj to duniya duniya	0	0
saavali saloni ghata jaba jaba chhaai	0	0
ek tu na mila	0	0
bangal prant me jau to, mai karu kala se prit	0	0
din dhalaa bhi nahi, shaam kyo ho rahi, ho rahi	0	0
kis kadar yeh hasin khayal mila hain	0	0
shayad meri shadi ka khayal dil me aaya hai	0	0
teri zulfo se, judai to nahi magi thi	0	0
kahee dil na meraa ye tarif sun kar	0	0
ai pakada gaya, pakada gaya	0	0
madhuban me radhika nache re, madhuban me radhika nache re  	0	0
phir bhi ye naam hontho pe na ho	0	0
ithlati aur balkhati	0	0
tum yad bahut aate ho 	0	0
tujhpe mai fida jane vafa tujhpe mai fida	0	0
khuda ka shukr hai, chahara nazar to aya hai	0	0
ek din jo meri chhoti si gudiya ko le jaye ga	0	0
to in ke hi kadmo me jhuk gaye hum	0	0
kaviraj kahe na ye taj rahe na ye raj rahe na ye raj gharana	0	0
aap sa koi haseen	0	0
mohabbat javaan hai	0	0
are nilamakamalam raajakumaaram, yaade yaadam suniladattam	0	0
duniya basana koi, asan kam nahin	0	0
nahee toh yeh jalwe hain bhujhate diye 	0	0
mere mahabub tujhe salaam, mere mahabub tujhe salaam	0	0
majhi chhod jata hai saahil chut jata hai 	0	0
samne aake zara parda uthha de rukh se	0	0
padra jo uth gaya to	0	0
mathhe pe lage suhani si, hontho pe tere nishani si	0	0
koi chachal koi matavali hai matavali hai	0	0
tumko bhi mile ha, din bahaar kaa ha	0	0
khilte rahe hotho ke gulab aur jyada	0	0
baat jab mai karun, mujhe rok deti hai kyo	0	0
kaajal wale nain mila ke kar dala bechain kisi matvaali ne	0	0
pyar abhi to naya naya hai	0	0
aata hai jaata hai, aata hai jaata hai	0	0
chand chura ke laya hu, chal baithe church ke pichhe	0	0
o ho ho khoya khoya chand khula aasman	0	0
fir aaj kaise mai yaha hu mujhe ye hosh nahi 	0	0
dil me mithi mithi machti hai hulchul, hulchul	0	0
piya piya piya 	0	0
dhakke khaaye, samajh na aaye o paape	0	0
dhadaka jaaye dhadaka jaaye re mera manava hay	0	0
o yaar kapda shandar hai	0	0
hans ke kisi ne dekhaa ek baar	0	0
chhu lu chahe gale se lagalu	0	0
tum kabhi zulf ko chehre pe giraya na karo	0	0
jaanaa kahaan hai puchhe, nadiyaa ki dhaaraa	0	0
par himmat na haar, man me maranaa vichaar	0	0
vaay vaay vaay, koi tir khaa na jaanaa	0	0
tere hontho se lipat jaau sajani	0	0
jabse tujhko dekha ek najar, mujhe kya huwa mere dilbar	0	0
tum dildaro ki bat mat puchho ji 	0	0
aankh nichi ho vafa ki aisa ho sakta nahi	0	0
maal jis ka khaata hai	0	0
meri rato ke pahle khwab 	0	0
kal aur aayege nagamo ki khilati kaliya chunne wale	0	0
jhumka bareli vala kano me aisa dala	0	0
yaad kiya dil ne kaha ho tum 	0	0
tumhi ho mata pita tumhi ho	0	0
tu nahi to ye rut, ye havaa kyaa karun, kyaa karun	0	0
wo kankhiyo se unka hame dekhana 	0	0
man me thi ahinsaa ki lagan tan pe langoti	0	0
jal jo na hota to ye jag jaataa jal	0	0
amaanush banake chhoda	0	0
jo koyi dekhe mera jalwa ho jaaye qurbaan	0	0
pal pal dhoye armano ke 	0	0
to raksha kare teri siyaram siyaram siyaram siyaram siyaram 	0	0
ab toh chalenge hum chal ham kismat ke sath bhi	0	0
koyi naa samjhe parem kee bani	0	0
jahaa bekhudi me kadam ladakhadaye	0	0
lat bikharaae chunariya bichhae	0	0
chahe koyee mujhe junglee kahe kehne do jee kehta rahe	0	0
rat bhar karvat mai badalu, dard dil kaa saha nahi jaye	0	0
beshud hai divana 	0	0
achchha toh hum chalte hain	0	0
ajab shaan thi jisaki ulfat bhari	0	0
arey sikhe koi tumse jhuthi bat banana	0	0
dekho hans do dil na todo, mai khush hun tum mera sath na chhod o	0	0
koyi kahi dur naa jaye mere sang aaye	0	0
jhuthaa ek dilaasaa  	0	0
dusmano ke jani dusman, yara sache yaro ke	0	0
tune to badal dali duniya	0	0
jawani mangati thi yeh hasin jhankar barso se	0	0
sulajh jaye pal me meri baraso ki ulajhan	0	0
hansta hai koi sirat pe meri	0	0
aisa jalwa allaah hey hey	0	0
zindagi ka safar hai ye kaisa safar	0	0
kahaan se tu aayaa kahaan jaayega tu	0	0
milte hain chand chakori	0	0
sar-e-raah chalte-chalte	0	0
ya ho mr john, ya ho mr john	0	0
shararat se chahara chamakane laga kyo	0	0
o mitva tere bina laage na re jiyraa laage naa	0	0
mujhe pinjra na dikhao mai parinda nahi	0	0
mandir ho, masjid ho ya sikho ka gurudwara	0	0
too hai toh mehfil me rang hai, too jo nahi toh kuchh bhi nahi	0	0
kyon najar se na ab tak najar mil saki	0	0
kabhi kuchh kahati hai, kabhi kuchh kahati hai, zara nazar ko sambhaalana	0	0
bira, tara tara tara, para para para	0	0
tere pyar ki meharabani pe roye, roye	0	0
kuch karna tha kuch kar baithe	0	0
dil se mere lahare uthe thadi pavan me	0	0
 ho ke judaa 	0	0
lambi sahi dard ki raahe	0	0
mere jivan me phir bhi pyaas hai	0	0
or waqt ki hera feri hai or wakt ki hera feri hai	0	0
dilbar tha jahan	0	0
hai shukr ki ab tak zinda hu mai dil ka ghayal bechara	0	0
jaane kahan kis mod pe deke daga dil ko chhal jaate hain	0	0
o mere, dil ke chain, 	0	0
mere aakho me wade hai, tere hoto pe kasame hai	0	0
raadhaa kaa bhi shyaam voto miraa kaa bhi shyaam	0	0
tum ho mere kaun jindagi hai kyun hasin	0	0
titli ne poori jab kar lee udaan	0	0
baad-e-saba ho tera guzar 	0	0
dekhne-sunane vaala haan	0	0
tera jalwa hu tera parda hu  	0	0
ha hame dekhna hay hame dekhana hay	0	0
paanv chhu lene do phulo ko inaayat hogi, inaayat hogi	0	0
aaj ki rat	0	0
abhi ruthe tu abhi mane tu, tauba yeh kya hai nazaara	0	0
wo humse jab milte hai to begane ban ke	0	0
tu bhi kisise pyar kare	0	0
pyar dilo ko deta hai, ashko ko daman deta hai	0	0
takdir ki mai koyi bhul hu, dali se bichhada huwa phul hu	0	0
sanasanaahat si hui	0	0
o main aisi sharmaayi jaise dulhan nayi naveli	0	0
kaha dalun apane sab hal dil ke	0	0
vafaa kar rahaa hu vafaa chaahataa hu	0	0
jisane, jisane asharafi gaz dina dupatta mera	0	0
taras rahe hai, jamuna ke tat par dhun murali ki sunane ko	0	0
sher ki kahani sunoge 	0	0
jaan-e-vafa teri qasam kahte hai dil ki baat ham	0	0
lalchaaye, chhup jaye, aay haay	0	0
isi wakt bujha de lagi dil ki	0	0
are kaisi gori gori o tikhi tikhi chhori	0	0
chaman me khile phul pyare 	0	0
voh mein nahin, voh mein nahin	0	0
ai muhabbat ke malik tera shukriya	0	0
sunke teri pukar, sang chalne ko tere koi ho na ho taiyar 	0	0
bhadak uthe hai shole inhe khamosh kar do	0	0
badhti chalu gaati chalu apani lagan me	0	0
ye chand sa roshan chehra, julfo ka rag sunhara	0	0
agar mujh se muhabbat hai mujhe sab apne gham de do	0	0
raah bhule the kaha se hum, raah bhule the kaha se hum	0	0
ham pyaar ka sauda karte hain ek baar	0	0
ik chij key hain kai nam yaha	0	0
mai toh aarati utaru re santoshi mata ki	0	0
muskate ithalati gati aayi zulfe khole	0	0
yaad aaye gar kabhi, ji udaas ho	0	0
halke halke chalo saanvare pyaar ki mast havaao me	0	0
mausam hans gulshan hanse 	0	0
halla machayenge gulla machayenge	0	0
tune vatan ki raah pe sab kuch luta diya	0	0
magar haar kar kyun dukhon se koi 	0	0
jaago jaago jaago 	0	0
sach ki raho pe chalta chal	0	0
sun sun bate teri gori muskai re 	0	0
o chaand mere dikhalaa jaa	0	0
dil jo bhi kahega manege duniya me hamara dil hi to hai	0	0
dhamake me awaz bhi hai ek soz bhi hai ek saaz bhi hai	0	0
apanaa koi bhi nahi, apane to hai raam, tu bhi	0	0
muthukodi kawadi hada amma	0	0
ke unhi ki di huyi cheez hai	0	0
phir kya hua, khuda ki qasam maza aa gaya 	0	0
aaj man hai magan jhumati prit hai	0	0
khuda aapse phir kisee din milaye	0	0
bade maze ki hai ye beqarari	0	0
jalta na ho kahi mera hi aashiya	0	0
tum ho paresha kis gam se razedil kah do humse 	0	0
kanto se dur kahin phulo kee chhanv me	0	0
saavali saloni ghata jaba jaba chhaai 	0	0
wah re tere kaam kahi subah se shaam	0	0
aa gale lag ja mere sapne mere apne mere paas aa	0	0
chura laye ham unke najani jalwe nigaho me	0	0
aao ji ghar more piya kaano me kuchh samajhaau	0	0
teri or meri khabar puche na koi	0	0
mara vo kas ke daav ke ulti sabhi ki chal	0	0
le ke aana koi achchha sa javaab tum	0	0
kya dhundhe ye sahil dil tumse gaya mil	0	0
kitane logo se mai milakar bhul jata hu	0	0
ek dikhakar beedi, rukva di char gadi 	0	0
aa gaya koyi aane do, kahe ka dar hai bali umar hai	0	0
tera mera ek safar hai	0	0
uttar se dakshin ki mil jati hai rekhaye	0	0
shishe me aapko bhee utare chale gaye	0	0
dil ke badle raja dil dena padta hai	0	0
sham milan ko jiya mora tarse	0	0
sewa kare jo pati ki	0	0
ho andhi aaye ya tufan yar khade hai sina tan	0	0
khilati kali sa khila rup	0	0
aage tufaan hain jaana kahi	0	0
apna kisi ko jo bana ke dekha	0	0
sar par topi laal hath me resham ka rumal 	0	0
ye chandaa shital kahalaataa	0	0
hai behijaab tera shabaab ham ho gaye divaane	0	0
haye rama haye rama	0	0
taratara tara, turu turu turu, turu turu turu turu turu ru	0	0
dewano dewano dekho na dekho na	0	0
aur mohabbat jo ho jaati hai	0	0
ye pyari shandar hai	0	0
gardan ka bukham haay honto ka woh nam haay	0	0
hai ghatao ka do nain me kajal	0	0
ankh jisase ladi hai vo pas mere khadi hai	0	0
sham subah kayamat na hoti	0	0
nigaahe to milaao adaaye na dikhaao	0	0
tu to aadha ang hai mera mai deepak tu bati 	0	0
na doob jao kahin bekhabar jawani hai	0	0
yaro ke liya ha, hai meri duwa ha	0	0
tera dil to machalta hoga jab aati hogi yaad meri	0	0
khoyi khoyi jau main, jo bhi chahe manwale	0	0
ye sharte to badi hai zaruri	0	0
kahe ghabaraaye, kahe ghabaraaye	0	0
uthne ko hai janaza	0	0
masti bhara tarana kyun raat ga rahi hai	0	0
jivan ki ham sari rasmein tod chale 	0	0
samjhauta gumo se kar lo, samjhauta gumo se kar lo	0	0
garib ko to bachcho ki padhaai maar gayi, padhaai maar gayi 	0	0
munh se kuchh toh kaho uss pe marti ho kyon	0	0
mere dil mein hai tu tere dil mein hun main 	0	0
pavan chhede sargam mai lori suna du	0	0
nahi bachne ka	0	0
hai aaj ki, rat mai, kya se kya ho gayi	0	0
mulaakaat haay haay haay	0	0
bukhe ko dud pila degi, to nahhi si jaan duaa degi	0	0
dil leke mukar jane ko	0	0
o hasina zulfo vali janejahan	0	0
o  haay jalta hai badan, jalta hai badan	0	0
gurudev es kanya ka mukhda to 	0	0
nahar ke kinare 	0	0
humne bhi wahi sikha	0	0
hakikat hamesha hakikat rahegi	0	0
pyar ankho se jataya, to bura man gaye	0	0
daavat-e-ishq de rahi hai faza, aaj ho jaa kisi hasi pe fida 	0	0
teri chunari laharai barasat ho gai 	0	0
tum kaha, me yaha, tum kaha, me yaha	0	0
baraso se takati thi, tu vahi hai	0	0
parbat se ghanghor ghataye takraye 	0	0
kaun si duwidha aapke 	0	0
ajnabee	0	0
ye din to manayenge har saal ham	0	0
tumane kabhi vada kiyaa tha kisi sathi se 	0	0
dillagi na karo chhedo na hamko sanam	0	0
ai meri topi palat ke aa, na apne fantoosh ko sata	0	0
aaj hai yaha, kal kahi nahi	0	0
allah jane kya hoga aage, oh maula jane kya hoga aage	0	0
chhodo jhagade mila lo dil ko	0	0
agartum samjhte mohabbat ka matlab	0	0
puchho to kaun hai vo, rut ye suhani hai, meri mahabuba	0	0
maang ke saath tumhaara maine maang liya sansaar - (3)	0	0
hay bedardi hay bedardi tujh sang prit	0	0
rut pyaar karan kee aayee	0	0
badal naiyya hai bijali patavar	0	0
o kho rahe ho aaj kis khayal me	0	0
jis roz se dekha hai usko	0	0
magar phir bhi tujhe meri, mujhe teri zarurat hai	0	0
kabhi khud pe, kabhi halat pe rona aaya	0	0
galiyo se mehalo me pahuchi badla apna rup	0	0
warna qayamat hogi yaha	0	0
ho meghaa re meghaa re, meghaa re meghaa re 	0	0
nashe mein choor picnic hai dilwaalon ki	0	0
bafi bas arman nahi kuchh milna aasan nahi	0	0
raaju, o daddy, raaju, hey hey daddy	0	0
mai laya mazedar chana zor garam chana zor garam babu 	0	0
an evening in paris	0	0
ham apane pairo me jaane kitne 	0	0
dhul ka ek badal albela niklaa hoon apne safar me akela	0	0
ishq valo se na puchho ki	0	0
mera tohfa kiya kabul	0	0
chup ho ja chup ho ja 	0	0
aaj raat ka main aakhri gana ga raha hu	0	0
lagta hai mela na jane kaha, ashiq jama hote hai yaha	0	0
sajda kare ha sajda kare haay haay sajda kare	0	0
are dil tute to, are ye ruthe to 	0	0
jhumo gao aish karo	0	0
lahrati jaau mai bal khati jaau mai	0	0
main ye kaise maan loon tum itne anjaan ho	0	0
langadi- tangadi chhuri- katari sab rah jaye dhari	0	0
ye aankho pe zulfo ki parachhaiyan	0	0
kar ke badnam kisi ko bnata hai ab harjayi	0	0
bachke rahna re baba tujh pe najar hai	0	0
kya chahate ho chahat tumhari	0	0
lagata hai dar fareb bevafaa se kabhi kabhi 	0	0
chhoti si umar mein wo jan ko lagati na	0	0
    ham sukh-dukh mil ke sahege -2	0	0
ye nahi samjho ye nahi samjho samjho	0	0
ho dil chanda ka le aayenge suraj se aankh milayenge	0	0
radha kyo gori mai kyo kala	0	0
pital kee payaliya bhee pehanu jo panv me	0	0
o chhin lungi ghatao se kaajal	0	0
haay haay yeh majburi, yeh mausam aur yeh duri	0	0
kahiye to, kahiye to aasmaan ko zamin par utaar laye	0	0
ke beriyon ke bed pak gaye jind meriye	0	0
jake maike ko de do sades 	0	0
aaye kabhi chaubhare mai wo, kuch soche mere bare mai wo	0	0
phulo ke chhalke hai jaam	0	0
ye phool bankar hain khilte kahin	0	0
meri talaash teri dilkashi rahe baaki	0	0
chalo sajanaa jahaan	0	0
mai phir bhi taala  ha ji, kachare me daala ha ji	0	0
band ho muthi arey chij nikal jaye	0	0
ek din bik jayega, mati ke mol	0	0
milunga madbhari raato se	0	0
gore mera chana kha gaye gore 	0	0
yahan chalati ko gaadi kahate hain pyare pam pam pam	0	0
yeh koun bajaaye baansuriya	0	0
aaj hum jaise jigar waale kaha	0	0
chand se dekha dur chakora, aa aa aa aa	0	0
dhadakate hai dil kitni, aazaadiyo se	0	0
kahe lakho ghar ye ujadte 	0	0
hai ada me wafa wafa me ada 	0	0
ye jannat na hoti to kuch bhi na hota 	0	0
jaadugar saiyaa, chhodo meri baiyaa	0	0
mai kya kahu khushi se ajab mera hal hai	0	0
mere kadamo ki aahat se, badal jaayegi taqadire 	0	0
usi haseen mehjabin ki avan allah allah	0	0
rimjhim rimjhim barkha barase nain more tarse	0	0
ho gaya dila ka, purja purj lage pachasi jhatake, ho tera	0	0
kah do padosiyon se	0	0
ke pyala tere naam ka piya	0	0
ek divana nahi, ek divani bhi	0	0
dushman jise sataye, isko lagake jaye	0	0
dukh se jo na hara dil hi to hai duniya me hamara dil hi to hai 	0	0
uthkar girna girkar uthna jivan ki rit purani hai	0	0
ra :	( ek teraa saath ) -2 hamako do jahaan se pyaaraa hai	0	0
dekho mai ne dekha hai yah ik sapna	0	0
mujhe ango me amrit ki dhara tere ango me amrit ki dhara	0	0
mere jhuthe balma tere dil me chor	0	0
udte phirte titli ban ke bachapan	0	0
mere desh ki dharati 	0	0
zakm khaya hai tab huye hai jawan aaha	0	0
tum bas itna yaad rakhna mai nashe me hu	0	0
sun ho sahjade tu jo hoti sahjadi	0	0
chahat ka hai harsu asar, phir kyo mujhko lagta hai dar	0	0
ho tujhe chaand ke bahaane dekhu 	0	0
pyaar hamaara sach hai kitna dikhla den ham dono	0	0
mazur hai vo mujhako jo kuchh bhi tu sazaa de	0	0
jo thi aaj tak hakikat wahi ban gayi fasana	0	0
maine nahin jana tune nahin jana 	0	0
jaaun kidhar na jaanun	0	0
mai ashiq hun baharo ka, nazaro ka fizao ka isharo ka	0	0
ghanaghor ghataa chhaai	0	0
(upar vaala jaane) - 2	0	0
shauq-e-vishaal ye hai, is dil ka haal ye hai	0	0
sajaade aasman tu rah men inki sitaro ko	0	0
apni julfe mere shane peh bikhar janey do	0	0
jhil milkar khil khilkake aaj milenge hum tum se	0	0
mai ne vah jagah hi nahi banaai	0	0
ye kya hua, kaise hua, kab hua	0	0
baitha rahe saiya naino ko jode 	0	0
main bhi gaya mera dil bhi gaya 	0	0
mangta hai to aaja rasiya nahi to mai ye chali	0	0
tik-tik tik-tik chalti jaaye ghadi	0	0
duniya ki rasmo ko, tum todha ke aa jayo 	0	0
har dhadkan hai aarti bandhan aankh jo michi ho gaye darshan	0	0
plate chatege chhore	0	0
raat bahaar ki, yuhi jhume yeh jindagaani	0	0
ye dil tujhe de jaayenge jind meriye	0	0
chalnaa hi zindagi hai, chalti hi jaa rahi hai	0	0
dil me chhupi hain mohabbat teri	0	0
vo ek na maana ha ji, pad gaya le jaana ha ji	0	0
pita jaisa 	0	0
sagar sagar moti milate, parbat parbat paras	0	0
udte huye panchhi ke par hum kat le	0	0
uski aisi hai chaal chaal me hai taal	0	0
yaha meri har yaha meri jit, yahi mere git 	0	0
are, vado pe inake na jana 	0	0
wallah jawaab tumhaara nahee	0	0
laj bichhaye sau sau pahre 	0	0
aadmi kya hai farishton ke behak jaayen kadam	0	0
zara nazro se kah do ji	0	0
jon jani jnardan tara-ram-pam-pam-pam-pam	0	0
vo mod ab bhi vahi khade hai 	0	0
hai koyi najar vala, ya ya ya ya	0	0
chal chameli baag mein panchhi dikhaunga	0	0
mai kya janun chhav hai kya aur dhup hai kya	0	0
phir ghani chhaiyaa mai machal ke gaaun	0	0
ohh aah	0	0
dil ko yakin hain aayega tu	0	0
pal do pal ka saath hamara 	0	0
aap jaisa koi meri zindagi mein aaye	0	0
gore mukhade pe hay gore mukhade pe lat kari kari	0	0
divaar-o-dar ko gaur se pahchan lijiye	0	0
pyar ye tute na	0	0
do din ki hasti me, sadiyo ki masti hai	0	0
wo shahe muhabbat wo shahejaha zamane ka dil tajadare jaha	0	0
are bhag ka rag jama ho chakachak phir lo pan chabay	0	0
koi hamko yad karega kyu	0	0
mohabbat ke bhanvare ki pahchaan kya	0	0
us ko nahi dekha humne kabhi	0	0
abhi ye fasana hume na sunana	0	0
aa tu bhi aa, laharaa 	0	0
pyar karte karte ham tum kahi kho jayenge	0	0
mohabbat ke mod pe hum mile sabko chhod  ke hum 	0	0
baant lenge hum aadha aadha	0	0
o khandoba are o pandoba, poragi phasali re phasali	0	0
tujhko dekhu dekhu jidhar, phir kyo mujhko lagta hai dar	0	0
ulfat ka ab tak mila na jawab hame	0	0
man hai rang raliyo me	0	0
shab-e-intjaar aakhir	0	0
o jine marne ki, jine marne ki kisko padi	0	0
ho meri dhoti-kurte pe soch kar hasna	0	0
apane bimar pe, itana bhi sitam thik nahi	0	0
ho mera khayal tumhe hain, maine abhi yahi jaana o	0	0
bolo he jamin, bolo aasman	0	0
na chhod na mujhe, tadpana mujhe 	0	0
ya tujhko hi le jaayenge ya mar ke uthenge	0	0
aha suno ji, suno ji, samajh sako to khud samajho baaten kya 	0	0
aanchal ke tale-tale	0	0
teri hi khata hai,na meri hi khata hai	0	0
in dilo me pyaar hai unpe bahaare ho fida	0	0
ho ho khoya khoya chand	0	0
suniye ji unpe bhi, jadu kabhi ho jata hai	0	0
ab chaahe rab ruthe ya duniya maine teri baah pakad li	0	0
jara aawaj dena eajdaro baharo	0	0
jhatak ke gesu jaha chale, to sath me aasma chale 	0	0
doli leke aaoge, aaunga, shadi bhi rachaoge, rachaunga	0	0
o paanduraga	0	0
nahi chain pade jab rain pade	0	0
teri chahat mera chain churayegi  	0	0
kahi aankh na mile, kahi dil na lage	0	0
kya dekhta hu mai kab dekhta hu	0	0
apne jiwan ki uljhan ko	0	0
o chhora gaga kinare vala, o chhora gaga kinare vala 	0	0
gale ham gham ko lagayenge sanam aaj ke bad	0	0
dhum tan nan dhum tan nan 	0	0
hat jao mujhe jane do hat jao oo hat jao mujhe jane	0	0
radha kyo gori mai kyo kala radha kyo gori	0	0
tu maa ka bachcha ha ji, na baap na jachcha ha ji	0	0
zamana hai tumhara	0	0
gayi hai gahayal mere payal ki chhankar 	0	0
aur tu aaye	0	0
palatke soo-e-chaman dekhne se kya hogaa	0	0
pahali pahali bar	0	0
chaye wo is kadar,chaye wo is kadar	0	0
kabhi chhupe kabhi khile rup ka nikhaar 	0	0
hasino ko pasina hasino ko pasina	0	0
ab kud hi sanam faisalaa kijiye	0	0
jaataa hun jaaungaa pahale yahaan aao	0	0
meri preet ka kajal tum apne, nayno me male aana	0	0
kabhi kah gaye kabir	0	0
haan tum bilkul waisi ho jaisa maine socha tha	0	0
sone bhi nahi deta mausam ka ye ishara	0	0
pagale pagale	0	0
tauba tauba ikarar nahi karna hai	0	0
dard bhee too, chain bhee too	0	0
o kuchh bolo na, o kuchh bolo na 	0	0
aaun jamuna ke tir	0	0
dhundh rahe tuje laakho dilwaale	0	0
o jara ruk jaana	0	0
komal hai inka badan kate si teri chubhan 	0	0
ghunghat me haay chhupi jaa rahi thi vo	0	0
ho ho ho jaam me dub gayi yaaro mere jivan ki har shaam	0	0
ek din wo khat waapas mila, aur dakiye ne ye kaha	0	0
ek chor nikalta hai kaali si sadak pe ye avaz aati hai	0	0
lau jag sakati thi, tu vahi hai	0	0
meree rahe rok le najare to bicha de ha	0	0
gar maal milega jyaada, gar maal milega jyaada	0	0
o bade miya diwaane aise naa bano	0	0
aa chal ga mai, saath hun tere	0	0
yad teri aakar, aaha, roz tadpaati hai, sachmuch	0	0
ye mem ye mem nahi yaar	0	0
chalte chalte raah mein kuchh paane ki chaah mein	0	0
dil ki nigaho me bula ke dekha	0	0
nid aankho se ud jaati hai	0	0
jiyo bhatake re mhaaro jiyo bhatake	0	0
yeh bunde dekh lena ek din tufaan laayengi	0	0
navan jo mile mujhe hasina 	0	0
mai tera pata sabhi se aise puchhta hu jaise mai koi 	0	0
raja ji ke baag me dushala odhe khadi thi 	0	0
sukh me kyo ghere rahate hai apne aur paraye	0	0
nain dor bandh ke isharo pe nachaungi	0	0
likhe jo khat tujhe vo teri yaad me 	0	0
chori ke maal ka ye rakhwaala	0	0
mere hotho pe teri kahani rahe, kahani rahe	0	0
aaja sanam madhur chandni me 	0	0
kabhi khil utha tha bahar me	0	0
kal phir aaungi saayonara	0	0
khataaye ho nahi sakati	0	0
help me please to find the locker find the locker	0	0
ki: naa bichhadege mar ke bhi ham dosto	0	0
dekho dil na todo karke saf bahana	0	0
ganga meri ma kaa nam, baap ka nam himala	0	0
sine me sulag uthatee hai agan	0	0
aur kab tak mujhe tadapaayegi tu	0	0
aapka kya hogaa janaab-e-aali aapka kyaa hoga	0	0
khade hai dip ki hasrat liye nigaho me	0	0
jana hai to is dil ki, ye pyas buja jayo	0	0
pyaar kar le ghadi do ghadi laage na re jiyraa	0	0
jadugar qatil hazir hai mera dil	0	0
unhe bhi dikhao unhe bhi bulao kahan hai ye duniya vale	0	0
jabse dekha maine tujhko, mujhko aashiqi, aa gai	0	0
meri nazaro ki taraf dekh zamaane pe na jaa	0	0
dil ke daaman se lipatati hui rangin najare	0	0
pahle mujhse aankh mila lo	0	0
tere hontho pe wo khamoshi hai	0	0
nritya karu jhum-jhum, jham jhamajham jhum-jhum 	0	0
mori mala me atak gaya manka haay re manka 	0	0
chutki me dushmano ko diya desh se nikaal	0	0
katti mai tumhaare saath karunga	0	0
chaya hai andhera ye to choro ka hai dhera dekho ji	0	0
are diwano mujhe pahchano	0	0
hamse pyaar hamse pyaar hamse pyaar karo intazaar karo	0	0
tum maike chali jaayegi main duja byaah rachaaunga 	0	0
chali aayi main akeli bikaner se	0	0
madhuban khushbu deta hai	0	0
chhup ke najar se bhi too dil se nahi jata	0	0
dekhkar jisko hure bhi sajda kare	0	0
din-b-din vo mere dil se 	0	0
teri aankh ke faisale pe nazar hai	0	0
saanvare ki basi ko bajane se kaam	0	0
koi na mile to akele me gana 	0	0
agar ye jora jori hai jori hi rahne do	0	0
ye rut manbhati ye din madmate	0	0
husn wale tera jawab nahi	0	0
tujhako ulajha ke mujhko meri jan	0	0
jitni ungaliya inn hatho me utni jadugari	0	0
mai apni lash uthaye yaha chala aaya	0	0
kaisi tu banti hai ri, ayi, ayi	0	0
jhumo na gao na jhumo na ho	0	0
saya hu mai tera, tere sath-sath hi aaunga	0	0
ladki jo mili koi ye lap ke badte ye  	0	0
baazi kisi ne pyar ki jeeti ya haar di	0	0
ho ! kuchh phark nahi naam teraa, raziyaa ho yaa raadhaa !!	0	0
sun bal brahmachari mai hu kanya kunwari	0	0
kati aisi kayi raate, na tum aaye na maut aai	0	0
baabul kaa aangan bichhadne lagaa hai	0	0
phir bhi hai milne se majbur, phir bhi hai milne se majbur	0	0
khus hu tu jis hal me rakhe	0	0
shaan se pile shaan se jile, ghum nashe me ghum ghum ghum	0	0
ishq vale 	0	0
kis dilaruba ka nazara ho gaya	0	0
hum ek hue manjil jo mili gum kya hai, gum kya hai	0	0
rasa ki phuhara laai ankhiyo me pyar laai 	0	0
aaja na na, aaja aaja aaja na na han han na na na na	0	0
pyar leke taazgi yaari hai!	0	0
se udegi khiza ho ya bahaare	0	0
mithi-mithi batiyo me bhool ke na aana	0	0
hire-moti tumane chhupaye kuch ham log na bole 	0	0
ho gai mai diwani tujhse aankh mila ke	0	0
roz hi chalte hain hum to angaron pe	0	0
maf ise har khun hai ye andha kanun hai	0	0
e he he re chori-chori, milte hai re chaand-chakori	0	0
ham apane pairo me jaane kitne	0	0
mai dhundhu tu chhup ja 	0	0
tulasi galib meera ne yaha gyan ke deep jalaye 	0	0
akele me ham ghabra gaye chale gaye the phir aa gaye	0	0
ae dil, chal pikar jhume, inhi galiyo me ghume	0	0
dil me hai tasavir yaar ki laya hu vo dikhalane	0	0
chali aa, aa tu chali aa	0	0
kabhi itefak se kitne anjan log mil jate hain	0	0
yaha badnam kar dum vaha mashur kar du	0	0
hay hay, kha naa jaye uski najuk kamariya bal, chal	0	0
jise maan chuki saari duniya, ho jise maan chuki saari duniya	0	0
aayi aayi aayi aayi teri yad aayi	0	0
khopdi ma likhlo yaaro	0	0
ab thaile me paise jaate hai, mutthi me shakkar aati hai 	0	0
bhavar lapete hue khade hai 	0	0
in aankho ki madira pile	0	0
dil lena khel hai diladar ka 	0	0
kidhar mai aaj rawa hu mujhe ye hosh nahi	0	0
dekha kiye tumhe ham banke divana	0	0
are meri bhi shadi ho jaye dua karo sab mil ke	0	0
hume tumse pyar	0	0
suhaanaa safar aur ye mausam hasi	0	0
ha razedil kah do hum se apni kaho chhodo meri	0	0
dil ke aaine me tu, ye samaa utaar de	0	0
pyaar kya hai ye mujhko nahi thi khabar	0	0
puchh kar apani nigaaho se bataa de mujhako 	0	0
der kar di badi, zara dekho toh ghadi	0	0
maangi mohabbat paayi judaai, maangi mohabbat paayi judaai	0	0
saavan ke aate hi, baadal ke chhaate hi	0	0
lad gaye naina nazar takra gayi	0	0
young birds are mating, while i am waiting, waiting for you	0	0
aapakaa hi naam lekar, pi hai sabhi ne	0	0
magar lagta hai kuchh aisa	0	0
aao mama ji idhar suno duniya ki khabar	0	0
javaani divaani khubasurat, ziddi padosan	0	0
chahunga mai tujhe sanjh sawere	0	0
aa aa aa	0	0
abhi to kuchh kaha nahi, abhi to kuchh suna nahi	0	0
mujhse bhi anjan mehman hai ye kuch aise 	0	0
pyar mein aansu bahate dekha 	0	0
teri hai ji meri hai teri hai ji meri hai	0	0
najar lahra rahi hai jist pe masti si chhayi hai	0	0
phul ki tarah hanso, sab ki nigaaho me raho	0	0
ai yaar sun yari teri mujhe zindagi se bhi pyari hai  	0	0
ye sochake baithi hun ik raah to vo hogi	0	0
ham unke nahin jinki aadat buri	0	0
saaranga teri yaad me 	0	0
mai soi thi apni atariya, sapno ne daka dala	0	0
dekho nikale chamakte taare	0	0
phir dekh meri taal pe 	0	0
meri jaan wah wah wah wah wah	0	0
jisane gulabi rang bina dupatta mera	0	0
iss hasin rat ko kuchh aur nikhar janey do	0	0
ab jo milna bandh ke sehara hi milna sarkar	0	0
ham vo nahi hain pyaar ke raahi jo duniya se dar jaaye	0	0
ho jaye buddha kya ji alla ko pyara wah ji	0	0
ban jayo tum badal, mosam par cha jayo	0	0
ab ya gum chutega warna dum tutuega	0	0
abke na sawan barse	0	0
aiyo da aiyo aiyo	0	0
baatein hain baato ka kya	0	0
kale naino vali ne aisa jadu dala isiliye kala	0	0
ye wohi jane jamana to hai noakr biwi ka	0	0
chain nahin aaye dil mein tu samaaye	0	0
dukh toh apna sathi hai	0	0
main in jakhmo ko seeke	0	0
ho maine tujhpe neeyat dhar li maine hanskar haami bhar li	0	0
tum chalo ham chale, ham chale tum chalo	0	0
jee karta hai mor ke panv me payaliya pehna du	0	0
masti bhari jawani ko	0	0
aise jaise koi diwana 	0	0
bol meri takdir me kya hai	0	0
jite hai shaan se, marate hai shaan se	0	0
bada pyasa hai yeh dil isse madhosh kar do	0	0
aur dupatte se tera woh munh chhupana yad hai	0	0
man ka badhata bojh kabhi kam hoga ki nahi	0	0
piya tu ab to aaja he he he he, monica 	0	0
zindagi gam ke seharaav me kho gai	0	0
chamka chamka subah ka tara	0	0
wo ik dastan ho gayi, reshama jawan ho gayi	0	0
ham matavale naujavan, manzilo ke ujale	0	0
hansate hansate zamane se jayenge ham	0	0
dhundhenge tujhe gali gali, sab yeh gham ke mare	0	0
na kasme hain na rasme hain	0	0
ye chanchal kajrari aankhe	0	0
ka_i dil todane ke, bahaane jaanati hai	0	0
aankhe hai yaa bijaliyaa	0	0
kal tak jo begane the janamo ke mit hai	0	0
dost nazar ati hai lekin dushman hoti hai	0	0
aaja rasiya nahi to mai ye chali	0	0
rah bhi sakoge tum kaise, ho ke mujhase juda	0	0
zara der ko sab chakaraye kaha se aai itni pariya	0	0
ek jagah jab jama ho tino amar akabar enthoni	0	0
dwar pade pade taras gai aaj umad kar baras gai 	0	0
ek padosan piche pad gayi hoy	0	0
khud ko dekhe aur sharmaye	0	0
ho ho o mantar pherun hun komal kaya o	0	0
larazta tha koyal ki bhi kuk se, bura haal hua uspe bhukh se 	0	0
hamne ganv ke panghat pe bhai dekhi thi panhariyan	0	0
mujhe janati hai jabase ye marati hai tabase	0	0
he is dil ka salam de doon, a tujhako paigam de doon 	0	0
are pahle taaliya to bajao	0	0
ayega jhumata sabera, jivan mein roshani ko lekar	0	0
panchhi banun udati phiru mast gagan me	0	0
mat kar beimani mat kar nadani nadani	0	0
oy chanda jaisa mukhda kiran jaise haath	0	0
sajaai hai javaan kaliyo ne ab ye sej ulfat ki	0	0
wo apna aur ye begana hai meri jaan khub pahchana hai	0	0
	dekh aanchal me chaandani rut ke nazaare bhar ga_i hai	0	0
jo dar pe tumhari jati thi	0	0
karo etbar mera bat nahi jhuthi	0	0
su le gayi kya de gayi	0	0
shokhiyon mein shokhiyon mein 	0	0
ho mere badan par aise fisle teri najar diwani	0	0
gam ka saaman hai jaise jaadu koi kar gaya	0	0
koi sathi na koi sahara koi manjil na koi kinara	0	0
abhi na jaao chhod akar ke dil abhi bharaa nahi	0	0
mukh pe padi thi kab se, chup ki ik zajir	0	0
kudaya bhej de jannat se tu apni baharo ko	0	0
dushman kaa dushman hun voh	0	0
sajana sajana ho rama	0	0
jane zindagi kaise, bitate hai log	0	0
aa jaayegi sur mein dekho jiwan ki sargam	0	0
mangal ghat dhal ke, mangal ghat dhal ke	0	0
manega mera rutha rab dekhna	0	0
pyaasa payasa pawan, pyaasa pyaasa gagan	0	0
yaa hai mohabbat, yaa hai hai javaani	0	0
tim tim karte tare yeh kahate hain sare	0	0
chor lutere daku chor lutere daku 	0	0
jaise tadape bin jal machhali	0	0
malum kya kisiko, dard-e-nihan hamara	0	0
bas tu mohe bas tu mohe bas tu mohe achha itane hi se mujh ko naam re	0	0
amar akabar enthoni	0	0
jaiye aap kahan jayege, ye nazar laut ke fir aayegi	0	0
bichhade saajan tumare kaaran raato ko ham roege	0	0
sun jiniya are ja nahi karunga ab galti	0	0
jaan-e-man jaan-e-man 	0	0
ye na samjh ye na samjh dil ko dobara mai 	0	0
tu pyaar ka saagar hai, tu pyaar ka saagar hai	0	0
	( pyaar ne is raat ) -2 ko aakaash se utaaraa hai	0	0
mera manwa aise dhadke jaise dole naiya	0	0
abdul rehaman ki main abdul rehmaniya	0	0
mai kaun hu, apne chahanewalo ka na le imtihan	0	0
awaz ki dooniya ke doston kal rat kisi jagah mujhko	0	0
tu na milta agar suni rah par piya ham besahara rahte	0	0
ek do kahne bhi do teen char ho gaya pyar	0	0
bhul jaa isako ae dil ye to sapano ki thi baat re	0	0
samjh ke najuk ek aurat pe abhi to hath uthaoge	0	0
achchha yeh sab chhodo par itna toh socho, ki mai bhi chup tum bhi chup	0	0
are pina lekin kam khushi ho ya gam	0	0
mai chalee ab khub chhedo pyaar ke afsaane	0	0
man le mera kahna baad me fir naa kahna	0	0
neend nahi aati to to mai roshni kiye deti hu	0	0
jawaani neend bhar soyaa	0	0
dale mati ke putale mein jaan,	0	0
na tum hume jaano na hum tumhe jaane	0	0
meri kahani bas ek haqiqat hai tumase tumase	0	0
chandi ki thali vale ko kya bhukh lage hai zyada 	0	0
thakan kaisi ghutan kaisi chal apani dhun me diwane 	0	0
chalte chalte mere ye geet yaad rakhna	0	0
naino vali ne, haay mera dil luta 	0	0
sunsaan hai jivan ki bagiyaa	0	0
sath mere mera afasana chala jayega	0	0
intazaar woh bhala kya kare tum jise 	0	0
jaan jo mujh par dete rahe hai aaj bane hai vo begane	0	0
bhula naa mere dil ko kabhi jis kaa khayal	0	0
magi khushiya magar gam mila pyaar me 	0	0
yeh dosti ham nahi todenge	0	0
kiskaa le liya hain dil yeh bhee bhul jaaoge	0	0
apaki adaon ka hisab nahi lakhon me hamara bhi javab nahi	0	0
hoke majbur mujhe usne bhulaya hoga	0	0
ladate-ladate vo thakaa, phir bhi bujh na saka	0	0
tum chale aao, tum chale aao	0	0
puttara thande thande paani se nahaana chaahiye	0	0
bhavaro ne dil liye thaam	0	0
hum apni wafaa pe na ilzaam lenge	0	0
koi m.a hai koi b.a hai koi koi to p.a hai	0	0
din dhale jaha, raat paas ho	0	0
jane kyu aaye ho	0	0
muddat se mere dil ke sapno ki tu rani hai	0	0
aur tere reshami aachal kaa kinaaraa na mile	0	0
vo kaun hai vo kaun hai parades jati hai	0	0
jawa sitara-e-kismat ho jawa sitara-e-kismat ho 	0	0
jharno ki dhara me tera sangit	0	0
hamase divane kahi tar ke vafa karate hai	0	0
waha tanga tha yaha tamtam hai vaha gori thi yaha madam hai	0	0
aankh viraan hai dil pareshaan hai 	0	0
meree jindagee sawaaree, mujhako gale lagaake	0	0
nagari-nagari	0	0
phir dasne lagi tanhaayi	0	0
main aaya hoon aaj tumhaare dwaar pe aas lagaaye	0	0
dil se mil milke dil khil jata hai yak-b-yak	0	0
jaao ji maaf kiya	0	0
duaaye do mohabbat 	0	0
odh kar dhund ki chadar ko yahi so jaye	0	0
hain ye game dil ka nasha, hain	0	0
pucho na yar kya hua dil ka karar kya hua	0	0
o mere sapnon ki rani 	0	0
aai thi ankhiyo me lekar sapane kyaa-kyaa pyaar ke	0	0
devaki ne re gokul me	0	0
khuda se meri jaan tumhe maang lega	0	0
aa chal gaa mai, sath hun tere	0	0
kahna hai jo kah de tujhe kis baat ka dar hai 	0	0
masaruf zamana mere liye kyu waqt apna barabad kare	0	0
nazaaro ki manzil raahi 	0	0
mujhe dekhkar kah rahe hai sabhi	0	0
tere bina abb toh yeh mann tarse	0	0
mere saajna mere baalma, tu hai kaha mere zaalma	0	0
aa haa haa ho ho ho la la la la la aa haa haa ho ho ho	0	0
chakkar mein tum nahi aana	0	0
jamana ek din girte huo ko uthaayega	0	0
chal chal tu kitna sidha sadha hai dekh liya re	0	0
ho phir wahi geet ga	0	0
kuchh aur hamase bas ab na puchho	0	0
tum jaano naa, tum jaano naa	0	0
pyare kano ka ye mail mere bhole bhale chail	0	0
lagaakar mujhe gale	0	0
dil ka payam hai ye tu jo kubul kar le	0	0
yari ho gayi, yari ho gayi	0	0
ek sukh paya maine sau dukh sehake	0	0
jaana-e-man tu hai kahaa	0	0
thandi thandi thandi thandi, is ret ka bichona	0	0
khol na de ye sabke pol, to phir uske baad	0	0
jo inki nazar se khele	0	0
dil mera ek asa ka panchhi, udata hai unche gagan par	0	0
dil pe marane vale marenge bhikhari 	0	0
sari sari rat teri yad sataye sari sari rat teri yad sataye 	0	0
dekho dharati chali milne	0	0
tere bina jiwan suna ye bat ye premi bole	0	0
tu pyaar ka saagar hai	0	0
ai kibla ujle baalo ko rang daalo ban jaao gulfaam	0	0
kyo chain tumhe pal bhar nahi, koyi jor jawani par nahi	0	0
tere naino ke bhul bhulaiyya me baabi kho jaaye	0	0
prabhuji meri laaj rakho meri laaj 	0	0
itana mohabbat me fitrat hamari	0	0
meri wafa ka sila mujhko shandaar mila	0	0
tu auro ka koi aur tera	0	0
chalne lag ja re phir dikha du	0	0
rafi: tasavir teri dil me,  jis din se utaari hai	0	0
kyu hua, jab hua, tab hua, o chhod o, ye na socho	0	0
tere hotho ne hazaar vaade kiye	0	0
kaali adhiyaari, ghataae ghanaghor	0	0
aadhee palkon me bhee hai barsaat aadhee	0	0
in sabke pichhe are pad gaya inkam taiksam	0	0
kuch bhi hai ham dono ka lahu to ek hai	0	0
khud kha auro ko khane de khud kha auro ko khane de	0	0
kuchh yad reh jate hain uname se kuchh log 	0	0
rah meree wohi jis pe duniya chali 	0	0
aayi hain baharen mite zulm-o-sitam	0	0
meraa pyaar yaad karake, kabhi aankh nam na karanaa	0	0
mai to chala jaise bahar	0	0
pyar khushi pyar nasha, kya vo najar kya vo ada	0	0
kuchh paa liyaa gavaa_i ke	0	0
kabhi dekhi na thi, hay kabhi dekhi na thi aisi phulvari	0	0
ho babul ki ae mohe yad, jane kya ho ab isake bad 	0	0
    mai baati tu meraa diyaa	0	0
chalti hai laharake pawan ke sans sabhi ki chalti rahe	0	0
vo teer chalaa kar dekho	0	0
kabhi hath na aaye, kabhi dil me samaye	0	0
dhara nahi, tara nahi, ishara nahi, divana	0	0
kabhi tujhko rulaye	0	0
are duniyadari hil jaayegi	0	0
	0	0
