Song lyrics	Mood	Offensive
khun pasine ki jo milegi to khayenge shabas	0	0
arey, chal ye banda aisi hi chal jaye	0	0
aise jivan bhi hai jo jiye hi nahi	0	0
jal chuke hai badan kai piya isi raat me	0	0
ghar tak pahuncha dene vali	0	0
hame dar hai ham kho na jaae kahi	0	0
ham tumhe chahe tum nahi chaho aisha kabhi na ho sakta 	0	0
magar duniya vaalo ke, dil jal rahe hai	0	0
jaise phula hai gulab dekh phula hai sansar	0	0
jhumke ne le li meri jaan	0	0
hathon me chaabukh, honthon pe gaaliyan 	0	0
ke upar niche, aage pichhe, chhai kaisi masti	0	0
o yaar ladki shandar hai	0	0
chadar bichaunga	0	0
zindagi dene vale sun	0	0
varanaa teri qasam kahataa hun	0	0
navyug suni nain ke dhare jaago	0	0
ab lele mazaa jeet haar ka tu jaane kya mazaa intezaar ka	0	0
mere tassavur me saaki bane hai	0	0
sach kahti hai i love u	0	0
a a a a a h	0	0
kurte ne le li meri jan hay re mai tere kurban	0	0
tum hi tum ho, tum hi tum ho	0	0
hotho ke naam	0	0
sochogi kab tak raani are nikal na jaaye jawani	0	0
koi fark nahi albata koi fark nahi albata	0	0
kal na jane mai kaha aur kaha tu ho sanam	0	0
chalo aur duniyaa basaenge ham tum	0	0
maan lijiye, maan lijiye, maan lijiye	0	0
charo taraf lage hai barabadiyo ke mele re	0	0
saayonara saayonara 	0	0
do divane shahar me	0	0
tere kadmo me dil hai mera lag ja gale dilruba	0	0
du jispe naina dar, hatho se payala satak jaye	0	0
ye pyar ka kamal hai sharab ka surur nahi	0	0
are shadi ki kya baat karu abhi hui nahi sagai	0	0
hurre hurre hurre pyar mohabbat	0	0
aa jaan-e-jahaan yaha jine ke liye, tha apna milna zaruri	0	0
nahi bhulega meri jan yeh aavara, woh avara	0	0
un aankho kaa hansna bhi kyaa	0	0
jel me kitne log sade suli par nirdosh chadhe 	0	0
par tumhe likh nahi paun, mai usaka nam	0	0
kahi albele dheke jawani ke rele dekhe 	0	0
lo mai aaya aap jate hain ham aapse sharamate hain	0	0
o meri o meri o meri sharmili	0	0
bolo bolo	0	0
jalne wale hum tum se	0	0
kaise karu prem ki mai baat 	0	0
tumse bhi pyar mujhe inse bhi pyar	0	0
mujhko koi gum nahi hai sun jiniya are ja	0	0
muddat se dil udaas da da daas hai tere hontho ki pyaas hai	0	0
neki par chale aur badi se tale taki haste hue nikle dam	0	0
lets do the cha cha cha du ru cha cha cha	0	0
ab chaahe sar phute ya maatha maine teri baah pakad li	0	0
satyam shivam sundram, satyam shivam sundram 	0	0
tum bina bina sahara bin dil tere nahi gujara	0	0
oy thumari ki tan ho gayi, reshama jawan ho gayi	0	0
andaza lagana mushkil tha 	0	0
mat aazmaa tu mere pyaar ko, khel mat yoon meri zindagi se	0	0
dauda dauda dauda ghoda dum utha ke dauda	0	0
o aaja meri saanso mai mahak raha re tera gajra	0	0
mar ke lathi zami pe jhat se dakuo ko lalkara	0	0
khwab kya bune 	0	0
ho gayi hai gahayal mere payal ki chhankar 	0	0
happy birthday to you	0	0
baat baat pe karti hai ye ladne ki taiyariyan	0	0
are, kahe ki sharama ve mundaya, jaldi karana	0	0
mujhe jo khushi hai, tumhen kya bataun	0	0
tumne jo dekha suna sach tha magar kitna tha sach ye kisko pata	0	0
ye pal kushi ki jannat hai is pal me ji le diwane	0	0
yeh toh ek baar khwaab me toh aaoge	0	0
itar me sanse basi basi, wo mastiyo me rasi rasi 	0	0
aap khaye thali me, munne ko de pyali me	0	0
na tumhai atyi na hamko bulatai	0	0
oho oho oho oho oho oho  	0	0
chori chori chori	0	0
na kabhi mile, na karib hue	0	0
o haay re mantar jhutha ha baid bhi jhutha	0	0
kya mujhe dogee jo tumse mila du	0	0
na baba na baba, pichhvade buddha khasta	0	0
aayi hai mere pas tu iss aan-ban se	0	0
o baagon mein bahaar hai	0	0
din duba oh mehbuba ae mehbuba	0	0
khatm na ho din-rate, khatm na ho din-rate	0	0
are are sab milake naacho gaao, chhutti hai mauj manao	0	0
isliye ab sada muskurata hu mai	0	0
apane aap dam ghutane laga	0	0
chhalke teri aankho se sharab aur jyada	0	0
tum tare gino aur nind ude ye rat hame manjur nahi 	0	0
jaago re jaago re jaag kaliya jaagi	0	0
ha, samne aaye kiska jigar hai 	0	0
l o v e, l o v e, l o v e	0	0
chit ke chor, kathor hriday ke	0	0
to janoge ke ham hi hai tumhare dil ke kabil	0	0
gham se bikhar jaaun, ji se gujar jaaunga	0	0
saath ye chhute kabhi na	0	0
chakkar kha gaye ham to re bhaiya dekh sheher ki nariyan 	0	0
ho o o	0	0
chal sanyasi mandir me tera chimta meri chudiya	0	0
lekin maine dhoom macha di 	0	0
todo na dil yun, inakaar se	0	0
kabhi na kabhi kahi na kahi 	0	0
dil rakhate the ham, hamako bhi 	0	0
yeh dil tumhare pyar kaa mara hai dosto	0	0
mai to uda lu kajal kya hai khuli ho gori	0	0
dharti ka mukh hua ujala	0	0
tum akele to kabhi baag me jaya na karo	0	0
part 2:	0	0
jagte huye soyi rahi nindo me jagi hu	0	0
jab pyar kisise hota hai, toh dard sa dil me hota hai	0	0
tum hi kuch batalao isko kya kahate hai	0	0
chalo chale ma	0	0
aayegaa re maja re majaa ab jit-haar kaa	0	0
main kaliya bhari bahar ki baago se noch lu	0	0
ag lagey nahin utthey dhuan, chirag kahan roshni kahan	0	0
chehre mein ghul gaya hai haseen chandni ka noor	0	0
are aa jaa raha hai dam	0	0
kare ham shukriya kaise ki rakh li laaj mehfil me	0	0
ghananan megh-malhaar suna rimjhim ras barsa jaa	0	0
aisa laga badan chhuke teraa	0	0
koi dekh le tujhako ek najar mar jaae teri aankho kasam 	0	0
jite ho kisi ne desh toh kya, hamne toh dilo ko jita hai	0	0
are raat bhar mane raam ro 	0	0
juda ho hamasafar jisaka, vo usako yad karata hai	0	0
badale naa apna ye aalam kabhee	0	0
tum to basi ho gori man me humare 	0	0
tute kabhi naa chhute kabhi ye saath piyaa	0	0
is jaha ki, rit nirali	0	0
bekhabar, bekadar pyar sach hain agar	0	0
haay hui sharam se paani, phir kyaa huaa	0	0
hanske apni zindagi me, kar liya shamil mujhe	0	0
sochta hu mai ke tumhe pyar na karu	0	0
nile aakaash tale ham dono ki prit pale	0	0
din me dake dale papi 	0	0
ek ehasan kar, ehasan kar	0	0
tu samane tu samane hai toh sab kuchh hai, varana yeh chaman virana hai	0	0
humko bhi thi dil ko bhi thi kab se jarurat teri	0	0
milana likha hain toh aayega, khade hain ham bhee raaho me	0	0
hamari na mano sayyan  bajajava se puchho	0	0
ye sut mera dekho ye but mera dekho	0	0
ye tanhai kaa aalam aur us par aapka gam 	0	0
jaag uthe khvaab kai	0	0
twinke twinkle little	0	0
jab ishq ka sauda kiya, phir kya ghabraana	0	0
meghaa re meghaa re, meghaa re meghaa re	0	0
nadiya se dariya, dariya se sagar	0	0
huwa jo misa jari akad woh tuti sari	0	0
hmm a b c d dhat a b c d chhod o	0	0
yu muskarati natkhat gudiya yah husn vaali mithi chhudiya	0	0
aaja pyare paas hamare, kahe ghabaray, kahe ghabaraye	0	0
wo etbar kya hua dil ka karar kya hua	0	0
teri bindiyaa kya bijali se kam hai	0	0
dil ki lagi or badhi jaye haye 	0	0
rahega sada milana dharati gagan ka	0	0
pichhe pichhe mai hu, tu aage aage	0	0
lekar mala kath dushala, ram nam gun gayenge	0	0
mera humdum mil gaya	0	0
tere mere bich me 	0	0
tir sa chubha kaise nikalu ho	0	0
pada reh gaya nadi kinare, mai pyasa kaa pyasa	0	0
picnic hai dilwaalon ki chhedo dhun matwaalon ki	0	0
mohabbat ki aahon ne awaaz di hai	0	0
aankho hi aankho me yaro ka dil kho jata hai	0	0
bich rah me dilbar bichhad jaye kahi hum agar	0	0
sangemarmar se bhi gori	0	0
mujhe kyaa huaa thaa, ek bewfaa pe	0	0
khul gaya gajara khulane do	0	0
bole jhumka mai pahnaa dun, aajaa baanki chhori	0	0
sabka karan ek hai raja kan me dhero hai mail	0	0
na koi bila na koi number, daftar uska nila amber 	0	0
hamari na mano sipahiya se puchho	0	0
koi na jane is jiwan ko ye kis or le jaye	0	0
oh re taal mile nadi ke jal me	0	0
aurat ke zinda jalne ko, kurbani aur balidaan kaha 	0	0
tu baniya leke ayegi wo jab dhaniya mangayegi	0	0
bachpan ke din bachpan ke din	0	0
yaad na aana bhul na jaana, yeh dil kaisa hai deewana	0	0
are, chal kahi dur nikal jaye	0	0
par dil akela	0	0
seekha hai humne jalke jalana	0	0
jivan me bichhdenge naa ham kabhee	0	0
haay yahee to mere , din the singaar ke	0	0
sankat me thi jaan	0	0
ain hoon ghoda, ye hai gadi, meri riksha sab se nirali 	0	0
o mere naino se tu chhip sakata hai o mere rasiya	0	0
janeman janeman janeman	0	0
are bam-bam naache kishorakumaaram	0	0
tum bhi toh is aag me jalte ho, chehre se bayan ho jata hai	0	0
is liye, ki duniyaan se rasm-e-vafaa mit na jaaye	0	0
hai dard aisa ke sehna hain mushkil	0	0
husn ki surat hai, gulon ka mijaaj hai	0	0
janey ham jal jana lagakar, yar ke sine sey	0	0
mera naam un me hi jod do	0	0
larajti si chhao me rahne ki raat aayi	0	0
andekhi anjaani si jagah ho 	0	0
to fetch up fill of water	0	0
bijali nahi hai yahi ik gam hai	0	0
chal tu meraa anchal thaam ke, ajane raste is gaav ke 	0	0
magar lagta hai kuchh aisa, mil gaya	0	0
reshami jism 	0	0
ham matwale pyar me jina marana jane	0	0
najar ko najar jo aata hai, faribi-nazar kahlata hai 	0	0
kaise daulataram bana	0	0
kai kinaare tute hue o 	0	0
bahut shukriya badee meherbanee	0	0
sa sa sa ni dha pa ma pa dha pa ga ma re sa ni re sa	0	0
kaisi ye kaliya kaisi bahaar	0	0
chun le jo bhi marzi teri, mere rag hazaar	0	0
kahi kisi ne dur pukara	0	0
tune kiya hai mujhko kiske hawale	0	0
ayengi bahare to tere hi fasane sunayegi hame	0	0
hoy tir kaman ho gayi, reshama jawan ho gayi	0	0
bhul na jana o dil ke chor, jiwan me ek baar aana singapur	0	0
mujhase koii kataa ho gaii to	0	0
khud apna lahu chus ke bhukh mita le ho	0	0
pura kar de	0	0
duniya ki sair kar lo, duniya ki sair kar lo 	0	0
dekhiye to zara muskura ke	0	0
jab dekhti hai wo, mai dhund lunga to	0	0
kyu ki pyar bada sharmila mera yaar bada sharmila	0	0
jo dubate hai, ubharate hai shaan se	0	0
woh kaun aisi hai jiska hai rup aisa jadu bhara	0	0
jab tu chaman me aaye har guncha muskaraye	0	0
aji dekhiye to kya haseen rat hai, oh	0	0
mujhko teri surat chandani rat lage	0	0
chauthe ne rah gazab kaa jhansa aap kiya 	0	0
gum ke sath chalti hai	0	0
parwat pe jharna ho parwat pe jharna	0	0
ha, ye bhi karishma dekh idhar hai 	0	0
d se hota hai dance, i se hota hai itam	0	0
are ga rahe hai sang mere sajna	0	0
dekho dekho dekho dekho dekho	0	0
aadat nahi ki sochun kitano me hasin hai tu	0	0
kal tum judaa hue the jahaan saath chhod  kar	0	0
jindgi hai bewfa lut pyar ka maja	0	0
aage ho ghanghor andhera, baba mujhe dar lagta hai	0	0
na paisa chahiye na pyar chahiye	0	0
uljhan hajar koi daale ho rukte kahaan hai dilwale	0	0
kab pyaas bujhegi aankhon ki	0	0
gussa naa kijiye jaane bhee dijiye	0	0
chhori ho ke hajaamat karaaye	0	0
sitaaro maang bhar jaao	0	0
dupatta mera dupatta mera dupatta mera dupatta mera	0	0
are haay mere chheh laakh, haay meri impaalaa re	0	0
are god me bithalo bache ka kya kam hai	0	0
do jahaa ki aaj khushiyan, ho gayi haasil mujhe	0	0
qaid magi thi, rihai to nahi magi thi	0	0
aaj har lamha har ek pal hai muhabbat ke liye	0	0
itne me radha pyari aayi ithlati	0	0
chirag kahan roshni kahan	0	0
tu laakh chhupa tha mujhko pata 	0	0
paschim gunje meri tan ek shal hai 	0	0
kya le gayi su dei	0	0
sajte hain jo tan pe hamare wo hain piya nain tumhare	0	0
kyon duur duur hone lag	0	0
baate sunaunga	0	0
nikhar nikhar gayee savar savar gayee	0	0
o khaike pan banaras vala, khul jae bad akal ka tala	0	0
bhul jaayegi maike ki har baat ko	0	0
woh tum na thi to kaun tha, tumhi to thi	0	0
koi to milan kaa	0	0
ek pal hai milna ek pal bichhadna	0	0
ho thandi thandi hawa mein dil lalchaye	0	0
puri na hogi	0	0
subha muh dikhau gi kya, chhanaki jo raat me	0	0
usako bula du, saamane la du	0	0
chalu kisi mazil me 	0	0
mera yaar bada sharmila aankh milaaye na	0	0
samjha apni nigaaho ko	0	0
sare jawani bas yuhi barbad karenge, tujhe yad karenge	0	0
tumhi devta ho, tumhi devta ho	0	0
maine samajha prem pyar ko ek savan ka jhula	0	0
rambha ho ho rambha ho ho	0	0
aaye hain to kaam bhi bataayiye, ha ha	0	0
hamko ishaaro se bulaaye	0	0
ye likha hai mere nasib me	0	0
jamana to hai noukr biwi jamana to hai noukr biwi ka	0	0
ke teraa meraa ik rasta jind meriye	0	0
suhani chandni rate 	0	0
nahi koi	0	0
kaise manzuur hone lage	0	0
apna bhi koi sathi hota, hum bhi bahakte chalte chalte	0	0
maana janaab ne pukaara nahee	0	0
bahut roye magar ab aapki khaatir na royege	0	0
phle kyu aankh ladayi gori ki nind churayi	0	0
tum to machal gaye, ho ho ho yunhi fisal gaye, ha ha ha	0	0
bam-bam bam-bam bam-bam bam-bam	0	0
chhin le tujhe jo mujhase kisame hai ye dam	0	0
aa tin kanastar pit pit kar 	0	0
phul ko bahar, bahar ko chaman 	0	0
hey ram, hey ram	0	0
dekha hai kahi mera yar sa hasin	0	0
karunga ujala main dil ke dagon se	0	0
chehra polish kiya karo, thodi maalish kiya karo	0	0
na tootenge ab keh do paimaan hamaare	0	0
chhalakegaa zahar bhi teri aankho ke jaam se	0	0
sapno ko phir bhi tum yuhi sajate rehna	0	0
kyon chuur chuur hone lage	0	0
chahe jab aaja channa le ke barat	0	0
ho mai kaise kar lu pyar	0	0
jab samne se hat jayegi, ghunghat me gor isimat jayegi	0	0
humka ghunghru ho 	0	0
ho sawere waali gaadi se chale jaayege	0	0
naina jo uljhe muskil se suljhe	0	0
aap ki khidmat ke liye main haajir hun aaj ki sham	0	0
sab kuchh gavaaraa hai thodaa saa pyaar kar	0	0
khila khila badan hai gaalo me chaman hai	0	0
kehte hain jise sabrr are chiz badi hai	0	0
he tera kya nam hain, sulatana	0	0
sajaao maang meri ya ki sidhaaro bahaaro	0	0
kahan thaharati hai ja kar, meri nazar dekhe	0	0
zor na karna, shor na karana apane shahar me shanti hai 	0	0
jaane kyaa kyaa hamen log kahne lage	0	0
tu ban ja sathiya	0	0
bhule se naam na lo pyar ka 	0	0
aa lag ja gale dilruba	0	0
pyar ka zamana aaya dur huye gham	0	0
mera dil na khila	0	0
ke pahale tu jo mera ho jaaye ho jaaye 	0	0
pahan li ghungharuo ki phir vahi zajir pairo me 	0	0
mai tumhee se yu aankhe milaata chala hu	0	0
dil hi toh hai isne shayad bhul bhi ki hai	0	0
ja re jaa re tere jaise beiman bewafa mere kis kaam ke	0	0
wahan phirte the ham phulon mein pade	0	0
kitne phulo se nazuk mere bol hai	0	0
mujhako toh tumhari sari, bate yad hai	0	0
nache chhanan chhanan nache chhanan chhanan	0	0
nile gagan pe jhumege aaj, badal ka pyar dekhege aaj	0	0
pata na chala zulm kab kar gai	0	0
jo bhi aataa hai yahaan pike machal jaataa hai	0	0
ye to mai janati hu	0	0
vo hi sambhaal le	0	0
pyar mai tumhe din raat karunga	0	0
tere kale dhandhe ki baat tere do hai uske lakh hath	0	0
o hasina zulfo vali janejahan 	0	0
ham jo karte hain, tum woh kehte ho	0	0
dilbar teri khatir, mai chand chhod  kar aaya hu	0	0
ye fiza ye hava, ye nazare ye sama	0	0
naujawan main tujhe, dekh kar ho gayi	0	0
main hun teer tu kaman fata fat fat	0	0
khaike pan banaras vala, khul jae bad akal ka tala	0	0
bada hi cid hai wo nili chhatari wala 	0	0
e, kyaa program hai aaj raat kaa	0	0
	( aa jaa re	0	0
ari jiniya mujhe chhod gayi kahe	0	0
dil duniya me farq hai kitana, tu hai kitani bholi ho ho	0	0
honthon pe to na thi magar dil me haan thi	0	0
hamne puchha kisliye tu umr bhar pita raha	0	0
vaqt ki har shai gulaam vaqt kaa har shai pe raaj	0	0
dil dene aaya hu dil le ke rahunga	0	0
chaho to patthar pe dhan ugakar dekho	0	0
arey humne jo socha tha dil ne jo chaha tha	0	0
sang kurta pehjama jaise chhokari hangama 	0	0
choli se bandh gaya daman	0	0
tu pagla naa badlaa, sari duniya gayi hai badal, chal	0	0
are o meri jaan, are bol meri jaan	0	0
dil ki in bato ko mushkil hai samjhana	0	0
o pehle kismat ki maar jitna tapta hai sona 	0	0
chaandi ke khilaune si phulon ke bichhaune si  	0	0
bijli ka badan hai badan me chaman 	0	0
dulhan jaisa aasma dharti par le aau main	0	0
ye dawaa kabhi kabhi gam ka jaam ban gayi	0	0
hukum chalata tha sab par woh sab karate the gulami 	0	0
dekha rani juthe na aasu bha	0	0
nahi maut bhi aati tujhse hai ghabrati 	0	0
teree galiyo me	0	0
o main to pahanungi bijali ki payal	0	0
ye din hai pyaar ka hum tumse pyaar karna maangta	0	0
mai tujhko chhedunga varna chhod  de ye sharmaana	0	0
thoda tum chalna thoda mai chaloongi 	0	0
ye duniya hai diwar koyi tarasta hai is par koyi	0	0
singing aa yaa yipee yipee ya	0	0
dekha suna samajhe achchha bahana hai, ye dil	0	0
karun pesh tum ko najarana dil ka	0	0
tere khayaalon mein uljha raha yoon jaise ki maala mein dhaaga	0	0
shabnam ghata chandni ban jaati hain dosto	0	0
baat me gussa lekin dil hi dil me prit hai	0	0
teri meri jodi pyari, tu hai shola main chingari	0	0
aa_inaa diladaar kaa	0	0
haye kashti khushi se jisne bhanwar me utar di	0	0
lakho me ghumtaa tha liye satay ki soti	0	0
hai paresha nazar thak gaye charagar	0	0
bato aur dalilo ka ye hai khel wakilo ka	0	0
yahi pyar ki hai kahani	0	0
jhumti bahaar hai kaha ho tum	0	0
ghata chaand bijali barkha pavan me	0	0
juda apani baaho se hone na dega	0	0
jaise dhal jaye chadhi dhup	0	0
tumko ho manzur agar tabhi milega didi ka hath	0	0
dil uth gaya jaha se, le chal hame yaha se	0	0
panv padi janjir shama	0	0
mere liye aasama ho tum	0	0
hogi roz mulakate	0	0
kaali palak piya mori	0	0
udaae hosh taubaa, teri aankhe sharaabi - (2)	0	0
pyaar ke jahaan me razamand jab ham tum tum ham	0	0
ni:	aa jaa re	0	0
ghunghata mukh par dar ke, nainan me kajara lagake re	0	0
aaj ye dil bas me nahi	0	0
ik chiz maangte hai hum tumse pahli baar	0	0
are jay jitendra jay dharmendra jay-jay-jay ho jay raajendra	0	0
aao tumako dikhalaataa hun	0	0
sukh ki hai abhilashi	0	0
badhata hee chal musaafir, har saans ek kahanee	0	0
aisa jalwa allaah uljhan hajar koi dale uljhan hajar koi dale 	0	0
pyar ke suro par	0	0
meri jaan ka dushaman haaye haaye 	0	0
jagaa hai dil mein dard saa kyoon bhala	0	0
ai dil ke sahare, tujhe dil dhundh raha hai	0	0
balamva bhar dungi teraa man	0	0
ghum ja ghum gayi, jhum ja jhum gayi, bhul ja bhul gayi	0	0
shaayad unakaa aakhiri ho yah sitam	0	0
ham bhuule ik baar ki aankhen chaar tumhin se kar baithe	0	0
janm diya ho chahe pala ho 	0	0
lataa: (maathe ki bidiyaa tu hai sanam	0	0
yeh offer le lona, o binati sun lo na	0	0
muddaton ki pyaas aaj ek jaam ban gayi	0	0
dha ma dha tu kala, ma re ma mai gori	0	0
mai jo puchhun shayaro se	0	0
monica o my darling, monica o my darling	0	0
yaad aa rahi hai	0	0
arre jhoot bole	0	0
aisa gajab nahi dhana piya mat jana bidesava re	0	0
ladki oye  	0	0
divaana kya kahega	0	0
fizaa rangi adaa rangi ye 	0	0
jo nigah uthi to payam mila	0	0
uski nazar me sab hai barabar kya saali kya sala	0	0
o majnu ke nana mere pichhe na aana	0	0
kabhi bhi aisa neta mile jo aap bhi doobe desh bhi doobe	0	0
leke gusse me pyaar, balam ji abb to hasso	0	0
chalate chalate milega bhalu ham bolege nacho kalu 	0	0
to laharake ho balkhake	0	0
na usne ki tas tas na maine ki bas bas	0	0
kaisa hai jeevan ka khela	0	0
o tamana thi kam se kam 	0	0
pyaar-mohabbat me vaise to dhila hu	0	0
ai meri jit teri jit, teri haar meri haar	0	0
suniye, kahte sunte baato baato me pyar ho jayega	0	0
o bedard zamane 	0	0
badal le rasta apna ghatae meharbani se	0	0
bhati dhara ban ja, phir duniya se dol	0	0
java dhadkano ke ishare hanse	0	0
banjaaro ka kab koyi thikaana sultaana	0	0
lalaji tum kya-kya, miya ji tum kya-kya	0	0
aanchal me kyaa ji, ajab si halachal	0	0
kho gayi main sasuraal mein aake	0	0
aaaa aaaa aaaa ab na koi dhukha hoga aur na koi pyasa	0	0
and i can swear that	0	0
laut kar vaapas chala jaau meri fitarat nahi	0	0
kat ke wahi hath gira badan se	0	0
na dhanno mera nam dil bhi dena dard bhi lena	0	0
mujhko bhi meri bulbul de de haaye main bhi hasu khil khil ke	0	0
chup chup dekhu mai dunia ka mela	0	0
nagar nagar sab kaliyan jaagi	0	0
kaiso re papi bichhua bichhua 	0	0
ghar ko bana dar ko saja 	0	0
jaise niti ho khajur aise mukhde pe lor	0	0
dil bada nazuk hai ye tut na jaye kahi	0	0
haa divaana hun mai	0	0
karte hai muhabbat to guzarta hai gumaan aur	0	0
ham hai sabake, koi na apana ik din koi apana milega	0	0
chal gaya pyar ka jadu chal gaya	0	0
dil se dil mil gaye mil ke yu khil gaye	0	0
koi taange waali jab rooth jaati hai to	0	0
mange tu mahle do mahle, fir sochu de du mai pahle	0	0
agar kuchh naam ho jaaye	0	0
ankho me ankhe dal ke ham	0	0
ko o dekho dulha chala hai shadi karne ko	0	0
ho u uuuo aayi hain baharen mite zulm-o-sitam	0	0
yu na akele fira karo	0	0
aas lagaye baithe hai raho me kab se ham	0	0
jara afsane ka pehele pata lagne do duniya ko	0	0
khushi samaaj ki rakhi ye dil mitaayaa hai	0	0
meri jannat ye daaman hai	0	0
chal ri sajani abb kya soche	0	0
sar pe hai taj bhi badshah ke jaisa 	0	0
one two three kick, one two three kick	0	0
koi aaya aane bhi de koi gaya jane bhi de	0	0
apni toh har aah ek tufan hain	0	0
anjaam ye hai, sine me dabi 	0	0
chaha tha banu pyar ki raho ka devata	0	0
muthukodi kawadi hada 	0	0
rota hua aaya hai, rota chala jaayega, e bhaai	0	0
maine hasne ka vada kiya tha kabhi	0	0
yakin kar lo mujhe muhabbat hai tumase tumase	0	0
ek ne diya ujala	0	0
aaj angur ki beti se muhaubbat kar le	0	0
abhi to tum ho mere sath ke hamko neend nahi aati	0	0
duniya me tu bejod tha insaan bemisaal	0	0
apno me jo dard diye hai kaise mai batlau	0	0
ye bahaana magar aakhri hai sanam 	0	0
isme likha hai pyaar ka javaab	0	0
ghar-baar hua ishq me nilaam apun ka	0	0
arre ganaa aaye ya na aaye gaana chaahiye	0	0
aake khadi hu dware tere, kyu baitha hai aankhe phere	0	0
hoke majbur mujhe	0	0
fursat kisako itani, dekhe jo mudake pichhe	0	0
tumhi ko doshh dugi ae nazaaro bahaaro  	0	0
ik man tha mere paas vo ab khone laga hai	0	0
bitegi jo tere bin woh kam bite	0	0
de kar apna deep kare jo, kisi ka ghar ujiyara	0	0
humne jo socha tha dil ne jo chaha tha	0	0
ik ehasan kar apane mehaman par	0	0
jara ha kah de meri jaa kah de	0	0
toohee bata koyee kaise jiyega	0	0
tum dono ne jo kuch kaha maine suna	0	0
ummido ke diye lekar, ye sab tere liye lekar	0	0
leke pahla pahla pyar 	0	0
kaisa hai yeh bandhan anjana	0	0
aaja aaja mai hu pyaar tera, allah allah inkar tera	0	0
yaar se to yari nibhayi badle dushman se khoob liye	0	0
jis ke sar par haath phiraa dun, chamake kismat uski 	0	0
pucho na yar kya hua dil ka karar kya huachak chak cha cha cha	0	0
jaake dekho toh barajori re, o piya	0	0
ho ho ho aa gale lag ja	0	0
mana ke ye jalwe tere, kar denge mujhe diwana	0	0
mai to mara jata re jata mai to mara 	0	0
r: phir to mast havaao ke ham jhoke ban jaaege	0	0
mai chandan ki khushbu hu	0	0
jo bhi dil me lagaye vahi dil ki bhujhaye 	0	0
mila le nazar o jaan-e-jigar, tera kya karegi duniya	0	0
jab hum jawan honge	0	0
hamne har jine vale ko	0	0
yah na soch tuu bach jayega shor mach jayega	0	0
dekhana yek din royega mere bin	0	0
hum pyaar mein kho gaye aise 	0	0
jo dekhe wo hota hai dil se bekabu	0	0
nazaraanaa pyaar kaa	0	0
aise jawani me jaise, mile aag pani 	0	0
khushiyaan jahaan bhar ki, tujhako nazar kar dun,	0	0
haay haay haay ye nigaahe   	0	0
ae mere humdum rahe hamesha teri salamat jodi	0	0
aaj mausam bada beimann hai bada	0	0
jiwan kaise gujrega jab kat te nahi pal char	0	0
phuulon se thii sajii-sajii 	0	0
baazi kisi ne pyar ki jeeti ya haar di	0	0
dil hai dilwaali ka	0	0
ham aaj udhar se nikale toh bade intjaam se	0	0
maama o maama	0	0
jinako khilane se pahale fiza kha gai	0	0
daataa ko khabar hai	0	0
na ho yaqeen azma le 	0	0
unaki rat ka alam tanaha kaise guzarata hai	0	0
babuji ki taang pe jo dhoti hai phansi	0	0
are, hoho hoho hoho hoho hoho hoho  	0	0
najuk najuk pyare pyare vade hai irade hai	0	0
haa divana hun mai haa divana hun mai 	0	0
chali jayegi fir wapis aayegi	0	0
ho yaari chhute na tute na ha kar li so kar li	0	0
tu kitne baras ka, tu kitne baras ki	0	0
picture nahin hai jaana, baahar nahin hai aana	0	0
koi kahe baadal se moti gire	0	0
dil me teri ulfat ke bandhne lage dhage	0	0
ban gayaa ban gaya mera kaam	0	0
gam ik chitthi jisame, khushiyo ka sandesh	0	0
jo chhed chhed jaaye, to dil machale 	0	0
i love you, i love you, i love you, i love you ha	0	0
haay haay haay, ye nigaaho kaa nishana	0	0
ho kitni suhani tauba re tauba	0	0
har taraf mujhako har taraf mujhako tadapata hua paya hoga	0	0
aanchal jo mila koi kya kya fadke ye 	0	0
zyada ki nahi lalach hamko, thode me guzara hota hai 	0	0
ke mauj banjaara le gaya 	0	0
paradesiyo ko hai ik din jana	0	0
aao, hey twist kare jaag utha mausam	0	0
main chhaya ban ke sath chalu	0	0
tera sath bhi to bahut kam raha	0	0
raah me sathi chhut gaya, thes lagi dil tut gaya	0	0
ke mere dil pe padaa thaa koi gam kaa saayaa	0	0
tune lekin na mera raaja-ye-mohabbat samaza	0	0
ha ha ha raat ko khidki khol ke rakhana	0	0
meri sanso ko teri hi dhun	0	0
sau rab di, sau rab di, sau rab di, sau rabadi	0	0
tu janeman hai jane jigar hai tere liye jan bhi hazir hai	0	0
nigaahn me aise ishaare huye, ishaare huye	0	0
yeh kaliya bichha ke main saja du teri galiya	0	0
aane vaalaa koii tufaan hai koii	0	0
todo matki ko or uncha or or or	0	0
mai hu bharat ka chhaila	0	0
zamane ke yaaro, chalan hai nirale	0	0
pyar ki gaadi tez chalaon accelerator aur dabaaon	0	0
johny mera naam, chori mera kaam	0	0
ji hume manzur hai, aapka ye faisla	0	0
tujhe zami pe bulaya gaya hai mere liye 	0	0
jabse tumko dekha dekha hi karate hai 	0	0
insan ke haath ka tona mitti ko banaya sona	0	0
kyu pyar me tu nadan bane ek badal ka arman bane 	0	0
mai tum se kal mulaaqaat karunga	0	0
intzar me, intzar me 	0	0
dil me samane laga hai hay hay hay 	0	0
baithi hun tere liye ho aaja piya	0	0
pag me kante lakh sahi, par ye sahara kya kam hai	0	0
tumhari najar kyon khafa ho gayi	0	0
mere jaisa dhiraj vaala hai koi aur zamaane me	0	0
kaam to bataayiye bataayiye, ha ha ha	0	0
hume intzar kitna, ye hum nahi jante	0	0
duniya lagane lagi koi sapno ki wadi, sapno ki wadi	0	0
jano na tum to dil lagake dekhlo	0	0
jo giraya tha kisine jankar jiska ho le jayey woh pehchankar	0	0
ke saara jag bairi ho jaaye ho jaaaye	0	0
udan khatole vaale rahi, udan khatole vaale rahi	0	0
phir chhod  de chahe apana bana le	0	0
teri zindagi me aaja pyara ko basa du mai	0	0
aap jo phul bichhaaye unhe ham thukraaye	0	0
la:	dard jagaaye mithaa-mithaa aramaan jaage-jaage -2	0	0
bechain rahta hai	0	0
teri qatil ada ne mar hi dala kar lo tum 	0	0
kare jo sitam ha	0	0
birha ki kaali raho ke, rang se kajal bana 	0	0
tera daman nahi	0	0
hare krishna hare ram	0	0
(lahar chale jivan ki) - 2	0	0
unhe ye zid thi ke ham bulaate 	0	0
gadi kaa naam, naa kar badnaam, patari pe rakh ke sar ko	0	0
aake yaha re us par rup tera sada	0	0
ye kaliyo se puchho hame kyaa pata	0	0
kaun bandhaye dhir ho kaise aaun jamuna ke tir	0	0
daagi na kahi top na banduk chalaai	0	0
apnee dhun me magan dole log yaha bole	0	0
(jab jab karen iraade) - 2	0	0
o nirdayi pritam, o nirdayi pritam 	0	0
matlabi jaha meharaba ho tum 	0	0
nakam hasarato ka uthne ko hai janaza	0	0
ho kankari mohe maari, gagariya phod daari	0	0
usi ko chin kar teri nazer se dur kar du, ha dur kar du	0	0
suna gam judayi ka, uthate hai log	0	0
mausam ki najar na lage chasme badhhu	0	0
ye khidki jo bandh rahati hai, ye khidki jo bandh rahati hai	0	0
raste mein, hum dono, ghar kaise jayenge	0	0
sath na de kamjoro ka ye sathi hai choro ka	0	0
nagma wafa ka gaata sanam	0	0
ke teraa meraa ik rasta	0	0
ham us desh ke vasi hai jis desh me ganga bahti hai	0	0
usaka har koi diivana hai	0	0
tir nazaron se chalana nahin chhod a	0	0
inke liye na aansu bahaana	0	0
mukhda tera gul ki kahani, julfe teri shyam suhani	0	0
gali gali me machega  shor yaha se waha tak sun	0	0
ban ke bhawara ab bag me	0	0
woh husn ke jalave hon ya ishk ki aavaje	0	0
magar phir bhi tujhe meri, mujhe teri zarurat hai 	0	0
bahaar ban ke aaun kabhi tumhaari duniyaa me	0	0
he baba he baba ham dono barabar	0	0
aaja tujhko pukare mere git re, mere git re	0	0
hamaare saamane hai, hamaare baad nahi	0	0
milna bichadna reet yahi hai, haar yahi hai jeet yahi hai	0	0
zulfo ki shaam laayi	0	0
dur baithi yeh raj woh jan le meri aawaz ko pehchan le	0	0
palko peh bitha lunga sine me chupa lunga	0	0
tere man me preet ka rang bhar du	0	0
parada nahi jab koi khuda se	0	0
duniya	0	0
to viraane kahaan jaate	0	0
khizaa ko ye ilzaam kyun de diyaa	0	0
ye rup ki daulat vale	0	0
in ankho me tumko jawani milegi	0	0
mushkil jo aa pade thokar se tal de	0	0
mujh nirbal ka haath pakad lo de do naath sahaara	0	0
dekho ye pariyo ki toli, mithi mithi jinaki boli	0	0
sharifo ko hum rusava nahi karte miya jumman	0	0
mr lover kya karte ho, pyaar karte ho aur darte ho	0	0
in aankho me bankar sapna	0	0
ye jivan hai 	0	0
amir se hoti hai garib se hoti hai	0	0
jab meri chunriya malmal ki, phir kyo na phiru jhalki-jhalki	0	0
tumhe dil diya hai tumhe jaan bhi denge	0	0
achchha hai aag se to door hi door rahana	0	0
isiliye mummy ne teri mujhe chay pe bulaya hai	0	0
chal chala chal akela chal chala chal 	0	0
har sham ki chadar kaali, saya hain tere baalo ka	0	0
daud raha hain sath lahu ke, pyar teraa nas nas me	0	0
munna dhol bajayega, bhalu nach dikhaega	0	0
bahaaro, meraa jivan bhi savaaro bahaaro	0	0
ikdam tikdam kuchh na chalega jeet gaya mera pyaar	0	0
uthe aankhe jo mehfil me unhe fod ke rakh du	0	0
ho bhai re, bhai re, bhai re, o o	0	0
somvar ko hum mile mangalwar ko nain	0	0
koyi dosh humare sar nahi, koyi jor jawani par nahi	0	0
buraa keejai buraa hogaa	0	0
aah lekin kaun samajhe, kaun jaane dil ka haal	0	0
jab tare zami par chalate hai aakash zami ho jata hai	0	0
kahte ram-duhai	0	0
mera nam jao	0	0
do rukh har tasvir ke, hairaan hu mai dekh ke 	0	0
balam ji abb to haso	0	0
aurat ne janam diya mardo ko , mardo ne use bazar diya	0	0
kal bhi ittafaaq thi, aaj bhi ittafaaq hai	0	0
apni bhi surt buri to nahi hai 	0	0
tumsa hasi dekha nahi mujhsa jawa hoga kaha	0	0
pahali shart aapko bata de ki didi khana nahi pakayegi	0	0
barso pehle pehnaaye the 	0	0
kayamat sey kam yar yeh ghum nahee	0	0
to begaane kahaan jaate	0	0
use apna lo jo bhi jivan ki rit hai	0	0
todenge dam magar tera sath na chhod enge	0	0
tera mera tera mera sath rahega	0	0
kabhi tanhaiyo me yu	0	0
mere sine ki dhadkan ko sun	0	0
uska hi naam lekar, uska hi naam lekar 	0	0
jo koyi dekhe chaunke uparwala bhi soche	0	0
jabse tune chhua re dil ki lagi or badhi jaye haye 	0	0
chand sa mukhada kyun sharmaya	0	0
yahaan apanaa paraayaa koi nahi hai sab pe hai maan upakaar teraa,	0	0
tumhari sunega tum ek paisa doge wo	0	0
yahalla yahalla u ya allah, yahalla yahalla u ya allah  	0	0
ho, lete hai kisika jo naam, unako hazaro salam	0	0
tanaha pada patthar ke ghar	0	0
kahi saje baarat kisi ki, kahi kisi ka pyaar jale	0	0
mujh ko tadapaya kyo, tu bhi tadapega yu	0	0
bhala dil ki dhadkan ko, kaise chhipaun	0	0
kaha ud chali, kaha ud chali	0	0
meri laaj rakho prabhuji meri laaj 	0	0
karne ki jarurat na hoti	0	0
bhul gaya tu tanasen ki	0	0
aaj ye pahla din hai khushi ka, din hai khushi ka	0	0
jivan bhar ye sag na chhute ag laga lo aise	0	0
nikal pade hain khuli sadak par	0	0
jana kahan hai bata us shahar ka nam 	0	0
rup-narayan ko chhodo re, rup-narayan ko chhodo re	0	0
zara sa tedho ho jaa balma mhaaro pallo latake	0	0
har kushi kuch der ki mehman hai, pura kar le dil me jo arman hai	0	0
galiyo me ab nahi jhakunga mai	0	0
par uski ek jhalak ko ham	0	0
o bedard zamane, o bedard zamane 	0	0
ho rahe ishare reshamee ghatao me	0	0
tujhe dhunde mere nain, nahi nind nahi chain	0	0
tu aur mai ab ek hai	0	0
meri jaa tod ke rakh du	0	0
jhil kee aankho me aashiq dub ke kho jayega	0	0
mera pyar yu besahara nahi hai	0	0
aha maano kaha ab tum ho jawan, meri jaan ladakpan chhod o	0	0
chaahe thaa vo kamazor, par tuti nahi dor	0	0
phir bhi mera mann pyasa 	0	0
ai baabu ye public hai public 	0	0
ab dil to mera tera nagar hai	0	0
ab dava de hame ya tu de de zahar	0	0
hamara dard-e-gam hai ye, ise kyo aap sahte hai	0	0
hote jo akele toh kayamat ho jati, bad me jo hota par muhabbat ho jati	0	0
shadi ki kya baat karu abhi hui nahi sagai	0	0
kahi aisaa na ho paao mere tharraa jaae	0	0
chori chori le chala mai tumako tumse hi churake	0	0
duwa badduwa de, yeh mumkin nahee	0	0
but i want to dance and play but i want to dance and play 	0	0
chal kahi dur nikal jaye	0	0
tasavir dikhaun na ji na ji na ji	0	0
are haan us chor ki shakal hai gori, to kya hua	0	0
badalegi ek din ye hasti, chamakega ek din muqaddar	0	0
mohabbat mein itanaa, naa hum ko sataao	0	0
are jhute mute iske daant to dekho 	0	0
aaha badla zamana waha waha badla zamana	0	0
ye tino naam hai mere 	0	0
are bura hai jamana dekho ji	0	0
bade naasamajh ho ye kyaa chaahate ho	0	0
insaaf kaa mandir hai ye bhagavaan kaa ghar hai	0	0
patthar ki haveli ko shishe ke gharaudo me	0	0
madhur milan ka yeh sawan hatho se nikla jaye	0	0
sari duniya me sanam tu akela hi nahi	0	0
jise pyaar kahiye, vahi darmiyaan hai	0	0
o ni sultaanaa re pyaar kaa mausam aayaa	0	0
jor hai ha ha jor hai	0	0
kuchh toh hai karan, itne yugo se do premi nahi mile	0	0
hosh udane lage, tur jalne laga, jadugar baalma	0	0
sulane maut bhi aaye to mai keh dunga phir aana	0	0
are chaand taaro se chalna hai aage	0	0
chalata hai maharauli me par ghoda apana arabi hai	0	0
ki yaad meri dil tera tadapayegi 	0	0
chhup gaye ho to mujhe yaad kiya na karo	0	0
ye hai mal lutere lut gaye rishvat dekar chhut gaye	0	0
aap sa koi haseen, dilruba o dilnashi	0	0
mujhe dikha ke pyar bhare do naina bhole-bhole 	0	0
sabhi sahaare chhute hue 	0	0
akele hai chale aao jaha ho 	0	0
inhi me tumhari kahani milegi	0	0
haar meri jit bani prit bani	0	0
hamare bina roj ghabraayogee	0	0
jhum ke mausam aya hai rag-raliyo ka	0	0
lekin kab tak karunga tera intzar lekin kab tak karunga tera intzar	0	0
lagata hai jii tumako chaah ke	0	0
barshi huyi baahein hain makhmur nigaahein hai	0	0
samjhenge tumhe chaha hi nahi	0	0
tumhe yad hoga kabhi hum mile the	0	0
oo mere sajan kaisi ye dhadkan	0	0
yado ki barat nikali hai aaj dil ke dware dil ke dware	0	0
gaga aur jamuna ki gahari hai dhar	0	0
meri ye duniya hasin jannat hai tumase tumase	0	0
khaata hai koda bhi, rahta hai bhukha bhi	0	0
jhumke gaye dil zindagi humse hilmil	0	0
khidmat teri kaam de, shayad woh inaam de	0	0
kahe jora jori mera ghunghata utarte	0	0
tune kajal lagaya din me rat ho gai 	0	0
nain mile aur chain ganvaya bat purani phir bhi nai hai	0	0
dhul mai teri galiyan ki 	0	0
meri badanamiyo ka vafa nam hai	0	0
bas aaj ki raat hai zindagi, kal ham kahaan tum kahaan	0	0
kaho to tumhari hum champi kar de 	0	0
baat ye aa gayi, phir kisi baat mein	0	0
duniya waale ...	0	0
are svarg lok me ek hai indr, are prithvi kaare hai tin indr	0	0
chhe naye paiso ka purana ek aana	0	0
khilate hai	0	0
bhola bhala hain kintu 	0	0
gaalib ne kaha hai isiliye	0	0
umariya bali upar se deti hai gali	0	0
hum tum kisi roz paraye thhe	0	0
chand ke jaise chhupti aur nikalti thi	0	0
haan jahaan waale mohabbat karke	0	0
badal ke meri tum zidagaani	0	0
sabko allah ka ghar samjhe kabul ka banjara	0	0
aao mehanat ko apna iman banae	0	0
to kaise naa najar phisle	0	0
surat meri rup hai uska	0	0
haq se tumhe agar ha aage badhna hai to 	0	0
jivan ki ham sari rasmein tod chale	0	0
adaao me bahar ho, nigaho me khumar ho	0	0
gori gori gaanv ki gori re	0	0
tare sajaunga, tere ghar ke samane	0	0
mai teri duniya me ajanabi kahi aur manjil meri	0	0
 la la la la la, la la la la la	0	0
ret par dur se pani ka ghuma hota hai 	0	0
tere sar ki qasam tere gam se baabi mar jaaye	0	0
nav purani sar pe khada manjhadhar ho, haiyya re haiyya	0	0
mai aashiq to nahi, magar ai hasi	0	0
sagar ko bund bana denge jagi aasha ui	0	0
mere aankho se tu pi aur aise hi tu ji	0	0
is baat se ye na samajh lena ki mai tujhase mohabbat karati hun 	0	0
nahi vaqt ke saath jo chalte pichhe vo rah jaate hai	0	0
maine bhi badla hai, kya rang baaton hi baaton mein	0	0
aaye ga aaye ga ek chhail chhabila aaye ga	0	0
shayad meri shadi ka khayal	0	0
dhadakte dilo ka leke, ye karva	0	0
aur chauthi shart hai hamari ki didi ko tum sari kamayi doge	0	0
pairo men janjir bhi pad jati hai	0	0
nayi duniya me huyi nayi pehchaan	0	0
agaye zaval ye lajo nako, agaye zaval ye lajo nako	0	0
yun hee koi mil gaya tha	0	0
jadu bhari aankhe khwabo ke khazane	0	0
sar jhukaayaa hai	0	0
teri prit pe bada hame naaz hai mere sar ka tu hi re sartaj hai 	0	0
ye bechain ruhe tarasti hui	0	0
aiyo re pyar me jo na karna chaha	0	0
ham ko thaa pata jo tumhaari dastan thi	0	0
naino me sapana sapano me sajana 	0	0
sara din satate ho raato ko jagate ho 	0	0
pehale toh has hasake milati thi sab se	0	0
bira, bira, taratarataratara tararu	0	0
bindu tuhi jal ke, bindu tuhi jal ke 	0	0
jit na tu paega jo hoga dekha jaega	0	0
ab tak to jo bhi dost mile bevafaa mile 	0	0
kabhi bole na kabhi bole haan, teri adaaon ne maara	0	0
hum to chale pardes 	0	0
vote liya aur khisak gaya	0	0
javaani javaani jalti javaani	0	0
hayya hayya ha ha hayya hayya comeon yar	0	0
aisi ye mastani dole dole jaise daru ka ghada	0	0
mere jaise bhagyahin ko dega kaun dilasaa	0	0
tere kadmo me dil hai mera aa lag ja gale dilruba	0	0
aise bhi zamaane aaye the	0	0
jagmagaati jaagati, sadako pe aavaara phiru	0	0
mere tat pe aaj bhi gunje nanak kabir ki vaani 	0	0
bhul hai terii tu samjha hai 	0	0
reshami naqaab mein bahaar laayi huun	0	0
gulshan me gul khilte hai jab sehra me milte hai 	0	0
sachche premi sab milte hai, ab dekhe ham kab milte hai	0	0
hal hamara ajab hui gava re rama rama gajab hui gava re	0	0
o ham to kat jaayenge ab gaadi ke neeche	0	0
machle huye jazbat bat jara hone do 	0	0
yado ki baaraat nikali hai aaj dil ke dware	0	0
maan le baat ko, thaam le haath ko	0	0
ek do cha cha cha	0	0
baras padenge aasu ab dekhna	0	0
laharati bainya hain, aur yeh tal hai payal ki	0	0
bas dur hi se kar ke salam	0	0
hogi barbadi ye sochi thi ja, tauba tauba	0	0
bhul sabhi se hoti aayi kaun hai jisne na thokar khai 	0	0
dauda dauda dauda ghoda dum utha ke dauda	0	0
tumako hamadard jo paayaa to mujhe yaad aayaa	0	0
tu moti main maala maala laala	0	0
apne bimar-ae-gham ko dekh le ho sake to tu hamko dekh le	0	0
shahar ki raat aur main nashad-o-nakara phiru	0	0
kya pata maut hi pyar ki ho manzil	0	0
raam sab ko bachaaye is ulajhan se	0	0
hamari na mano ragrajava se puchho	0	0
kahi bhul se tu na samajh baithe ki mai tujhase mohabbat karata hun	0	0
raat ke aane pe na jaa	0	0
kaheen mar ke ho khaak bhee naa pareshaan	0	0
pataa ko_i puchhe to kahate hai ham	0	0
maangu chhota sa nazrana, haye itna lamba afsana	0	0
najarana dil ka	0	0
gam ka fasana ban gaya achchha	0	0
ji bhar ke ham mile ho jab mulaaqaat nahi koyi aisi	0	0
mit na	0	0
aankho aankho me hote hai gum	0	0
duniya aur ham dono sache kisko de ilzaam	0	0
aur duniya kahti happy birthday to you	0	0
pahle ye na jaana, tere baad ye jaana pyar me	0	0
kaisa jaadu phera o saajna	0	0
aise jiwansathi se mai kaise sath nibhau	0	0
hushn o mohabaat ka sangam jaha hai 	0	0
mai kahti hu tune mera dil le liya	0	0
e, kyaa program hai aaj raat kaa	0	0
tum log udaas rahna chaahte ho, nahi	0	0
kabhi na kabhi kahi na kahi koi na koi to aayega	0	0
aandhiyaan vo chali, aashiyaa lut gayaa, lut gayaa	0	0
chhota sa ghar hoga badlo ki chhanv me	0	0
vo din meri nigaaho me, vo yaade meri aaho me	0	0
disco disco disco disco disco diwane	0	0
aabad tujhse hain mera jahan 	0	0
soon ley hath chhudane se pehle, jan humaree	0	0
inhi baharo ke aanchal me thak ke so jayenge	0	0
ho ho aaha oho oho oho kismat me jinki milna hai	0	0
humka, ke humka 	0	0
ghananan megh-malhaar suna rimjhim ras barsa jaa	0	0
itna dhan kaise aaya, main bolun aise aaya	0	0
ab iske bhi haath kahi pile karavaaiyo	0	0
chal yar dhakka mar, chal chal chal mere sathi	0	0
paraai hun paraai meri aarzu na kar	0	0
dekho dulha chala hai shadi karne 	0	0
in aankho me na chhupana kabhi aansu najar aaye	0	0
ham chhod  chale hain mehfil ko	0	0
fan ye jaadugari ka hai, armaan tumko pari ka hai	0	0
to kaise naa najar phisle jind meriye	0	0
gadi bula rahi hai, siti baja rahi hai	0	0
ke dil ne kaha ham tumhaare huye, tumhaare huye	0	0
pyar ki bazi nekle dil ke arma sare	0	0
aate hai log, jaate hai log, paani ke jaise rele	0	0
yahaa se vahaa tak, hai chaaho ke saaye	0	0
par maskhare se dil mat lagana	0	0
jaaye kahee bhee magar ham sajna	0	0
naino se nain mile, naya sasar shuru	0	0
sajana pe dil aa gaya ke sajana pe dil aa gaya 	0	0
chhed ki bat pe araman machal ae hoge	0	0
zid ye jhuthi teri meri jaan leke jaaegi	0	0
o hoy jab tu chaman me aaye har guncha muskaraye	0	0
aao bachcho aaj tumhe ek kahani sunata hu main 	0	0
lahu jigar kaa dungaa hasi labo ki laali ko	0	0
krodh badhe, nafrat ghere, laalach ki aadat ghere	0	0
dil se jo dhadake hai vo dil haradam ye kahege	0	0
naina lad gaye bhole-bhale kaise dagabaaz se ho 	0	0
kaho ye gaalo ke angare kiske liye hai, kaho kaho	0	0
ho rut pyaar karan kee aayee 	0	0
sun baal brahmachari mai hu kanya kunwari	0	0
rahi amar nishaani balidaan ki	0	0
yeh bekhudee tune dee hai  tere pyaar ka ye nasha hai	0	0
kabhi roye to aap hi hans diye ham	0	0
paradesiyo se na ankhiya milana	0	0
utha tufan wo, utha tufan naach ke	0	0
aaye hain to kaam bhi bataayiye, na na	0	0
itni badi ish duniya ki, lambi akeli raho me	0	0
lahko me tu ek hi jane jigar hai	0	0
mohabbat chhod  di maine, mohabbat chhod  di maine	0	0
baho me teri, masti ke ghere masti ke ghere	0	0
o rahi aarzu sanam 	0	0
are kamare me bitha lo bijali kaa kya kam hai	0	0
dhire dhire jalane me kaisa hai maza	0	0
bistar pe litado gade ka kya kam hai	0	0
koi nahi mai, koi nahi mai, koi nahi mai tere sajan ki	0	0
sala mai to sahab ban gaya	0	0
rut pyaar karan kee aayee 	0	0
bachche man ke sachche	0	0
raadhaa kaa bhi	0	0
kya hota meri toba agar tu ladki hoti	0	0
do din me jag aise ghuma jaise ghuma lattu ho lattu	0	0
ruk ruk, ruk ruk, ruk ruk, ruk jana zara ruk jana 	0	0
vaqt ki paaband hai aati jaati raunake	0	0
dhak se lekin dhadak gaya dil gir gayi hath se lathi	0	0
koi dekh le tujhako ek najar 	0	0
ya allah, ya allah, dil le gaya	0	0
chunri bandh jaye teri mere rumal se	0	0
tere gesuo ka wo saya kaha wo baho ka teri sahar kaha	0	0
kaise vaqt me aa ke dil ko dil ki lagi bimaari 	0	0
ho tumko mujhse pyaar hai 	0	0
tu iss tarah se meri jindagi me shamil hai	0	0
kayamat aapke ashko ne dhaayi, aap kyo roye	0	0
mere saajna din aa gaye karar ke	0	0
ke rup ka nazaara le gaya le gaya 	0	0
aa	0	0
teri qismat me likha hai jite ji mar jana	0	0
ram kare kahi naina na uljhe	0	0
dekho dekho 	0	0
magar pyaar sharton pe tumne kiyaa	0	0
bheegi bheegi raat me dil ka daaman thaam le	0	0
hotho me dabi dabi, koi mithi baat hai	0	0
are, chhodo rani chhod o, yunhi ahe bharana	0	0
tere didar ki hasarat bhi koi laya hai	0	0
tum ko hamari umar lag jaye	0	0
aa laut ke aaja mere meet	0	0
na kapda shandar na silayi shandar	0	0
oo de tana dir dir tana dir dir dir dir dum dir dir dir	0	0
sa re ga ma pa ma ga re sa gaao	0	0
dharti se aakhash hai kitni dur	0	0
aao chale ham ek sath vaha	0	0
pyar hi me kho gaya yeh jindgi usi ki hain	0	0
tu balkhati ek nadiya, har mauj teri angdai	0	0
khel khel me shor, shor, shor, bhul gaye	0	0
babul ke nagar chali jaungi agar nahi aaungi palat ke sun	0	0
meri raato ke muqaddar me sahar hai ke nahi	0	0
kuchh aur nahi hai jaam hai ye	0	0
ghar ke andar jaa kar phir jab maine khola baksa	0	0
hay hay humka hotel	0	0
huzurevaala, jo ho ijaazat	0	0
sasu ji meri hai mamata ki murat 	0	0
ho rama ho, ho rama ho	0	0
sundar se sundar har ik rachana	0	0
yaha se waha tak jaane me, waha se yaha tak aane me 	0	0
ke dil dil mile jaha me kabhu kabhu	0	0
hum ko kitne tajmhal hai or banae 	0	0
jamaana yehi kehata hai	0	0
jab ham mile the piya, tum kitne naadaan the 	0	0
haya ka rang nigaho pe, phir bhi chhaya hai	0	0
ghane jangalo se guzarata hua kahi ja raha tha 	0	0
wo jafa kare mai wafa karu	0	0
wo jawaani jawaani nahi	0	0
aag aur pani ka sangam ho to kya anjam ho, aha aa ha aha	0	0
o rangila re	0	0
i dont know what you say i dont know what you say	0	0
aankho me chand banke ubharna	0	0
atyaachaar ki havaa se ladane lagaa	0	0
vado pe inake na jana 	0	0
gol mol nanhne mune ankhiyo ke tare	0	0
dard sah ke janm leta	0	0
i am a disco dancer	0	0
chand ne kaha, chandni ki kasam, nahi nahi nahi	0	0
aankho me sari rat jayegi, tumko bhi kaise nind aayegi	0	0
mai ang apne jisako sajau usaka nasib khil jaye	0	0
ghar me ho mushkil to daftar le chalo	0	0
dil se dil mil gaye, mil ke yu khil gaye	0	0
prem ka sabak padhao english mein kaise karte hai	0	0
hai prit jaha ki rit sada	0	0
o daaroga baabu bolo, jara darwajja toh kholo	0	0
haatho me pehna ke chudiya 	0	0
tujhe chaand ke bahaane dekhu 	0	0
kho baithe the log jinhe	0	0
pag dole dil yu bole, tera hoke raha shikaar re	0	0
zindagi hai ek safar kaun jane kal kidhar	0	0
sab ko phulo ki mala pahnata hu mai, muskurata hu mai	0	0
akela mai rah na sakunga	0	0
dha dha kete dha dha dha kete dha dha keta dha keta	0	0
meraa jivan kora kagaj kora hee reh gaya 	0	0
har baar tumhi tum aan base	0	0
	0	0
